dataset,generating_model,attribution_method,judging_model,fill_strategy,occlusion_level,mean_accuracy
imagenet,independent,dino+u2net_sum,mobilenet_v2,black,0.0,0.801
imagenet,independent,dino+u2net_sum,mobilenet_v2,black,5.0,0.79
imagenet,independent,dino+u2net_sum,mobilenet_v2,black,10.0,0.78
imagenet,independent,dino+u2net_sum,mobilenet_v2,black,15.0,0.774
imagenet,independent,dino+u2net_sum,mobilenet_v2,black,20.0,0.767
imagenet,independent,dino+u2net_sum,mobilenet_v2,black,25.0,0.765
imagenet,independent,dino+u2net_sum,mobilenet_v2,black,30.0,0.76
imagenet,independent,dino+u2net_sum,mobilenet_v2,black,35.0,0.756
imagenet,independent,dino+u2net_sum,mobilenet_v2,black,40.0,0.755
imagenet,independent,dino+u2net_sum,mobilenet_v2,black,45.0,0.72
imagenet,independent,dino+u2net_sum,mobilenet_v2,black,50.0,0.7
imagenet,independent,dino+u2net_sum,mobilenet_v2,black,55.0,0.697
imagenet,independent,dino+u2net_sum,mobilenet_v2,black,60.0,0.672
imagenet,independent,dino+u2net_sum,mobilenet_v2,black,65.0,0.636
imagenet,independent,dino+u2net_sum,mobilenet_v2,black,70.0,0.601
imagenet,independent,dino+u2net_sum,mobilenet_v2,black,75.0,0.56
imagenet,independent,dino+u2net_sum,mobilenet_v2,black,80.0,0.466
imagenet,independent,dino+u2net_sum,mobilenet_v2,black,85.0,0.354
imagenet,independent,dino+u2net_sum,mobilenet_v2,black,90.0,0.236
imagenet,independent,dino+u2net_sum,mobilenet_v2,black,95.0,0.085
imagenet,independent,dino+u2net_sum,mobilenet_v2,black,100.0,0.001
imagenet,independent,dino+u2net_sum,mobilenet_v2,blur,0.0,0.801
imagenet,independent,dino+u2net_sum,mobilenet_v2,blur,5.0,0.798
imagenet,independent,dino+u2net_sum,mobilenet_v2,blur,10.0,0.788
imagenet,independent,dino+u2net_sum,mobilenet_v2,blur,15.0,0.781
imagenet,independent,dino+u2net_sum,mobilenet_v2,blur,20.0,0.778
imagenet,independent,dino+u2net_sum,mobilenet_v2,blur,25.0,0.77
imagenet,independent,dino+u2net_sum,mobilenet_v2,blur,30.0,0.762
imagenet,independent,dino+u2net_sum,mobilenet_v2,blur,35.0,0.758
imagenet,independent,dino+u2net_sum,mobilenet_v2,blur,40.0,0.737
imagenet,independent,dino+u2net_sum,mobilenet_v2,blur,45.0,0.725
imagenet,independent,dino+u2net_sum,mobilenet_v2,blur,50.0,0.707
imagenet,independent,dino+u2net_sum,mobilenet_v2,blur,55.0,0.698
imagenet,independent,dino+u2net_sum,mobilenet_v2,blur,60.0,0.668
imagenet,independent,dino+u2net_sum,mobilenet_v2,blur,65.0,0.637
imagenet,independent,dino+u2net_sum,mobilenet_v2,blur,70.0,0.598
imagenet,independent,dino+u2net_sum,mobilenet_v2,blur,75.0,0.55
imagenet,independent,dino+u2net_sum,mobilenet_v2,blur,80.0,0.475
imagenet,independent,dino+u2net_sum,mobilenet_v2,blur,85.0,0.368
imagenet,independent,dino+u2net_sum,mobilenet_v2,blur,90.0,0.229
imagenet,independent,dino+u2net_sum,mobilenet_v2,blur,95.0,0.117
imagenet,independent,dino+u2net_sum,mobilenet_v2,blur,100.0,0.056
imagenet,independent,dino+u2net_sum,mobilenet_v2,gray,0.0,0.801
imagenet,independent,dino+u2net_sum,mobilenet_v2,gray,5.0,0.79
imagenet,independent,dino+u2net_sum,mobilenet_v2,gray,10.0,0.783
imagenet,independent,dino+u2net_sum,mobilenet_v2,gray,15.0,0.772
imagenet,independent,dino+u2net_sum,mobilenet_v2,gray,20.0,0.767
imagenet,independent,dino+u2net_sum,mobilenet_v2,gray,25.0,0.771
imagenet,independent,dino+u2net_sum,mobilenet_v2,gray,30.0,0.771
imagenet,independent,dino+u2net_sum,mobilenet_v2,gray,35.0,0.76
imagenet,independent,dino+u2net_sum,mobilenet_v2,gray,40.0,0.757
imagenet,independent,dino+u2net_sum,mobilenet_v2,gray,45.0,0.746
imagenet,independent,dino+u2net_sum,mobilenet_v2,gray,50.0,0.723
imagenet,independent,dino+u2net_sum,mobilenet_v2,gray,55.0,0.719
imagenet,independent,dino+u2net_sum,mobilenet_v2,gray,60.0,0.69
imagenet,independent,dino+u2net_sum,mobilenet_v2,gray,65.0,0.664
imagenet,independent,dino+u2net_sum,mobilenet_v2,gray,70.0,0.631
imagenet,independent,dino+u2net_sum,mobilenet_v2,gray,75.0,0.586
imagenet,independent,dino+u2net_sum,mobilenet_v2,gray,80.0,0.52
imagenet,independent,dino+u2net_sum,mobilenet_v2,gray,85.0,0.415
imagenet,independent,dino+u2net_sum,mobilenet_v2,gray,90.0,0.306
imagenet,independent,dino+u2net_sum,mobilenet_v2,gray,95.0,0.13
imagenet,independent,dino+u2net_sum,mobilenet_v2,gray,100.0,0.001
imagenet,independent,dino+u2net_sum,mobilenet_v2,mean,0.0,0.801
imagenet,independent,dino+u2net_sum,mobilenet_v2,mean,5.0,0.792
imagenet,independent,dino+u2net_sum,mobilenet_v2,mean,10.0,0.787
imagenet,independent,dino+u2net_sum,mobilenet_v2,mean,15.0,0.782
imagenet,independent,dino+u2net_sum,mobilenet_v2,mean,20.0,0.773
imagenet,independent,dino+u2net_sum,mobilenet_v2,mean,25.0,0.775
imagenet,independent,dino+u2net_sum,mobilenet_v2,mean,30.0,0.772
imagenet,independent,dino+u2net_sum,mobilenet_v2,mean,35.0,0.765
imagenet,independent,dino+u2net_sum,mobilenet_v2,mean,40.0,0.764
imagenet,independent,dino+u2net_sum,mobilenet_v2,mean,45.0,0.755
imagenet,independent,dino+u2net_sum,mobilenet_v2,mean,50.0,0.732
imagenet,independent,dino+u2net_sum,mobilenet_v2,mean,55.0,0.722
imagenet,independent,dino+u2net_sum,mobilenet_v2,mean,60.0,0.702
imagenet,independent,dino+u2net_sum,mobilenet_v2,mean,65.0,0.674
imagenet,independent,dino+u2net_sum,mobilenet_v2,mean,70.0,0.637
imagenet,independent,dino+u2net_sum,mobilenet_v2,mean,75.0,0.59
imagenet,independent,dino+u2net_sum,mobilenet_v2,mean,80.0,0.53
imagenet,independent,dino+u2net_sum,mobilenet_v2,mean,85.0,0.408
imagenet,independent,dino+u2net_sum,mobilenet_v2,mean,90.0,0.294
imagenet,independent,dino+u2net_sum,mobilenet_v2,mean,95.0,0.117
imagenet,independent,dino+u2net_sum,mobilenet_v2,mean,100.0,0.003
imagenet,independent,dino+u2net_sum,mobilenet_v2,random_noise,0.0,0.801
imagenet,independent,dino+u2net_sum,mobilenet_v2,random_noise,5.0,0.785
imagenet,independent,dino+u2net_sum,mobilenet_v2,random_noise,10.0,0.774
imagenet,independent,dino+u2net_sum,mobilenet_v2,random_noise,15.0,0.757
imagenet,independent,dino+u2net_sum,mobilenet_v2,random_noise,20.0,0.745
imagenet,independent,dino+u2net_sum,mobilenet_v2,random_noise,25.0,0.747
imagenet,independent,dino+u2net_sum,mobilenet_v2,random_noise,30.0,0.73
imagenet,independent,dino+u2net_sum,mobilenet_v2,random_noise,35.0,0.711
imagenet,independent,dino+u2net_sum,mobilenet_v2,random_noise,40.0,0.702
imagenet,independent,dino+u2net_sum,mobilenet_v2,random_noise,45.0,0.671
imagenet,independent,dino+u2net_sum,mobilenet_v2,random_noise,50.0,0.656
imagenet,independent,dino+u2net_sum,mobilenet_v2,random_noise,55.0,0.642
imagenet,independent,dino+u2net_sum,mobilenet_v2,random_noise,60.0,0.602
imagenet,independent,dino+u2net_sum,mobilenet_v2,random_noise,65.0,0.569
imagenet,independent,dino+u2net_sum,mobilenet_v2,random_noise,70.0,0.529
imagenet,independent,dino+u2net_sum,mobilenet_v2,random_noise,75.0,0.463
imagenet,independent,dino+u2net_sum,mobilenet_v2,random_noise,80.0,0.364
imagenet,independent,dino+u2net_sum,mobilenet_v2,random_noise,85.0,0.241
imagenet,independent,dino+u2net_sum,mobilenet_v2,random_noise,90.0,0.129
imagenet,independent,dino+u2net_sum,mobilenet_v2,random_noise,95.0,0.048
imagenet,independent,dino+u2net_sum,mobilenet_v2,random_noise,100.0,0.001
imagenet,independent,dino+u2net_sum,mobilenet_v2,white,0.0,0.801
imagenet,independent,dino+u2net_sum,mobilenet_v2,white,5.0,0.779
imagenet,independent,dino+u2net_sum,mobilenet_v2,white,10.0,0.769
imagenet,independent,dino+u2net_sum,mobilenet_v2,white,15.0,0.757
imagenet,independent,dino+u2net_sum,mobilenet_v2,white,20.0,0.752
imagenet,independent,dino+u2net_sum,mobilenet_v2,white,25.0,0.749
imagenet,independent,dino+u2net_sum,mobilenet_v2,white,30.0,0.739
imagenet,independent,dino+u2net_sum,mobilenet_v2,white,35.0,0.738
imagenet,independent,dino+u2net_sum,mobilenet_v2,white,40.0,0.722
imagenet,independent,dino+u2net_sum,mobilenet_v2,white,45.0,0.705
imagenet,independent,dino+u2net_sum,mobilenet_v2,white,50.0,0.687
imagenet,independent,dino+u2net_sum,mobilenet_v2,white,55.0,0.676
imagenet,independent,dino+u2net_sum,mobilenet_v2,white,60.0,0.653
imagenet,independent,dino+u2net_sum,mobilenet_v2,white,65.0,0.609
imagenet,independent,dino+u2net_sum,mobilenet_v2,white,70.0,0.555
imagenet,independent,dino+u2net_sum,mobilenet_v2,white,75.0,0.521
imagenet,independent,dino+u2net_sum,mobilenet_v2,white,80.0,0.436
imagenet,independent,dino+u2net_sum,mobilenet_v2,white,85.0,0.336
imagenet,independent,dino+u2net_sum,mobilenet_v2,white,90.0,0.205
imagenet,independent,dino+u2net_sum,mobilenet_v2,white,95.0,0.068
imagenet,independent,dino+u2net_sum,mobilenet_v2,white,100.0,0.001
imagenet,independent,dino+u2net_sum,resnet50,black,0.0,0.92
imagenet,independent,dino+u2net_sum,resnet50,black,5.0,0.917
imagenet,independent,dino+u2net_sum,resnet50,black,10.0,0.918
imagenet,independent,dino+u2net_sum,resnet50,black,15.0,0.914
imagenet,independent,dino+u2net_sum,resnet50,black,20.0,0.906
imagenet,independent,dino+u2net_sum,resnet50,black,25.0,0.898
imagenet,independent,dino+u2net_sum,resnet50,black,30.0,0.902
imagenet,independent,dino+u2net_sum,resnet50,black,35.0,0.892
imagenet,independent,dino+u2net_sum,resnet50,black,40.0,0.888
imagenet,independent,dino+u2net_sum,resnet50,black,45.0,0.878
imagenet,independent,dino+u2net_sum,resnet50,black,50.0,0.859
imagenet,independent,dino+u2net_sum,resnet50,black,55.0,0.851
imagenet,independent,dino+u2net_sum,resnet50,black,60.0,0.839
imagenet,independent,dino+u2net_sum,resnet50,black,65.0,0.807
imagenet,independent,dino+u2net_sum,resnet50,black,70.0,0.776
imagenet,independent,dino+u2net_sum,resnet50,black,75.0,0.736
imagenet,independent,dino+u2net_sum,resnet50,black,80.0,0.659
imagenet,independent,dino+u2net_sum,resnet50,black,85.0,0.509
imagenet,independent,dino+u2net_sum,resnet50,black,90.0,0.354
imagenet,independent,dino+u2net_sum,resnet50,black,95.0,0.117
imagenet,independent,dino+u2net_sum,resnet50,black,100.0,0.001
imagenet,independent,dino+u2net_sum,resnet50,blur,0.0,0.92
imagenet,independent,dino+u2net_sum,resnet50,blur,5.0,0.921
imagenet,independent,dino+u2net_sum,resnet50,blur,10.0,0.917
imagenet,independent,dino+u2net_sum,resnet50,blur,15.0,0.914
imagenet,independent,dino+u2net_sum,resnet50,blur,20.0,0.913
imagenet,independent,dino+u2net_sum,resnet50,blur,25.0,0.906
imagenet,independent,dino+u2net_sum,resnet50,blur,30.0,0.902
imagenet,independent,dino+u2net_sum,resnet50,blur,35.0,0.902
imagenet,independent,dino+u2net_sum,resnet50,blur,40.0,0.893
imagenet,independent,dino+u2net_sum,resnet50,blur,45.0,0.891
imagenet,independent,dino+u2net_sum,resnet50,blur,50.0,0.883
imagenet,independent,dino+u2net_sum,resnet50,blur,55.0,0.865
imagenet,independent,dino+u2net_sum,resnet50,blur,60.0,0.844
imagenet,independent,dino+u2net_sum,resnet50,blur,65.0,0.817
imagenet,independent,dino+u2net_sum,resnet50,blur,70.0,0.799
imagenet,independent,dino+u2net_sum,resnet50,blur,75.0,0.759
imagenet,independent,dino+u2net_sum,resnet50,blur,80.0,0.701
imagenet,independent,dino+u2net_sum,resnet50,blur,85.0,0.6
imagenet,independent,dino+u2net_sum,resnet50,blur,90.0,0.444
imagenet,independent,dino+u2net_sum,resnet50,blur,95.0,0.26
imagenet,independent,dino+u2net_sum,resnet50,blur,100.0,0.163
imagenet,independent,dino+u2net_sum,resnet50,gray,0.0,0.92
imagenet,independent,dino+u2net_sum,resnet50,gray,5.0,0.918
imagenet,independent,dino+u2net_sum,resnet50,gray,10.0,0.911
imagenet,independent,dino+u2net_sum,resnet50,gray,15.0,0.908
imagenet,independent,dino+u2net_sum,resnet50,gray,20.0,0.902
imagenet,independent,dino+u2net_sum,resnet50,gray,25.0,0.901
imagenet,independent,dino+u2net_sum,resnet50,gray,30.0,0.895
imagenet,independent,dino+u2net_sum,resnet50,gray,35.0,0.879
imagenet,independent,dino+u2net_sum,resnet50,gray,40.0,0.88
imagenet,independent,dino+u2net_sum,resnet50,gray,45.0,0.866
imagenet,independent,dino+u2net_sum,resnet50,gray,50.0,0.848
imagenet,independent,dino+u2net_sum,resnet50,gray,55.0,0.835
imagenet,independent,dino+u2net_sum,resnet50,gray,60.0,0.817
imagenet,independent,dino+u2net_sum,resnet50,gray,65.0,0.798
imagenet,independent,dino+u2net_sum,resnet50,gray,70.0,0.766
imagenet,independent,dino+u2net_sum,resnet50,gray,75.0,0.722
imagenet,independent,dino+u2net_sum,resnet50,gray,80.0,0.666
imagenet,independent,dino+u2net_sum,resnet50,gray,85.0,0.565
imagenet,independent,dino+u2net_sum,resnet50,gray,90.0,0.429
imagenet,independent,dino+u2net_sum,resnet50,gray,95.0,0.192
imagenet,independent,dino+u2net_sum,resnet50,gray,100.0,0.001
imagenet,independent,dino+u2net_sum,resnet50,mean,0.0,0.92
imagenet,independent,dino+u2net_sum,resnet50,mean,5.0,0.924
imagenet,independent,dino+u2net_sum,resnet50,mean,10.0,0.916
imagenet,independent,dino+u2net_sum,resnet50,mean,15.0,0.914
imagenet,independent,dino+u2net_sum,resnet50,mean,20.0,0.906
imagenet,independent,dino+u2net_sum,resnet50,mean,25.0,0.904
imagenet,independent,dino+u2net_sum,resnet50,mean,30.0,0.897
imagenet,independent,dino+u2net_sum,resnet50,mean,35.0,0.894
imagenet,independent,dino+u2net_sum,resnet50,mean,40.0,0.89
imagenet,independent,dino+u2net_sum,resnet50,mean,45.0,0.883
imagenet,independent,dino+u2net_sum,resnet50,mean,50.0,0.871
imagenet,independent,dino+u2net_sum,resnet50,mean,55.0,0.859
imagenet,independent,dino+u2net_sum,resnet50,mean,60.0,0.838
imagenet,independent,dino+u2net_sum,resnet50,mean,65.0,0.818
imagenet,independent,dino+u2net_sum,resnet50,mean,70.0,0.776
imagenet,independent,dino+u2net_sum,resnet50,mean,75.0,0.74
imagenet,independent,dino+u2net_sum,resnet50,mean,80.0,0.689
imagenet,independent,dino+u2net_sum,resnet50,mean,85.0,0.58
imagenet,independent,dino+u2net_sum,resnet50,mean,90.0,0.415
imagenet,independent,dino+u2net_sum,resnet50,mean,95.0,0.197
imagenet,independent,dino+u2net_sum,resnet50,mean,100.0,0.006
imagenet,independent,dino+u2net_sum,resnet50,random_noise,0.0,0.92
imagenet,independent,dino+u2net_sum,resnet50,random_noise,5.0,0.92
imagenet,independent,dino+u2net_sum,resnet50,random_noise,10.0,0.907
imagenet,independent,dino+u2net_sum,resnet50,random_noise,15.0,0.908
imagenet,independent,dino+u2net_sum,resnet50,random_noise,20.0,0.896
imagenet,independent,dino+u2net_sum,resnet50,random_noise,25.0,0.88
imagenet,independent,dino+u2net_sum,resnet50,random_noise,30.0,0.875
imagenet,independent,dino+u2net_sum,resnet50,random_noise,35.0,0.859
imagenet,independent,dino+u2net_sum,resnet50,random_noise,40.0,0.851
imagenet,independent,dino+u2net_sum,resnet50,random_noise,45.0,0.845
imagenet,independent,dino+u2net_sum,resnet50,random_noise,50.0,0.824
imagenet,independent,dino+u2net_sum,resnet50,random_noise,55.0,0.796
imagenet,independent,dino+u2net_sum,resnet50,random_noise,60.0,0.772
imagenet,independent,dino+u2net_sum,resnet50,random_noise,65.0,0.749
imagenet,independent,dino+u2net_sum,resnet50,random_noise,70.0,0.717
imagenet,independent,dino+u2net_sum,resnet50,random_noise,75.0,0.668
imagenet,independent,dino+u2net_sum,resnet50,random_noise,80.0,0.59
imagenet,independent,dino+u2net_sum,resnet50,random_noise,85.0,0.445
imagenet,independent,dino+u2net_sum,resnet50,random_noise,90.0,0.256
imagenet,independent,dino+u2net_sum,resnet50,random_noise,95.0,0.084
imagenet,independent,dino+u2net_sum,resnet50,random_noise,100.0,0.001
imagenet,independent,dino+u2net_sum,resnet50,white,0.0,0.92
imagenet,independent,dino+u2net_sum,resnet50,white,5.0,0.915
imagenet,independent,dino+u2net_sum,resnet50,white,10.0,0.907
imagenet,independent,dino+u2net_sum,resnet50,white,15.0,0.893
imagenet,independent,dino+u2net_sum,resnet50,white,20.0,0.893
imagenet,independent,dino+u2net_sum,resnet50,white,25.0,0.882
imagenet,independent,dino+u2net_sum,resnet50,white,30.0,0.883
imagenet,independent,dino+u2net_sum,resnet50,white,35.0,0.866
imagenet,independent,dino+u2net_sum,resnet50,white,40.0,0.86
imagenet,independent,dino+u2net_sum,resnet50,white,45.0,0.846
imagenet,independent,dino+u2net_sum,resnet50,white,50.0,0.827
imagenet,independent,dino+u2net_sum,resnet50,white,55.0,0.811
imagenet,independent,dino+u2net_sum,resnet50,white,60.0,0.788
imagenet,independent,dino+u2net_sum,resnet50,white,65.0,0.767
imagenet,independent,dino+u2net_sum,resnet50,white,70.0,0.721
imagenet,independent,dino+u2net_sum,resnet50,white,75.0,0.682
imagenet,independent,dino+u2net_sum,resnet50,white,80.0,0.587
imagenet,independent,dino+u2net_sum,resnet50,white,85.0,0.467
imagenet,independent,dino+u2net_sum,resnet50,white,90.0,0.301
imagenet,independent,dino+u2net_sum,resnet50,white,95.0,0.102
imagenet,independent,dino+u2net_sum,resnet50,white,100.0,0.001
imagenet,independent,dino+u2net_sum,vgg16,black,0.0,0.818
imagenet,independent,dino+u2net_sum,vgg16,black,5.0,0.712
imagenet,independent,dino+u2net_sum,vgg16,black,10.0,0.683
imagenet,independent,dino+u2net_sum,vgg16,black,15.0,0.647
imagenet,independent,dino+u2net_sum,vgg16,black,20.0,0.62
imagenet,independent,dino+u2net_sum,vgg16,black,25.0,0.599
imagenet,independent,dino+u2net_sum,vgg16,black,30.0,0.557
imagenet,independent,dino+u2net_sum,vgg16,black,35.0,0.548
imagenet,independent,dino+u2net_sum,vgg16,black,40.0,0.519
imagenet,independent,dino+u2net_sum,vgg16,black,45.0,0.498
imagenet,independent,dino+u2net_sum,vgg16,black,50.0,0.483
imagenet,independent,dino+u2net_sum,vgg16,black,55.0,0.44
imagenet,independent,dino+u2net_sum,vgg16,black,60.0,0.413
imagenet,independent,dino+u2net_sum,vgg16,black,65.0,0.378
imagenet,independent,dino+u2net_sum,vgg16,black,70.0,0.325
imagenet,independent,dino+u2net_sum,vgg16,black,75.0,0.243
imagenet,independent,dino+u2net_sum,vgg16,black,80.0,0.184
imagenet,independent,dino+u2net_sum,vgg16,black,85.0,0.121
imagenet,independent,dino+u2net_sum,vgg16,black,90.0,0.059
imagenet,independent,dino+u2net_sum,vgg16,black,95.0,0.02
imagenet,independent,dino+u2net_sum,vgg16,black,100.0,0.001
imagenet,independent,dino+u2net_sum,vgg16,blur,0.0,0.818
imagenet,independent,dino+u2net_sum,vgg16,blur,5.0,0.815
imagenet,independent,dino+u2net_sum,vgg16,blur,10.0,0.811
imagenet,independent,dino+u2net_sum,vgg16,blur,15.0,0.812
imagenet,independent,dino+u2net_sum,vgg16,blur,20.0,0.797
imagenet,independent,dino+u2net_sum,vgg16,blur,25.0,0.792
imagenet,independent,dino+u2net_sum,vgg16,blur,30.0,0.771
imagenet,independent,dino+u2net_sum,vgg16,blur,35.0,0.762
imagenet,independent,dino+u2net_sum,vgg16,blur,40.0,0.738
imagenet,independent,dino+u2net_sum,vgg16,blur,45.0,0.733
imagenet,independent,dino+u2net_sum,vgg16,blur,50.0,0.712
imagenet,independent,dino+u2net_sum,vgg16,blur,55.0,0.696
imagenet,independent,dino+u2net_sum,vgg16,blur,60.0,0.655
imagenet,independent,dino+u2net_sum,vgg16,blur,65.0,0.613
imagenet,independent,dino+u2net_sum,vgg16,blur,70.0,0.585
imagenet,independent,dino+u2net_sum,vgg16,blur,75.0,0.529
imagenet,independent,dino+u2net_sum,vgg16,blur,80.0,0.43
imagenet,independent,dino+u2net_sum,vgg16,blur,85.0,0.317
imagenet,independent,dino+u2net_sum,vgg16,blur,90.0,0.19
imagenet,independent,dino+u2net_sum,vgg16,blur,95.0,0.09
imagenet,independent,dino+u2net_sum,vgg16,blur,100.0,0.034
imagenet,independent,dino+u2net_sum,vgg16,gray,0.0,0.818
imagenet,independent,dino+u2net_sum,vgg16,gray,5.0,0.791
imagenet,independent,dino+u2net_sum,vgg16,gray,10.0,0.75
imagenet,independent,dino+u2net_sum,vgg16,gray,15.0,0.735
imagenet,independent,dino+u2net_sum,vgg16,gray,20.0,0.716
imagenet,independent,dino+u2net_sum,vgg16,gray,25.0,0.669
imagenet,independent,dino+u2net_sum,vgg16,gray,30.0,0.659
imagenet,independent,dino+u2net_sum,vgg16,gray,35.0,0.641
imagenet,independent,dino+u2net_sum,vgg16,gray,40.0,0.633
imagenet,independent,dino+u2net_sum,vgg16,gray,45.0,0.603
imagenet,independent,dino+u2net_sum,vgg16,gray,50.0,0.581
imagenet,independent,dino+u2net_sum,vgg16,gray,55.0,0.557
imagenet,independent,dino+u2net_sum,vgg16,gray,60.0,0.519
imagenet,independent,dino+u2net_sum,vgg16,gray,65.0,0.491
imagenet,independent,dino+u2net_sum,vgg16,gray,70.0,0.451
imagenet,independent,dino+u2net_sum,vgg16,gray,75.0,0.382
imagenet,independent,dino+u2net_sum,vgg16,gray,80.0,0.293
imagenet,independent,dino+u2net_sum,vgg16,gray,85.0,0.192
imagenet,independent,dino+u2net_sum,vgg16,gray,90.0,0.093
imagenet,independent,dino+u2net_sum,vgg16,gray,95.0,0.033
imagenet,independent,dino+u2net_sum,vgg16,gray,100.0,0.001
imagenet,independent,dino+u2net_sum,vgg16,mean,0.0,0.818
imagenet,independent,dino+u2net_sum,vgg16,mean,5.0,0.794
imagenet,independent,dino+u2net_sum,vgg16,mean,10.0,0.779
imagenet,independent,dino+u2net_sum,vgg16,mean,15.0,0.767
imagenet,independent,dino+u2net_sum,vgg16,mean,20.0,0.742
imagenet,independent,dino+u2net_sum,vgg16,mean,25.0,0.72
imagenet,independent,dino+u2net_sum,vgg16,mean,30.0,0.7
imagenet,independent,dino+u2net_sum,vgg16,mean,35.0,0.682
imagenet,independent,dino+u2net_sum,vgg16,mean,40.0,0.673
imagenet,independent,dino+u2net_sum,vgg16,mean,45.0,0.654
imagenet,independent,dino+u2net_sum,vgg16,mean,50.0,0.637
imagenet,independent,dino+u2net_sum,vgg16,mean,55.0,0.608
imagenet,independent,dino+u2net_sum,vgg16,mean,60.0,0.567
imagenet,independent,dino+u2net_sum,vgg16,mean,65.0,0.527
imagenet,independent,dino+u2net_sum,vgg16,mean,70.0,0.48
imagenet,independent,dino+u2net_sum,vgg16,mean,75.0,0.408
imagenet,independent,dino+u2net_sum,vgg16,mean,80.0,0.308
imagenet,independent,dino+u2net_sum,vgg16,mean,85.0,0.213
imagenet,independent,dino+u2net_sum,vgg16,mean,90.0,0.119
imagenet,independent,dino+u2net_sum,vgg16,mean,95.0,0.042
imagenet,independent,dino+u2net_sum,vgg16,mean,100.0,0.002
imagenet,independent,dino+u2net_sum,vgg16,random_noise,0.0,0.818
imagenet,independent,dino+u2net_sum,vgg16,random_noise,5.0,0.789
imagenet,independent,dino+u2net_sum,vgg16,random_noise,10.0,0.756
imagenet,independent,dino+u2net_sum,vgg16,random_noise,15.0,0.733
imagenet,independent,dino+u2net_sum,vgg16,random_noise,20.0,0.714
imagenet,independent,dino+u2net_sum,vgg16,random_noise,25.0,0.686
imagenet,independent,dino+u2net_sum,vgg16,random_noise,30.0,0.666
imagenet,independent,dino+u2net_sum,vgg16,random_noise,35.0,0.648
imagenet,independent,dino+u2net_sum,vgg16,random_noise,40.0,0.641
imagenet,independent,dino+u2net_sum,vgg16,random_noise,45.0,0.616
imagenet,independent,dino+u2net_sum,vgg16,random_noise,50.0,0.606
imagenet,independent,dino+u2net_sum,vgg16,random_noise,55.0,0.568
imagenet,independent,dino+u2net_sum,vgg16,random_noise,60.0,0.535
imagenet,independent,dino+u2net_sum,vgg16,random_noise,65.0,0.509
imagenet,independent,dino+u2net_sum,vgg16,random_noise,70.0,0.459
imagenet,independent,dino+u2net_sum,vgg16,random_noise,75.0,0.392
imagenet,independent,dino+u2net_sum,vgg16,random_noise,80.0,0.302
imagenet,independent,dino+u2net_sum,vgg16,random_noise,85.0,0.195
imagenet,independent,dino+u2net_sum,vgg16,random_noise,90.0,0.11
imagenet,independent,dino+u2net_sum,vgg16,random_noise,95.0,0.04
imagenet,independent,dino+u2net_sum,vgg16,random_noise,100.0,0.001
imagenet,independent,dino+u2net_sum,vgg16,white,0.0,0.818
imagenet,independent,dino+u2net_sum,vgg16,white,5.0,0.756
imagenet,independent,dino+u2net_sum,vgg16,white,10.0,0.717
imagenet,independent,dino+u2net_sum,vgg16,white,15.0,0.692
imagenet,independent,dino+u2net_sum,vgg16,white,20.0,0.656
imagenet,independent,dino+u2net_sum,vgg16,white,25.0,0.617
imagenet,independent,dino+u2net_sum,vgg16,white,30.0,0.605
imagenet,independent,dino+u2net_sum,vgg16,white,35.0,0.574
imagenet,independent,dino+u2net_sum,vgg16,white,40.0,0.571
imagenet,independent,dino+u2net_sum,vgg16,white,45.0,0.541
imagenet,independent,dino+u2net_sum,vgg16,white,50.0,0.515
imagenet,independent,dino+u2net_sum,vgg16,white,55.0,0.51
imagenet,independent,dino+u2net_sum,vgg16,white,60.0,0.484
imagenet,independent,dino+u2net_sum,vgg16,white,65.0,0.431
imagenet,independent,dino+u2net_sum,vgg16,white,70.0,0.389
imagenet,independent,dino+u2net_sum,vgg16,white,75.0,0.303
imagenet,independent,dino+u2net_sum,vgg16,white,80.0,0.219
imagenet,independent,dino+u2net_sum,vgg16,white,85.0,0.129
imagenet,independent,dino+u2net_sum,vgg16,white,90.0,0.06
imagenet,independent,dino+u2net_sum,vgg16,white,95.0,0.022
imagenet,independent,dino+u2net_sum,vgg16,white,100.0,0.001
imagenet,independent,dino448,mobilenet_v2,black,0.0,0.801
imagenet,independent,dino448,mobilenet_v2,black,5.0,0.786
imagenet,independent,dino448,mobilenet_v2,black,10.0,0.788
imagenet,independent,dino448,mobilenet_v2,black,15.0,0.782
imagenet,independent,dino448,mobilenet_v2,black,20.0,0.78
imagenet,independent,dino448,mobilenet_v2,black,25.0,0.767
imagenet,independent,dino448,mobilenet_v2,black,30.0,0.764
imagenet,independent,dino448,mobilenet_v2,black,35.0,0.765
imagenet,independent,dino448,mobilenet_v2,black,40.0,0.758
imagenet,independent,dino448,mobilenet_v2,black,45.0,0.753
imagenet,independent,dino448,mobilenet_v2,black,50.0,0.725
imagenet,independent,dino448,mobilenet_v2,black,55.0,0.723
imagenet,independent,dino448,mobilenet_v2,black,60.0,0.698
imagenet,independent,dino448,mobilenet_v2,black,65.0,0.669
imagenet,independent,dino448,mobilenet_v2,black,70.0,0.618
imagenet,independent,dino448,mobilenet_v2,black,75.0,0.577
imagenet,independent,dino448,mobilenet_v2,black,80.0,0.534
imagenet,independent,dino448,mobilenet_v2,black,85.0,0.438
imagenet,independent,dino448,mobilenet_v2,black,90.0,0.307
imagenet,independent,dino448,mobilenet_v2,black,95.0,0.148
imagenet,independent,dino448,mobilenet_v2,black,100.0,0.001
imagenet,independent,dino448,mobilenet_v2,blur,0.0,0.801
imagenet,independent,dino448,mobilenet_v2,blur,5.0,0.796
imagenet,independent,dino448,mobilenet_v2,blur,10.0,0.791
imagenet,independent,dino448,mobilenet_v2,blur,15.0,0.792
imagenet,independent,dino448,mobilenet_v2,blur,20.0,0.782
imagenet,independent,dino448,mobilenet_v2,blur,25.0,0.775
imagenet,independent,dino448,mobilenet_v2,blur,30.0,0.77
imagenet,independent,dino448,mobilenet_v2,blur,35.0,0.757
imagenet,independent,dino448,mobilenet_v2,blur,40.0,0.743
imagenet,independent,dino448,mobilenet_v2,blur,45.0,0.727
imagenet,independent,dino448,mobilenet_v2,blur,50.0,0.703
imagenet,independent,dino448,mobilenet_v2,blur,55.0,0.691
imagenet,independent,dino448,mobilenet_v2,blur,60.0,0.66
imagenet,independent,dino448,mobilenet_v2,blur,65.0,0.639
imagenet,independent,dino448,mobilenet_v2,blur,70.0,0.592
imagenet,independent,dino448,mobilenet_v2,blur,75.0,0.544
imagenet,independent,dino448,mobilenet_v2,blur,80.0,0.462
imagenet,independent,dino448,mobilenet_v2,blur,85.0,0.368
imagenet,independent,dino448,mobilenet_v2,blur,90.0,0.252
imagenet,independent,dino448,mobilenet_v2,blur,95.0,0.146
imagenet,independent,dino448,mobilenet_v2,blur,100.0,0.056
imagenet,independent,dino448,mobilenet_v2,gray,0.0,0.801
imagenet,independent,dino448,mobilenet_v2,gray,5.0,0.802
imagenet,independent,dino448,mobilenet_v2,gray,10.0,0.792
imagenet,independent,dino448,mobilenet_v2,gray,15.0,0.789
imagenet,independent,dino448,mobilenet_v2,gray,20.0,0.78
imagenet,independent,dino448,mobilenet_v2,gray,25.0,0.781
imagenet,independent,dino448,mobilenet_v2,gray,30.0,0.769
imagenet,independent,dino448,mobilenet_v2,gray,35.0,0.764
imagenet,independent,dino448,mobilenet_v2,gray,40.0,0.757
imagenet,independent,dino448,mobilenet_v2,gray,45.0,0.746
imagenet,independent,dino448,mobilenet_v2,gray,50.0,0.729
imagenet,independent,dino448,mobilenet_v2,gray,55.0,0.717
imagenet,independent,dino448,mobilenet_v2,gray,60.0,0.7
imagenet,independent,dino448,mobilenet_v2,gray,65.0,0.671
imagenet,independent,dino448,mobilenet_v2,gray,70.0,0.657
imagenet,independent,dino448,mobilenet_v2,gray,75.0,0.601
imagenet,independent,dino448,mobilenet_v2,gray,80.0,0.537
imagenet,independent,dino448,mobilenet_v2,gray,85.0,0.466
imagenet,independent,dino448,mobilenet_v2,gray,90.0,0.342
imagenet,independent,dino448,mobilenet_v2,gray,95.0,0.193
imagenet,independent,dino448,mobilenet_v2,gray,100.0,0.001
imagenet,independent,dino448,mobilenet_v2,mean,0.0,0.801
imagenet,independent,dino448,mobilenet_v2,mean,5.0,0.795
imagenet,independent,dino448,mobilenet_v2,mean,10.0,0.792
imagenet,independent,dino448,mobilenet_v2,mean,15.0,0.791
imagenet,independent,dino448,mobilenet_v2,mean,20.0,0.784
imagenet,independent,dino448,mobilenet_v2,mean,25.0,0.789
imagenet,independent,dino448,mobilenet_v2,mean,30.0,0.774
imagenet,independent,dino448,mobilenet_v2,mean,35.0,0.765
imagenet,independent,dino448,mobilenet_v2,mean,40.0,0.762
imagenet,independent,dino448,mobilenet_v2,mean,45.0,0.755
imagenet,independent,dino448,mobilenet_v2,mean,50.0,0.732
imagenet,independent,dino448,mobilenet_v2,mean,55.0,0.719
imagenet,independent,dino448,mobilenet_v2,mean,60.0,0.718
imagenet,independent,dino448,mobilenet_v2,mean,65.0,0.689
imagenet,independent,dino448,mobilenet_v2,mean,70.0,0.665
imagenet,independent,dino448,mobilenet_v2,mean,75.0,0.615
imagenet,independent,dino448,mobilenet_v2,mean,80.0,0.557
imagenet,independent,dino448,mobilenet_v2,mean,85.0,0.458
imagenet,independent,dino448,mobilenet_v2,mean,90.0,0.319
imagenet,independent,dino448,mobilenet_v2,mean,95.0,0.168
imagenet,independent,dino448,mobilenet_v2,mean,100.0,0.003
imagenet,independent,dino448,mobilenet_v2,random_noise,0.0,0.801
imagenet,independent,dino448,mobilenet_v2,random_noise,5.0,0.785
imagenet,independent,dino448,mobilenet_v2,random_noise,10.0,0.775
imagenet,independent,dino448,mobilenet_v2,random_noise,15.0,0.771
imagenet,independent,dino448,mobilenet_v2,random_noise,20.0,0.758
imagenet,independent,dino448,mobilenet_v2,random_noise,25.0,0.747
imagenet,independent,dino448,mobilenet_v2,random_noise,30.0,0.736
imagenet,independent,dino448,mobilenet_v2,random_noise,35.0,0.719
imagenet,independent,dino448,mobilenet_v2,random_noise,40.0,0.707
imagenet,independent,dino448,mobilenet_v2,random_noise,45.0,0.693
imagenet,independent,dino448,mobilenet_v2,random_noise,50.0,0.644
imagenet,independent,dino448,mobilenet_v2,random_noise,55.0,0.619
imagenet,independent,dino448,mobilenet_v2,random_noise,60.0,0.589
imagenet,independent,dino448,mobilenet_v2,random_noise,65.0,0.537
imagenet,independent,dino448,mobilenet_v2,random_noise,70.0,0.483
imagenet,independent,dino448,mobilenet_v2,random_noise,75.0,0.414
imagenet,independent,dino448,mobilenet_v2,random_noise,80.0,0.332
imagenet,independent,dino448,mobilenet_v2,random_noise,85.0,0.234
imagenet,independent,dino448,mobilenet_v2,random_noise,90.0,0.135
imagenet,independent,dino448,mobilenet_v2,random_noise,95.0,0.044
imagenet,independent,dino448,mobilenet_v2,random_noise,100.0,0.001
imagenet,independent,dino448,mobilenet_v2,white,0.0,0.801
imagenet,independent,dino448,mobilenet_v2,white,5.0,0.79
imagenet,independent,dino448,mobilenet_v2,white,10.0,0.779
imagenet,independent,dino448,mobilenet_v2,white,15.0,0.776
imagenet,independent,dino448,mobilenet_v2,white,20.0,0.762
imagenet,independent,dino448,mobilenet_v2,white,25.0,0.76
imagenet,independent,dino448,mobilenet_v2,white,30.0,0.756
imagenet,independent,dino448,mobilenet_v2,white,35.0,0.734
imagenet,independent,dino448,mobilenet_v2,white,40.0,0.728
imagenet,independent,dino448,mobilenet_v2,white,45.0,0.723
imagenet,independent,dino448,mobilenet_v2,white,50.0,0.69
imagenet,independent,dino448,mobilenet_v2,white,55.0,0.667
imagenet,independent,dino448,mobilenet_v2,white,60.0,0.632
imagenet,independent,dino448,mobilenet_v2,white,65.0,0.611
imagenet,independent,dino448,mobilenet_v2,white,70.0,0.575
imagenet,independent,dino448,mobilenet_v2,white,75.0,0.503
imagenet,independent,dino448,mobilenet_v2,white,80.0,0.433
imagenet,independent,dino448,mobilenet_v2,white,85.0,0.335
imagenet,independent,dino448,mobilenet_v2,white,90.0,0.221
imagenet,independent,dino448,mobilenet_v2,white,95.0,0.084
imagenet,independent,dino448,mobilenet_v2,white,100.0,0.001
imagenet,independent,dino448,resnet50,black,0.0,0.92
imagenet,independent,dino448,resnet50,black,5.0,0.919
imagenet,independent,dino448,resnet50,black,10.0,0.92
imagenet,independent,dino448,resnet50,black,15.0,0.909
imagenet,independent,dino448,resnet50,black,20.0,0.912
imagenet,independent,dino448,resnet50,black,25.0,0.906
imagenet,independent,dino448,resnet50,black,30.0,0.909
imagenet,independent,dino448,resnet50,black,35.0,0.906
imagenet,independent,dino448,resnet50,black,40.0,0.9
imagenet,independent,dino448,resnet50,black,45.0,0.897
imagenet,independent,dino448,resnet50,black,50.0,0.882
imagenet,independent,dino448,resnet50,black,55.0,0.868
imagenet,independent,dino448,resnet50,black,60.0,0.854
imagenet,independent,dino448,resnet50,black,65.0,0.832
imagenet,independent,dino448,resnet50,black,70.0,0.793
imagenet,independent,dino448,resnet50,black,75.0,0.755
imagenet,independent,dino448,resnet50,black,80.0,0.702
imagenet,independent,dino448,resnet50,black,85.0,0.602
imagenet,independent,dino448,resnet50,black,90.0,0.465
imagenet,independent,dino448,resnet50,black,95.0,0.248
imagenet,independent,dino448,resnet50,black,100.0,0.001
imagenet,independent,dino448,resnet50,blur,0.0,0.92
imagenet,independent,dino448,resnet50,blur,5.0,0.918
imagenet,independent,dino448,resnet50,blur,10.0,0.921
imagenet,independent,dino448,resnet50,blur,15.0,0.919
imagenet,independent,dino448,resnet50,blur,20.0,0.918
imagenet,independent,dino448,resnet50,blur,25.0,0.913
imagenet,independent,dino448,resnet50,blur,30.0,0.908
imagenet,independent,dino448,resnet50,blur,35.0,0.899
imagenet,independent,dino448,resnet50,blur,40.0,0.886
imagenet,independent,dino448,resnet50,blur,45.0,0.883
imagenet,independent,dino448,resnet50,blur,50.0,0.871
imagenet,independent,dino448,resnet50,blur,55.0,0.843
imagenet,independent,dino448,resnet50,blur,60.0,0.832
imagenet,independent,dino448,resnet50,blur,65.0,0.807
imagenet,independent,dino448,resnet50,blur,70.0,0.763
imagenet,independent,dino448,resnet50,blur,75.0,0.717
imagenet,independent,dino448,resnet50,blur,80.0,0.64
imagenet,independent,dino448,resnet50,blur,85.0,0.544
imagenet,independent,dino448,resnet50,blur,90.0,0.412
imagenet,independent,dino448,resnet50,blur,95.0,0.227
imagenet,independent,dino448,resnet50,blur,100.0,0.163
imagenet,independent,dino448,resnet50,gray,0.0,0.92
imagenet,independent,dino448,resnet50,gray,5.0,0.919
imagenet,independent,dino448,resnet50,gray,10.0,0.919
imagenet,independent,dino448,resnet50,gray,15.0,0.915
imagenet,independent,dino448,resnet50,gray,20.0,0.904
imagenet,independent,dino448,resnet50,gray,25.0,0.904
imagenet,independent,dino448,resnet50,gray,30.0,0.897
imagenet,independent,dino448,resnet50,gray,35.0,0.899
imagenet,independent,dino448,resnet50,gray,40.0,0.888
imagenet,independent,dino448,resnet50,gray,45.0,0.877
imagenet,independent,dino448,resnet50,gray,50.0,0.857
imagenet,independent,dino448,resnet50,gray,55.0,0.838
imagenet,independent,dino448,resnet50,gray,60.0,0.824
imagenet,independent,dino448,resnet50,gray,65.0,0.8
imagenet,independent,dino448,resnet50,gray,70.0,0.763
imagenet,independent,dino448,resnet50,gray,75.0,0.712
imagenet,independent,dino448,resnet50,gray,80.0,0.639
imagenet,independent,dino448,resnet50,gray,85.0,0.521
imagenet,independent,dino448,resnet50,gray,90.0,0.381
imagenet,independent,dino448,resnet50,gray,95.0,0.185
imagenet,independent,dino448,resnet50,gray,100.0,0.001
imagenet,independent,dino448,resnet50,mean,0.0,0.92
imagenet,independent,dino448,resnet50,mean,5.0,0.916
imagenet,independent,dino448,resnet50,mean,10.0,0.918
imagenet,independent,dino448,resnet50,mean,15.0,0.911
imagenet,independent,dino448,resnet50,mean,20.0,0.91
imagenet,independent,dino448,resnet50,mean,25.0,0.908
imagenet,independent,dino448,resnet50,mean,30.0,0.902
imagenet,independent,dino448,resnet50,mean,35.0,0.9
imagenet,independent,dino448,resnet50,mean,40.0,0.897
imagenet,independent,dino448,resnet50,mean,45.0,0.878
imagenet,independent,dino448,resnet50,mean,50.0,0.864
imagenet,independent,dino448,resnet50,mean,55.0,0.85
imagenet,independent,dino448,resnet50,mean,60.0,0.833
imagenet,independent,dino448,resnet50,mean,65.0,0.8
imagenet,independent,dino448,resnet50,mean,70.0,0.761
imagenet,independent,dino448,resnet50,mean,75.0,0.709
imagenet,independent,dino448,resnet50,mean,80.0,0.641
imagenet,independent,dino448,resnet50,mean,85.0,0.53
imagenet,independent,dino448,resnet50,mean,90.0,0.374
imagenet,independent,dino448,resnet50,mean,95.0,0.192
imagenet,independent,dino448,resnet50,mean,100.0,0.006
imagenet,independent,dino448,resnet50,random_noise,0.0,0.92
imagenet,independent,dino448,resnet50,random_noise,5.0,0.917
imagenet,independent,dino448,resnet50,random_noise,10.0,0.911
imagenet,independent,dino448,resnet50,random_noise,15.0,0.906
imagenet,independent,dino448,resnet50,random_noise,20.0,0.897
imagenet,independent,dino448,resnet50,random_noise,25.0,0.891
imagenet,independent,dino448,resnet50,random_noise,30.0,0.887
imagenet,independent,dino448,resnet50,random_noise,35.0,0.882
imagenet,independent,dino448,resnet50,random_noise,40.0,0.86
imagenet,independent,dino448,resnet50,random_noise,45.0,0.833
imagenet,independent,dino448,resnet50,random_noise,50.0,0.81
imagenet,independent,dino448,resnet50,random_noise,55.0,0.785
imagenet,independent,dino448,resnet50,random_noise,60.0,0.755
imagenet,independent,dino448,resnet50,random_noise,65.0,0.706
imagenet,independent,dino448,resnet50,random_noise,70.0,0.658
imagenet,independent,dino448,resnet50,random_noise,75.0,0.579
imagenet,independent,dino448,resnet50,random_noise,80.0,0.503
imagenet,independent,dino448,resnet50,random_noise,85.0,0.367
imagenet,independent,dino448,resnet50,random_noise,90.0,0.233
imagenet,independent,dino448,resnet50,random_noise,95.0,0.08
imagenet,independent,dino448,resnet50,random_noise,100.0,0.001
imagenet,independent,dino448,resnet50,white,0.0,0.92
imagenet,independent,dino448,resnet50,white,5.0,0.912
imagenet,independent,dino448,resnet50,white,10.0,0.91
imagenet,independent,dino448,resnet50,white,15.0,0.898
imagenet,independent,dino448,resnet50,white,20.0,0.889
imagenet,independent,dino448,resnet50,white,25.0,0.897
imagenet,independent,dino448,resnet50,white,30.0,0.886
imagenet,independent,dino448,resnet50,white,35.0,0.882
imagenet,independent,dino448,resnet50,white,40.0,0.867
imagenet,independent,dino448,resnet50,white,45.0,0.845
imagenet,independent,dino448,resnet50,white,50.0,0.825
imagenet,independent,dino448,resnet50,white,55.0,0.808
imagenet,independent,dino448,resnet50,white,60.0,0.782
imagenet,independent,dino448,resnet50,white,65.0,0.745
imagenet,independent,dino448,resnet50,white,70.0,0.694
imagenet,independent,dino448,resnet50,white,75.0,0.632
imagenet,independent,dino448,resnet50,white,80.0,0.552
imagenet,independent,dino448,resnet50,white,85.0,0.429
imagenet,independent,dino448,resnet50,white,90.0,0.277
imagenet,independent,dino448,resnet50,white,95.0,0.125
imagenet,independent,dino448,resnet50,white,100.0,0.001
imagenet,independent,dino448,vgg16,black,0.0,0.818
imagenet,independent,dino448,vgg16,black,5.0,0.725
imagenet,independent,dino448,vgg16,black,10.0,0.686
imagenet,independent,dino448,vgg16,black,15.0,0.64
imagenet,independent,dino448,vgg16,black,20.0,0.633
imagenet,independent,dino448,vgg16,black,25.0,0.608
imagenet,independent,dino448,vgg16,black,30.0,0.565
imagenet,independent,dino448,vgg16,black,35.0,0.552
imagenet,independent,dino448,vgg16,black,40.0,0.52
imagenet,independent,dino448,vgg16,black,45.0,0.481
imagenet,independent,dino448,vgg16,black,50.0,0.446
imagenet,independent,dino448,vgg16,black,55.0,0.415
imagenet,independent,dino448,vgg16,black,60.0,0.379
imagenet,independent,dino448,vgg16,black,65.0,0.336
imagenet,independent,dino448,vgg16,black,70.0,0.291
imagenet,independent,dino448,vgg16,black,75.0,0.237
imagenet,independent,dino448,vgg16,black,80.0,0.182
imagenet,independent,dino448,vgg16,black,85.0,0.142
imagenet,independent,dino448,vgg16,black,90.0,0.09
imagenet,independent,dino448,vgg16,black,95.0,0.035
imagenet,independent,dino448,vgg16,black,100.0,0.001
imagenet,independent,dino448,vgg16,blur,0.0,0.818
imagenet,independent,dino448,vgg16,blur,5.0,0.819
imagenet,independent,dino448,vgg16,blur,10.0,0.815
imagenet,independent,dino448,vgg16,blur,15.0,0.813
imagenet,independent,dino448,vgg16,blur,20.0,0.809
imagenet,independent,dino448,vgg16,blur,25.0,0.787
imagenet,independent,dino448,vgg16,blur,30.0,0.779
imagenet,independent,dino448,vgg16,blur,35.0,0.762
imagenet,independent,dino448,vgg16,blur,40.0,0.753
imagenet,independent,dino448,vgg16,blur,45.0,0.741
imagenet,independent,dino448,vgg16,blur,50.0,0.707
imagenet,independent,dino448,vgg16,blur,55.0,0.686
imagenet,independent,dino448,vgg16,blur,60.0,0.652
imagenet,independent,dino448,vgg16,blur,65.0,0.622
imagenet,independent,dino448,vgg16,blur,70.0,0.579
imagenet,independent,dino448,vgg16,blur,75.0,0.507
imagenet,independent,dino448,vgg16,blur,80.0,0.426
imagenet,independent,dino448,vgg16,blur,85.0,0.365
imagenet,independent,dino448,vgg16,blur,90.0,0.264
imagenet,independent,dino448,vgg16,blur,95.0,0.136
imagenet,independent,dino448,vgg16,blur,100.0,0.034
imagenet,independent,dino448,vgg16,gray,0.0,0.818
imagenet,independent,dino448,vgg16,gray,5.0,0.792
imagenet,independent,dino448,vgg16,gray,10.0,0.765
imagenet,independent,dino448,vgg16,gray,15.0,0.742
imagenet,independent,dino448,vgg16,gray,20.0,0.707
imagenet,independent,dino448,vgg16,gray,25.0,0.687
imagenet,independent,dino448,vgg16,gray,30.0,0.662
imagenet,independent,dino448,vgg16,gray,35.0,0.638
imagenet,independent,dino448,vgg16,gray,40.0,0.614
imagenet,independent,dino448,vgg16,gray,45.0,0.583
imagenet,independent,dino448,vgg16,gray,50.0,0.554
imagenet,independent,dino448,vgg16,gray,55.0,0.514
imagenet,independent,dino448,vgg16,gray,60.0,0.485
imagenet,independent,dino448,vgg16,gray,65.0,0.453
imagenet,independent,dino448,vgg16,gray,70.0,0.382
imagenet,independent,dino448,vgg16,gray,75.0,0.338
imagenet,independent,dino448,vgg16,gray,80.0,0.287
imagenet,independent,dino448,vgg16,gray,85.0,0.218
imagenet,independent,dino448,vgg16,gray,90.0,0.136
imagenet,independent,dino448,vgg16,gray,95.0,0.063
imagenet,independent,dino448,vgg16,gray,100.0,0.001
imagenet,independent,dino448,vgg16,mean,0.0,0.818
imagenet,independent,dino448,vgg16,mean,5.0,0.796
imagenet,independent,dino448,vgg16,mean,10.0,0.783
imagenet,independent,dino448,vgg16,mean,15.0,0.762
imagenet,independent,dino448,vgg16,mean,20.0,0.739
imagenet,independent,dino448,vgg16,mean,25.0,0.728
imagenet,independent,dino448,vgg16,mean,30.0,0.705
imagenet,independent,dino448,vgg16,mean,35.0,0.691
imagenet,independent,dino448,vgg16,mean,40.0,0.657
imagenet,independent,dino448,vgg16,mean,45.0,0.64
imagenet,independent,dino448,vgg16,mean,50.0,0.588
imagenet,independent,dino448,vgg16,mean,55.0,0.555
imagenet,independent,dino448,vgg16,mean,60.0,0.528
imagenet,independent,dino448,vgg16,mean,65.0,0.492
imagenet,independent,dino448,vgg16,mean,70.0,0.438
imagenet,independent,dino448,vgg16,mean,75.0,0.371
imagenet,independent,dino448,vgg16,mean,80.0,0.319
imagenet,independent,dino448,vgg16,mean,85.0,0.235
imagenet,independent,dino448,vgg16,mean,90.0,0.148
imagenet,independent,dino448,vgg16,mean,95.0,0.068
imagenet,independent,dino448,vgg16,mean,100.0,0.002
imagenet,independent,dino448,vgg16,random_noise,0.0,0.818
imagenet,independent,dino448,vgg16,random_noise,5.0,0.78
imagenet,independent,dino448,vgg16,random_noise,10.0,0.771
imagenet,independent,dino448,vgg16,random_noise,15.0,0.743
imagenet,independent,dino448,vgg16,random_noise,20.0,0.728
imagenet,independent,dino448,vgg16,random_noise,25.0,0.692
imagenet,independent,dino448,vgg16,random_noise,30.0,0.676
imagenet,independent,dino448,vgg16,random_noise,35.0,0.651
imagenet,independent,dino448,vgg16,random_noise,40.0,0.617
imagenet,independent,dino448,vgg16,random_noise,45.0,0.612
imagenet,independent,dino448,vgg16,random_noise,50.0,0.574
imagenet,independent,dino448,vgg16,random_noise,55.0,0.535
imagenet,independent,dino448,vgg16,random_noise,60.0,0.506
imagenet,independent,dino448,vgg16,random_noise,65.0,0.47
imagenet,independent,dino448,vgg16,random_noise,70.0,0.419
imagenet,independent,dino448,vgg16,random_noise,75.0,0.38
imagenet,independent,dino448,vgg16,random_noise,80.0,0.305
imagenet,independent,dino448,vgg16,random_noise,85.0,0.245
imagenet,independent,dino448,vgg16,random_noise,90.0,0.16
imagenet,independent,dino448,vgg16,random_noise,95.0,0.069
imagenet,independent,dino448,vgg16,random_noise,100.0,0.001
imagenet,independent,dino448,vgg16,white,0.0,0.818
imagenet,independent,dino448,vgg16,white,5.0,0.754
imagenet,independent,dino448,vgg16,white,10.0,0.731
imagenet,independent,dino448,vgg16,white,15.0,0.7
imagenet,independent,dino448,vgg16,white,20.0,0.664
imagenet,independent,dino448,vgg16,white,25.0,0.622
imagenet,independent,dino448,vgg16,white,30.0,0.609
imagenet,independent,dino448,vgg16,white,35.0,0.581
imagenet,independent,dino448,vgg16,white,40.0,0.543
imagenet,independent,dino448,vgg16,white,45.0,0.512
imagenet,independent,dino448,vgg16,white,50.0,0.493
imagenet,independent,dino448,vgg16,white,55.0,0.449
imagenet,independent,dino448,vgg16,white,60.0,0.423
imagenet,independent,dino448,vgg16,white,65.0,0.379
imagenet,independent,dino448,vgg16,white,70.0,0.327
imagenet,independent,dino448,vgg16,white,75.0,0.274
imagenet,independent,dino448,vgg16,white,80.0,0.227
imagenet,independent,dino448,vgg16,white,85.0,0.149
imagenet,independent,dino448,vgg16,white,90.0,0.093
imagenet,independent,dino448,vgg16,white,95.0,0.044
imagenet,independent,dino448,vgg16,white,100.0,0.001
imagenet,independent,dino448+u2net,mobilenet_v2,black,0.0,0.801
imagenet,independent,dino448+u2net,mobilenet_v2,black,5.0,0.784
imagenet,independent,dino448+u2net,mobilenet_v2,black,10.0,0.784
imagenet,independent,dino448+u2net,mobilenet_v2,black,15.0,0.779
imagenet,independent,dino448+u2net,mobilenet_v2,black,20.0,0.776
imagenet,independent,dino448+u2net,mobilenet_v2,black,25.0,0.764
imagenet,independent,dino448+u2net,mobilenet_v2,black,30.0,0.773
imagenet,independent,dino448+u2net,mobilenet_v2,black,35.0,0.77
imagenet,independent,dino448+u2net,mobilenet_v2,black,40.0,0.763
imagenet,independent,dino448+u2net,mobilenet_v2,black,45.0,0.756
imagenet,independent,dino448+u2net,mobilenet_v2,black,50.0,0.736
imagenet,independent,dino448+u2net,mobilenet_v2,black,55.0,0.72
imagenet,independent,dino448+u2net,mobilenet_v2,black,60.0,0.704
imagenet,independent,dino448+u2net,mobilenet_v2,black,65.0,0.668
imagenet,independent,dino448+u2net,mobilenet_v2,black,70.0,0.623
imagenet,independent,dino448+u2net,mobilenet_v2,black,75.0,0.601
imagenet,independent,dino448+u2net,mobilenet_v2,black,80.0,0.531
imagenet,independent,dino448+u2net,mobilenet_v2,black,85.0,0.465
imagenet,independent,dino448+u2net,mobilenet_v2,black,90.0,0.333
imagenet,independent,dino448+u2net,mobilenet_v2,black,95.0,0.169
imagenet,independent,dino448+u2net,mobilenet_v2,black,100.0,0.001
imagenet,independent,dino448+u2net,mobilenet_v2,blur,0.0,0.801
imagenet,independent,dino448+u2net,mobilenet_v2,blur,5.0,0.796
imagenet,independent,dino448+u2net,mobilenet_v2,blur,10.0,0.789
imagenet,independent,dino448+u2net,mobilenet_v2,blur,15.0,0.782
imagenet,independent,dino448+u2net,mobilenet_v2,blur,20.0,0.781
imagenet,independent,dino448+u2net,mobilenet_v2,blur,25.0,0.772
imagenet,independent,dino448+u2net,mobilenet_v2,blur,30.0,0.768
imagenet,independent,dino448+u2net,mobilenet_v2,blur,35.0,0.756
imagenet,independent,dino448+u2net,mobilenet_v2,blur,40.0,0.749
imagenet,independent,dino448+u2net,mobilenet_v2,blur,45.0,0.735
imagenet,independent,dino448+u2net,mobilenet_v2,blur,50.0,0.72
imagenet,independent,dino448+u2net,mobilenet_v2,blur,55.0,0.701
imagenet,independent,dino448+u2net,mobilenet_v2,blur,60.0,0.671
imagenet,independent,dino448+u2net,mobilenet_v2,blur,65.0,0.643
imagenet,independent,dino448+u2net,mobilenet_v2,blur,70.0,0.601
imagenet,independent,dino448+u2net,mobilenet_v2,blur,75.0,0.557
imagenet,independent,dino448+u2net,mobilenet_v2,blur,80.0,0.499
imagenet,independent,dino448+u2net,mobilenet_v2,blur,85.0,0.414
imagenet,independent,dino448+u2net,mobilenet_v2,blur,90.0,0.301
imagenet,independent,dino448+u2net,mobilenet_v2,blur,95.0,0.169
imagenet,independent,dino448+u2net,mobilenet_v2,blur,100.0,0.056
imagenet,independent,dino448+u2net,mobilenet_v2,gray,0.0,0.801
imagenet,independent,dino448+u2net,mobilenet_v2,gray,5.0,0.794
imagenet,independent,dino448+u2net,mobilenet_v2,gray,10.0,0.786
imagenet,independent,dino448+u2net,mobilenet_v2,gray,15.0,0.782
imagenet,independent,dino448+u2net,mobilenet_v2,gray,20.0,0.777
imagenet,independent,dino448+u2net,mobilenet_v2,gray,25.0,0.774
imagenet,independent,dino448+u2net,mobilenet_v2,gray,30.0,0.765
imagenet,independent,dino448+u2net,mobilenet_v2,gray,35.0,0.768
imagenet,independent,dino448+u2net,mobilenet_v2,gray,40.0,0.767
imagenet,independent,dino448+u2net,mobilenet_v2,gray,45.0,0.749
imagenet,independent,dino448+u2net,mobilenet_v2,gray,50.0,0.739
imagenet,independent,dino448+u2net,mobilenet_v2,gray,55.0,0.727
imagenet,independent,dino448+u2net,mobilenet_v2,gray,60.0,0.704
imagenet,independent,dino448+u2net,mobilenet_v2,gray,65.0,0.686
imagenet,independent,dino448+u2net,mobilenet_v2,gray,70.0,0.651
imagenet,independent,dino448+u2net,mobilenet_v2,gray,75.0,0.617
imagenet,independent,dino448+u2net,mobilenet_v2,gray,80.0,0.567
imagenet,independent,dino448+u2net,mobilenet_v2,gray,85.0,0.495
imagenet,independent,dino448+u2net,mobilenet_v2,gray,90.0,0.371
imagenet,independent,dino448+u2net,mobilenet_v2,gray,95.0,0.211
imagenet,independent,dino448+u2net,mobilenet_v2,gray,100.0,0.001
imagenet,independent,dino448+u2net,mobilenet_v2,mean,0.0,0.801
imagenet,independent,dino448+u2net,mobilenet_v2,mean,5.0,0.794
imagenet,independent,dino448+u2net,mobilenet_v2,mean,10.0,0.785
imagenet,independent,dino448+u2net,mobilenet_v2,mean,15.0,0.781
imagenet,independent,dino448+u2net,mobilenet_v2,mean,20.0,0.78
imagenet,independent,dino448+u2net,mobilenet_v2,mean,25.0,0.781
imagenet,independent,dino448+u2net,mobilenet_v2,mean,30.0,0.773
imagenet,independent,dino448+u2net,mobilenet_v2,mean,35.0,0.774
imagenet,independent,dino448+u2net,mobilenet_v2,mean,40.0,0.77
imagenet,independent,dino448+u2net,mobilenet_v2,mean,45.0,0.752
imagenet,independent,dino448+u2net,mobilenet_v2,mean,50.0,0.745
imagenet,independent,dino448+u2net,mobilenet_v2,mean,55.0,0.736
imagenet,independent,dino448+u2net,mobilenet_v2,mean,60.0,0.715
imagenet,independent,dino448+u2net,mobilenet_v2,mean,65.0,0.687
imagenet,independent,dino448+u2net,mobilenet_v2,mean,70.0,0.655
imagenet,independent,dino448+u2net,mobilenet_v2,mean,75.0,0.631
imagenet,independent,dino448+u2net,mobilenet_v2,mean,80.0,0.575
imagenet,independent,dino448+u2net,mobilenet_v2,mean,85.0,0.493
imagenet,independent,dino448+u2net,mobilenet_v2,mean,90.0,0.367
imagenet,independent,dino448+u2net,mobilenet_v2,mean,95.0,0.212
imagenet,independent,dino448+u2net,mobilenet_v2,mean,100.0,0.003
imagenet,independent,dino448+u2net,mobilenet_v2,random_noise,0.0,0.801
imagenet,independent,dino448+u2net,mobilenet_v2,random_noise,5.0,0.775
imagenet,independent,dino448+u2net,mobilenet_v2,random_noise,10.0,0.765
imagenet,independent,dino448+u2net,mobilenet_v2,random_noise,15.0,0.762
imagenet,independent,dino448+u2net,mobilenet_v2,random_noise,20.0,0.749
imagenet,independent,dino448+u2net,mobilenet_v2,random_noise,25.0,0.75
imagenet,independent,dino448+u2net,mobilenet_v2,random_noise,30.0,0.743
imagenet,independent,dino448+u2net,mobilenet_v2,random_noise,35.0,0.742
imagenet,independent,dino448+u2net,mobilenet_v2,random_noise,40.0,0.715
imagenet,independent,dino448+u2net,mobilenet_v2,random_noise,45.0,0.696
imagenet,independent,dino448+u2net,mobilenet_v2,random_noise,50.0,0.672
imagenet,independent,dino448+u2net,mobilenet_v2,random_noise,55.0,0.658
imagenet,independent,dino448+u2net,mobilenet_v2,random_noise,60.0,0.617
imagenet,independent,dino448+u2net,mobilenet_v2,random_noise,65.0,0.602
imagenet,independent,dino448+u2net,mobilenet_v2,random_noise,70.0,0.549
imagenet,independent,dino448+u2net,mobilenet_v2,random_noise,75.0,0.491
imagenet,independent,dino448+u2net,mobilenet_v2,random_noise,80.0,0.412
imagenet,independent,dino448+u2net,mobilenet_v2,random_noise,85.0,0.315
imagenet,independent,dino448+u2net,mobilenet_v2,random_noise,90.0,0.191
imagenet,independent,dino448+u2net,mobilenet_v2,random_noise,95.0,0.08
imagenet,independent,dino448+u2net,mobilenet_v2,random_noise,100.0,0.001
imagenet,independent,dino448+u2net,mobilenet_v2,white,0.0,0.801
imagenet,independent,dino448+u2net,mobilenet_v2,white,5.0,0.783
imagenet,independent,dino448+u2net,mobilenet_v2,white,10.0,0.773
imagenet,independent,dino448+u2net,mobilenet_v2,white,15.0,0.767
imagenet,independent,dino448+u2net,mobilenet_v2,white,20.0,0.76
imagenet,independent,dino448+u2net,mobilenet_v2,white,25.0,0.76
imagenet,independent,dino448+u2net,mobilenet_v2,white,30.0,0.757
imagenet,independent,dino448+u2net,mobilenet_v2,white,35.0,0.753
imagenet,independent,dino448+u2net,mobilenet_v2,white,40.0,0.743
imagenet,independent,dino448+u2net,mobilenet_v2,white,45.0,0.728
imagenet,independent,dino448+u2net,mobilenet_v2,white,50.0,0.715
imagenet,independent,dino448+u2net,mobilenet_v2,white,55.0,0.685
imagenet,independent,dino448+u2net,mobilenet_v2,white,60.0,0.652
imagenet,independent,dino448+u2net,mobilenet_v2,white,65.0,0.634
imagenet,independent,dino448+u2net,mobilenet_v2,white,70.0,0.59
imagenet,independent,dino448+u2net,mobilenet_v2,white,75.0,0.541
imagenet,independent,dino448+u2net,mobilenet_v2,white,80.0,0.49
imagenet,independent,dino448+u2net,mobilenet_v2,white,85.0,0.396
imagenet,independent,dino448+u2net,mobilenet_v2,white,90.0,0.288
imagenet,independent,dino448+u2net,mobilenet_v2,white,95.0,0.125
imagenet,independent,dino448+u2net,mobilenet_v2,white,100.0,0.001
imagenet,independent,dino448+u2net,resnet50,black,0.0,0.92
imagenet,independent,dino448+u2net,resnet50,black,5.0,0.92
imagenet,independent,dino448+u2net,resnet50,black,10.0,0.918
imagenet,independent,dino448+u2net,resnet50,black,15.0,0.916
imagenet,independent,dino448+u2net,resnet50,black,20.0,0.917
imagenet,independent,dino448+u2net,resnet50,black,25.0,0.914
imagenet,independent,dino448+u2net,resnet50,black,30.0,0.908
imagenet,independent,dino448+u2net,resnet50,black,35.0,0.909
imagenet,independent,dino448+u2net,resnet50,black,40.0,0.899
imagenet,independent,dino448+u2net,resnet50,black,45.0,0.898
imagenet,independent,dino448+u2net,resnet50,black,50.0,0.892
imagenet,independent,dino448+u2net,resnet50,black,55.0,0.879
imagenet,independent,dino448+u2net,resnet50,black,60.0,0.848
imagenet,independent,dino448+u2net,resnet50,black,65.0,0.83
imagenet,independent,dino448+u2net,resnet50,black,70.0,0.797
imagenet,independent,dino448+u2net,resnet50,black,75.0,0.759
imagenet,independent,dino448+u2net,resnet50,black,80.0,0.711
imagenet,independent,dino448+u2net,resnet50,black,85.0,0.623
imagenet,independent,dino448+u2net,resnet50,black,90.0,0.494
imagenet,independent,dino448+u2net,resnet50,black,95.0,0.285
imagenet,independent,dino448+u2net,resnet50,black,100.0,0.001
imagenet,independent,dino448+u2net,resnet50,blur,0.0,0.92
imagenet,independent,dino448+u2net,resnet50,blur,5.0,0.921
imagenet,independent,dino448+u2net,resnet50,blur,10.0,0.92
imagenet,independent,dino448+u2net,resnet50,blur,15.0,0.922
imagenet,independent,dino448+u2net,resnet50,blur,20.0,0.918
imagenet,independent,dino448+u2net,resnet50,blur,25.0,0.915
imagenet,independent,dino448+u2net,resnet50,blur,30.0,0.909
imagenet,independent,dino448+u2net,resnet50,blur,35.0,0.911
imagenet,independent,dino448+u2net,resnet50,blur,40.0,0.897
imagenet,independent,dino448+u2net,resnet50,blur,45.0,0.885
imagenet,independent,dino448+u2net,resnet50,blur,50.0,0.886
imagenet,independent,dino448+u2net,resnet50,blur,55.0,0.869
imagenet,independent,dino448+u2net,resnet50,blur,60.0,0.836
imagenet,independent,dino448+u2net,resnet50,blur,65.0,0.821
imagenet,independent,dino448+u2net,resnet50,blur,70.0,0.79
imagenet,independent,dino448+u2net,resnet50,blur,75.0,0.741
imagenet,independent,dino448+u2net,resnet50,blur,80.0,0.695
imagenet,independent,dino448+u2net,resnet50,blur,85.0,0.615
imagenet,independent,dino448+u2net,resnet50,blur,90.0,0.473
imagenet,independent,dino448+u2net,resnet50,blur,95.0,0.287
imagenet,independent,dino448+u2net,resnet50,blur,100.0,0.163
imagenet,independent,dino448+u2net,resnet50,gray,0.0,0.92
imagenet,independent,dino448+u2net,resnet50,gray,5.0,0.922
imagenet,independent,dino448+u2net,resnet50,gray,10.0,0.921
imagenet,independent,dino448+u2net,resnet50,gray,15.0,0.913
imagenet,independent,dino448+u2net,resnet50,gray,20.0,0.915
imagenet,independent,dino448+u2net,resnet50,gray,25.0,0.907
imagenet,independent,dino448+u2net,resnet50,gray,30.0,0.906
imagenet,independent,dino448+u2net,resnet50,gray,35.0,0.9
imagenet,independent,dino448+u2net,resnet50,gray,40.0,0.897
imagenet,independent,dino448+u2net,resnet50,gray,45.0,0.886
imagenet,independent,dino448+u2net,resnet50,gray,50.0,0.877
imagenet,independent,dino448+u2net,resnet50,gray,55.0,0.861
imagenet,independent,dino448+u2net,resnet50,gray,60.0,0.842
imagenet,independent,dino448+u2net,resnet50,gray,65.0,0.82
imagenet,independent,dino448+u2net,resnet50,gray,70.0,0.792
imagenet,independent,dino448+u2net,resnet50,gray,75.0,0.74
imagenet,independent,dino448+u2net,resnet50,gray,80.0,0.668
imagenet,independent,dino448+u2net,resnet50,gray,85.0,0.594
imagenet,independent,dino448+u2net,resnet50,gray,90.0,0.441
imagenet,independent,dino448+u2net,resnet50,gray,95.0,0.235
imagenet,independent,dino448+u2net,resnet50,gray,100.0,0.001
imagenet,independent,dino448+u2net,resnet50,mean,0.0,0.92
imagenet,independent,dino448+u2net,resnet50,mean,5.0,0.918
imagenet,independent,dino448+u2net,resnet50,mean,10.0,0.921
imagenet,independent,dino448+u2net,resnet50,mean,15.0,0.916
imagenet,independent,dino448+u2net,resnet50,mean,20.0,0.915
imagenet,independent,dino448+u2net,resnet50,mean,25.0,0.912
imagenet,independent,dino448+u2net,resnet50,mean,30.0,0.916
imagenet,independent,dino448+u2net,resnet50,mean,35.0,0.904
imagenet,independent,dino448+u2net,resnet50,mean,40.0,0.905
imagenet,independent,dino448+u2net,resnet50,mean,45.0,0.889
imagenet,independent,dino448+u2net,resnet50,mean,50.0,0.884
imagenet,independent,dino448+u2net,resnet50,mean,55.0,0.863
imagenet,independent,dino448+u2net,resnet50,mean,60.0,0.847
imagenet,independent,dino448+u2net,resnet50,mean,65.0,0.822
imagenet,independent,dino448+u2net,resnet50,mean,70.0,0.789
imagenet,independent,dino448+u2net,resnet50,mean,75.0,0.736
imagenet,independent,dino448+u2net,resnet50,mean,80.0,0.682
imagenet,independent,dino448+u2net,resnet50,mean,85.0,0.595
imagenet,independent,dino448+u2net,resnet50,mean,90.0,0.456
imagenet,independent,dino448+u2net,resnet50,mean,95.0,0.243
imagenet,independent,dino448+u2net,resnet50,mean,100.0,0.006
imagenet,independent,dino448+u2net,resnet50,random_noise,0.0,0.92
imagenet,independent,dino448+u2net,resnet50,random_noise,5.0,0.919
imagenet,independent,dino448+u2net,resnet50,random_noise,10.0,0.915
imagenet,independent,dino448+u2net,resnet50,random_noise,15.0,0.914
imagenet,independent,dino448+u2net,resnet50,random_noise,20.0,0.908
imagenet,independent,dino448+u2net,resnet50,random_noise,25.0,0.892
imagenet,independent,dino448+u2net,resnet50,random_noise,30.0,0.894
imagenet,independent,dino448+u2net,resnet50,random_noise,35.0,0.883
imagenet,independent,dino448+u2net,resnet50,random_noise,40.0,0.871
imagenet,independent,dino448+u2net,resnet50,random_noise,45.0,0.854
imagenet,independent,dino448+u2net,resnet50,random_noise,50.0,0.84
imagenet,independent,dino448+u2net,resnet50,random_noise,55.0,0.833
imagenet,independent,dino448+u2net,resnet50,random_noise,60.0,0.797
imagenet,independent,dino448+u2net,resnet50,random_noise,65.0,0.754
imagenet,independent,dino448+u2net,resnet50,random_noise,70.0,0.712
imagenet,independent,dino448+u2net,resnet50,random_noise,75.0,0.647
imagenet,independent,dino448+u2net,resnet50,random_noise,80.0,0.564
imagenet,independent,dino448+u2net,resnet50,random_noise,85.0,0.443
imagenet,independent,dino448+u2net,resnet50,random_noise,90.0,0.298
imagenet,independent,dino448+u2net,resnet50,random_noise,95.0,0.117
imagenet,independent,dino448+u2net,resnet50,random_noise,100.0,0.001
imagenet,independent,dino448+u2net,resnet50,white,0.0,0.92
imagenet,independent,dino448+u2net,resnet50,white,5.0,0.917
imagenet,independent,dino448+u2net,resnet50,white,10.0,0.909
imagenet,independent,dino448+u2net,resnet50,white,15.0,0.899
imagenet,independent,dino448+u2net,resnet50,white,20.0,0.901
imagenet,independent,dino448+u2net,resnet50,white,25.0,0.898
imagenet,independent,dino448+u2net,resnet50,white,30.0,0.899
imagenet,independent,dino448+u2net,resnet50,white,35.0,0.891
imagenet,independent,dino448+u2net,resnet50,white,40.0,0.88
imagenet,independent,dino448+u2net,resnet50,white,45.0,0.862
imagenet,independent,dino448+u2net,resnet50,white,50.0,0.845
imagenet,independent,dino448+u2net,resnet50,white,55.0,0.833
imagenet,independent,dino448+u2net,resnet50,white,60.0,0.802
imagenet,independent,dino448+u2net,resnet50,white,65.0,0.772
imagenet,independent,dino448+u2net,resnet50,white,70.0,0.734
imagenet,independent,dino448+u2net,resnet50,white,75.0,0.681
imagenet,independent,dino448+u2net,resnet50,white,80.0,0.603
imagenet,independent,dino448+u2net,resnet50,white,85.0,0.498
imagenet,independent,dino448+u2net,resnet50,white,90.0,0.356
imagenet,independent,dino448+u2net,resnet50,white,95.0,0.162
imagenet,independent,dino448+u2net,resnet50,white,100.0,0.001
imagenet,independent,dino448+u2net,vgg16,black,0.0,0.818
imagenet,independent,dino448+u2net,vgg16,black,5.0,0.736
imagenet,independent,dino448+u2net,vgg16,black,10.0,0.689
imagenet,independent,dino448+u2net,vgg16,black,15.0,0.666
imagenet,independent,dino448+u2net,vgg16,black,20.0,0.658
imagenet,independent,dino448+u2net,vgg16,black,25.0,0.635
imagenet,independent,dino448+u2net,vgg16,black,30.0,0.611
imagenet,independent,dino448+u2net,vgg16,black,35.0,0.583
imagenet,independent,dino448+u2net,vgg16,black,40.0,0.572
imagenet,independent,dino448+u2net,vgg16,black,45.0,0.548
imagenet,independent,dino448+u2net,vgg16,black,50.0,0.531
imagenet,independent,dino448+u2net,vgg16,black,55.0,0.502
imagenet,independent,dino448+u2net,vgg16,black,60.0,0.453
imagenet,independent,dino448+u2net,vgg16,black,65.0,0.418
imagenet,independent,dino448+u2net,vgg16,black,70.0,0.358
imagenet,independent,dino448+u2net,vgg16,black,75.0,0.306
imagenet,independent,dino448+u2net,vgg16,black,80.0,0.255
imagenet,independent,dino448+u2net,vgg16,black,85.0,0.188
imagenet,independent,dino448+u2net,vgg16,black,90.0,0.121
imagenet,independent,dino448+u2net,vgg16,black,95.0,0.055
imagenet,independent,dino448+u2net,vgg16,black,100.0,0.001
imagenet,independent,dino448+u2net,vgg16,blur,0.0,0.818
imagenet,independent,dino448+u2net,vgg16,blur,5.0,0.818
imagenet,independent,dino448+u2net,vgg16,blur,10.0,0.818
imagenet,independent,dino448+u2net,vgg16,blur,15.0,0.825
imagenet,independent,dino448+u2net,vgg16,blur,20.0,0.816
imagenet,independent,dino448+u2net,vgg16,blur,25.0,0.795
imagenet,independent,dino448+u2net,vgg16,blur,30.0,0.782
imagenet,independent,dino448+u2net,vgg16,blur,35.0,0.769
imagenet,independent,dino448+u2net,vgg16,blur,40.0,0.754
imagenet,independent,dino448+u2net,vgg16,blur,45.0,0.752
imagenet,independent,dino448+u2net,vgg16,blur,50.0,0.724
imagenet,independent,dino448+u2net,vgg16,blur,55.0,0.708
imagenet,independent,dino448+u2net,vgg16,blur,60.0,0.688
imagenet,independent,dino448+u2net,vgg16,blur,65.0,0.656
imagenet,independent,dino448+u2net,vgg16,blur,70.0,0.61
imagenet,independent,dino448+u2net,vgg16,blur,75.0,0.544
imagenet,independent,dino448+u2net,vgg16,blur,80.0,0.49
imagenet,independent,dino448+u2net,vgg16,blur,85.0,0.419
imagenet,independent,dino448+u2net,vgg16,blur,90.0,0.31
imagenet,independent,dino448+u2net,vgg16,blur,95.0,0.168
imagenet,independent,dino448+u2net,vgg16,blur,100.0,0.034
imagenet,independent,dino448+u2net,vgg16,gray,0.0,0.818
imagenet,independent,dino448+u2net,vgg16,gray,5.0,0.798
imagenet,independent,dino448+u2net,vgg16,gray,10.0,0.764
imagenet,independent,dino448+u2net,vgg16,gray,15.0,0.746
imagenet,independent,dino448+u2net,vgg16,gray,20.0,0.724
imagenet,independent,dino448+u2net,vgg16,gray,25.0,0.701
imagenet,independent,dino448+u2net,vgg16,gray,30.0,0.677
imagenet,independent,dino448+u2net,vgg16,gray,35.0,0.657
imagenet,independent,dino448+u2net,vgg16,gray,40.0,0.654
imagenet,independent,dino448+u2net,vgg16,gray,45.0,0.655
imagenet,independent,dino448+u2net,vgg16,gray,50.0,0.623
imagenet,independent,dino448+u2net,vgg16,gray,55.0,0.588
imagenet,independent,dino448+u2net,vgg16,gray,60.0,0.558
imagenet,independent,dino448+u2net,vgg16,gray,65.0,0.52
imagenet,independent,dino448+u2net,vgg16,gray,70.0,0.473
imagenet,independent,dino448+u2net,vgg16,gray,75.0,0.409
imagenet,independent,dino448+u2net,vgg16,gray,80.0,0.362
imagenet,independent,dino448+u2net,vgg16,gray,85.0,0.301
imagenet,independent,dino448+u2net,vgg16,gray,90.0,0.195
imagenet,independent,dino448+u2net,vgg16,gray,95.0,0.101
imagenet,independent,dino448+u2net,vgg16,gray,100.0,0.001
imagenet,independent,dino448+u2net,vgg16,mean,0.0,0.818
imagenet,independent,dino448+u2net,vgg16,mean,5.0,0.797
imagenet,independent,dino448+u2net,vgg16,mean,10.0,0.782
imagenet,independent,dino448+u2net,vgg16,mean,15.0,0.77
imagenet,independent,dino448+u2net,vgg16,mean,20.0,0.753
imagenet,independent,dino448+u2net,vgg16,mean,25.0,0.733
imagenet,independent,dino448+u2net,vgg16,mean,30.0,0.713
imagenet,independent,dino448+u2net,vgg16,mean,35.0,0.695
imagenet,independent,dino448+u2net,vgg16,mean,40.0,0.692
imagenet,independent,dino448+u2net,vgg16,mean,45.0,0.685
imagenet,independent,dino448+u2net,vgg16,mean,50.0,0.65
imagenet,independent,dino448+u2net,vgg16,mean,55.0,0.636
imagenet,independent,dino448+u2net,vgg16,mean,60.0,0.589
imagenet,independent,dino448+u2net,vgg16,mean,65.0,0.545
imagenet,independent,dino448+u2net,vgg16,mean,70.0,0.503
imagenet,independent,dino448+u2net,vgg16,mean,75.0,0.44
imagenet,independent,dino448+u2net,vgg16,mean,80.0,0.388
imagenet,independent,dino448+u2net,vgg16,mean,85.0,0.319
imagenet,independent,dino448+u2net,vgg16,mean,90.0,0.216
imagenet,independent,dino448+u2net,vgg16,mean,95.0,0.113
imagenet,independent,dino448+u2net,vgg16,mean,100.0,0.002
imagenet,independent,dino448+u2net,vgg16,random_noise,0.0,0.818
imagenet,independent,dino448+u2net,vgg16,random_noise,5.0,0.78
imagenet,independent,dino448+u2net,vgg16,random_noise,10.0,0.768
imagenet,independent,dino448+u2net,vgg16,random_noise,15.0,0.75
imagenet,independent,dino448+u2net,vgg16,random_noise,20.0,0.739
imagenet,independent,dino448+u2net,vgg16,random_noise,25.0,0.705
imagenet,independent,dino448+u2net,vgg16,random_noise,30.0,0.696
imagenet,independent,dino448+u2net,vgg16,random_noise,35.0,0.676
imagenet,independent,dino448+u2net,vgg16,random_noise,40.0,0.655
imagenet,independent,dino448+u2net,vgg16,random_noise,45.0,0.653
imagenet,independent,dino448+u2net,vgg16,random_noise,50.0,0.634
imagenet,independent,dino448+u2net,vgg16,random_noise,55.0,0.598
imagenet,independent,dino448+u2net,vgg16,random_noise,60.0,0.577
imagenet,independent,dino448+u2net,vgg16,random_noise,65.0,0.535
imagenet,independent,dino448+u2net,vgg16,random_noise,70.0,0.489
imagenet,independent,dino448+u2net,vgg16,random_noise,75.0,0.442
imagenet,independent,dino448+u2net,vgg16,random_noise,80.0,0.386
imagenet,independent,dino448+u2net,vgg16,random_noise,85.0,0.311
imagenet,independent,dino448+u2net,vgg16,random_noise,90.0,0.22
imagenet,independent,dino448+u2net,vgg16,random_noise,95.0,0.103
imagenet,independent,dino448+u2net,vgg16,random_noise,100.0,0.001
imagenet,independent,dino448+u2net,vgg16,white,0.0,0.818
imagenet,independent,dino448+u2net,vgg16,white,5.0,0.756
imagenet,independent,dino448+u2net,vgg16,white,10.0,0.737
imagenet,independent,dino448+u2net,vgg16,white,15.0,0.706
imagenet,independent,dino448+u2net,vgg16,white,20.0,0.678
imagenet,independent,dino448+u2net,vgg16,white,25.0,0.65
imagenet,independent,dino448+u2net,vgg16,white,30.0,0.626
imagenet,independent,dino448+u2net,vgg16,white,35.0,0.617
imagenet,independent,dino448+u2net,vgg16,white,40.0,0.592
imagenet,independent,dino448+u2net,vgg16,white,45.0,0.584
imagenet,independent,dino448+u2net,vgg16,white,50.0,0.563
imagenet,independent,dino448+u2net,vgg16,white,55.0,0.54
imagenet,independent,dino448+u2net,vgg16,white,60.0,0.507
imagenet,independent,dino448+u2net,vgg16,white,65.0,0.464
imagenet,independent,dino448+u2net,vgg16,white,70.0,0.412
imagenet,independent,dino448+u2net,vgg16,white,75.0,0.364
imagenet,independent,dino448+u2net,vgg16,white,80.0,0.304
imagenet,independent,dino448+u2net,vgg16,white,85.0,0.24
imagenet,independent,dino448+u2net,vgg16,white,90.0,0.153
imagenet,independent,dino448+u2net,vgg16,white,95.0,0.066
imagenet,independent,dino448+u2net,vgg16,white,100.0,0.001
imagenet,independent,dinov2_COMBO_ENT_SMOOTH,mobilenet_v2,black,0.0,0.801
imagenet,independent,dinov2_COMBO_ENT_SMOOTH,mobilenet_v2,black,5.0,0.793
imagenet,independent,dinov2_COMBO_ENT_SMOOTH,mobilenet_v2,black,10.0,0.8
imagenet,independent,dinov2_COMBO_ENT_SMOOTH,mobilenet_v2,black,15.0,0.788
imagenet,independent,dinov2_COMBO_ENT_SMOOTH,mobilenet_v2,black,20.0,0.782
imagenet,independent,dinov2_COMBO_ENT_SMOOTH,mobilenet_v2,black,25.0,0.782
imagenet,independent,dinov2_COMBO_ENT_SMOOTH,mobilenet_v2,black,30.0,0.778
imagenet,independent,dinov2_COMBO_ENT_SMOOTH,mobilenet_v2,black,35.0,0.766
imagenet,independent,dinov2_COMBO_ENT_SMOOTH,mobilenet_v2,black,40.0,0.757
imagenet,independent,dinov2_COMBO_ENT_SMOOTH,mobilenet_v2,black,45.0,0.761
imagenet,independent,dinov2_COMBO_ENT_SMOOTH,mobilenet_v2,black,50.0,0.748
imagenet,independent,dinov2_COMBO_ENT_SMOOTH,mobilenet_v2,black,55.0,0.72
imagenet,independent,dinov2_COMBO_ENT_SMOOTH,mobilenet_v2,black,60.0,0.703
imagenet,independent,dinov2_COMBO_ENT_SMOOTH,mobilenet_v2,black,65.0,0.679
imagenet,independent,dinov2_COMBO_ENT_SMOOTH,mobilenet_v2,black,70.0,0.649
imagenet,independent,dinov2_COMBO_ENT_SMOOTH,mobilenet_v2,black,75.0,0.609
imagenet,independent,dinov2_COMBO_ENT_SMOOTH,mobilenet_v2,black,80.0,0.578
imagenet,independent,dinov2_COMBO_ENT_SMOOTH,mobilenet_v2,black,85.0,0.509
imagenet,independent,dinov2_COMBO_ENT_SMOOTH,mobilenet_v2,black,90.0,0.394
imagenet,independent,dinov2_COMBO_ENT_SMOOTH,mobilenet_v2,black,95.0,0.214
imagenet,independent,dinov2_COMBO_ENT_SMOOTH,mobilenet_v2,black,100.0,0.001
imagenet,independent,dinov2_COMBO_ENT_SMOOTH,mobilenet_v2,blur,0.0,0.801
imagenet,independent,dinov2_COMBO_ENT_SMOOTH,mobilenet_v2,blur,5.0,0.795
imagenet,independent,dinov2_COMBO_ENT_SMOOTH,mobilenet_v2,blur,10.0,0.795
imagenet,independent,dinov2_COMBO_ENT_SMOOTH,mobilenet_v2,blur,15.0,0.792
imagenet,independent,dinov2_COMBO_ENT_SMOOTH,mobilenet_v2,blur,20.0,0.786
imagenet,independent,dinov2_COMBO_ENT_SMOOTH,mobilenet_v2,blur,25.0,0.777
imagenet,independent,dinov2_COMBO_ENT_SMOOTH,mobilenet_v2,blur,30.0,0.771
imagenet,independent,dinov2_COMBO_ENT_SMOOTH,mobilenet_v2,blur,35.0,0.752
imagenet,independent,dinov2_COMBO_ENT_SMOOTH,mobilenet_v2,blur,40.0,0.739
imagenet,independent,dinov2_COMBO_ENT_SMOOTH,mobilenet_v2,blur,45.0,0.716
imagenet,independent,dinov2_COMBO_ENT_SMOOTH,mobilenet_v2,blur,50.0,0.704
imagenet,independent,dinov2_COMBO_ENT_SMOOTH,mobilenet_v2,blur,55.0,0.685
imagenet,independent,dinov2_COMBO_ENT_SMOOTH,mobilenet_v2,blur,60.0,0.663
imagenet,independent,dinov2_COMBO_ENT_SMOOTH,mobilenet_v2,blur,65.0,0.641
imagenet,independent,dinov2_COMBO_ENT_SMOOTH,mobilenet_v2,blur,70.0,0.607
imagenet,independent,dinov2_COMBO_ENT_SMOOTH,mobilenet_v2,blur,75.0,0.571
imagenet,independent,dinov2_COMBO_ENT_SMOOTH,mobilenet_v2,blur,80.0,0.52
imagenet,independent,dinov2_COMBO_ENT_SMOOTH,mobilenet_v2,blur,85.0,0.42
imagenet,independent,dinov2_COMBO_ENT_SMOOTH,mobilenet_v2,blur,90.0,0.312
imagenet,independent,dinov2_COMBO_ENT_SMOOTH,mobilenet_v2,blur,95.0,0.182
imagenet,independent,dinov2_COMBO_ENT_SMOOTH,mobilenet_v2,blur,100.0,0.056
imagenet,independent,dinov2_COMBO_ENT_SMOOTH,mobilenet_v2,gray,0.0,0.801
imagenet,independent,dinov2_COMBO_ENT_SMOOTH,mobilenet_v2,gray,5.0,0.796
imagenet,independent,dinov2_COMBO_ENT_SMOOTH,mobilenet_v2,gray,10.0,0.797
imagenet,independent,dinov2_COMBO_ENT_SMOOTH,mobilenet_v2,gray,15.0,0.791
imagenet,independent,dinov2_COMBO_ENT_SMOOTH,mobilenet_v2,gray,20.0,0.787
imagenet,independent,dinov2_COMBO_ENT_SMOOTH,mobilenet_v2,gray,25.0,0.775
imagenet,independent,dinov2_COMBO_ENT_SMOOTH,mobilenet_v2,gray,30.0,0.772
imagenet,independent,dinov2_COMBO_ENT_SMOOTH,mobilenet_v2,gray,35.0,0.774
imagenet,independent,dinov2_COMBO_ENT_SMOOTH,mobilenet_v2,gray,40.0,0.757
imagenet,independent,dinov2_COMBO_ENT_SMOOTH,mobilenet_v2,gray,45.0,0.749
imagenet,independent,dinov2_COMBO_ENT_SMOOTH,mobilenet_v2,gray,50.0,0.746
imagenet,independent,dinov2_COMBO_ENT_SMOOTH,mobilenet_v2,gray,55.0,0.718
imagenet,independent,dinov2_COMBO_ENT_SMOOTH,mobilenet_v2,gray,60.0,0.71
imagenet,independent,dinov2_COMBO_ENT_SMOOTH,mobilenet_v2,gray,65.0,0.685
imagenet,independent,dinov2_COMBO_ENT_SMOOTH,mobilenet_v2,gray,70.0,0.658
imagenet,independent,dinov2_COMBO_ENT_SMOOTH,mobilenet_v2,gray,75.0,0.624
imagenet,independent,dinov2_COMBO_ENT_SMOOTH,mobilenet_v2,gray,80.0,0.588
imagenet,independent,dinov2_COMBO_ENT_SMOOTH,mobilenet_v2,gray,85.0,0.549
imagenet,independent,dinov2_COMBO_ENT_SMOOTH,mobilenet_v2,gray,90.0,0.415
imagenet,independent,dinov2_COMBO_ENT_SMOOTH,mobilenet_v2,gray,95.0,0.254
imagenet,independent,dinov2_COMBO_ENT_SMOOTH,mobilenet_v2,gray,100.0,0.001
imagenet,independent,dinov2_COMBO_ENT_SMOOTH,mobilenet_v2,mean,0.0,0.801
imagenet,independent,dinov2_COMBO_ENT_SMOOTH,mobilenet_v2,mean,5.0,0.794
imagenet,independent,dinov2_COMBO_ENT_SMOOTH,mobilenet_v2,mean,10.0,0.795
imagenet,independent,dinov2_COMBO_ENT_SMOOTH,mobilenet_v2,mean,15.0,0.791
imagenet,independent,dinov2_COMBO_ENT_SMOOTH,mobilenet_v2,mean,20.0,0.79
imagenet,independent,dinov2_COMBO_ENT_SMOOTH,mobilenet_v2,mean,25.0,0.776
imagenet,independent,dinov2_COMBO_ENT_SMOOTH,mobilenet_v2,mean,30.0,0.777
imagenet,independent,dinov2_COMBO_ENT_SMOOTH,mobilenet_v2,mean,35.0,0.773
imagenet,independent,dinov2_COMBO_ENT_SMOOTH,mobilenet_v2,mean,40.0,0.763
imagenet,independent,dinov2_COMBO_ENT_SMOOTH,mobilenet_v2,mean,45.0,0.751
imagenet,independent,dinov2_COMBO_ENT_SMOOTH,mobilenet_v2,mean,50.0,0.735
imagenet,independent,dinov2_COMBO_ENT_SMOOTH,mobilenet_v2,mean,55.0,0.721
imagenet,independent,dinov2_COMBO_ENT_SMOOTH,mobilenet_v2,mean,60.0,0.711
imagenet,independent,dinov2_COMBO_ENT_SMOOTH,mobilenet_v2,mean,65.0,0.688
imagenet,independent,dinov2_COMBO_ENT_SMOOTH,mobilenet_v2,mean,70.0,0.662
imagenet,independent,dinov2_COMBO_ENT_SMOOTH,mobilenet_v2,mean,75.0,0.641
imagenet,independent,dinov2_COMBO_ENT_SMOOTH,mobilenet_v2,mean,80.0,0.591
imagenet,independent,dinov2_COMBO_ENT_SMOOTH,mobilenet_v2,mean,85.0,0.539
imagenet,independent,dinov2_COMBO_ENT_SMOOTH,mobilenet_v2,mean,90.0,0.404
imagenet,independent,dinov2_COMBO_ENT_SMOOTH,mobilenet_v2,mean,95.0,0.22
imagenet,independent,dinov2_COMBO_ENT_SMOOTH,mobilenet_v2,mean,100.0,0.003
imagenet,independent,dinov2_COMBO_ENT_SMOOTH,mobilenet_v2,random_noise,0.0,0.801
imagenet,independent,dinov2_COMBO_ENT_SMOOTH,mobilenet_v2,random_noise,5.0,0.786
imagenet,independent,dinov2_COMBO_ENT_SMOOTH,mobilenet_v2,random_noise,10.0,0.789
imagenet,independent,dinov2_COMBO_ENT_SMOOTH,mobilenet_v2,random_noise,15.0,0.774
imagenet,independent,dinov2_COMBO_ENT_SMOOTH,mobilenet_v2,random_noise,20.0,0.769
imagenet,independent,dinov2_COMBO_ENT_SMOOTH,mobilenet_v2,random_noise,25.0,0.762
imagenet,independent,dinov2_COMBO_ENT_SMOOTH,mobilenet_v2,random_noise,30.0,0.751
imagenet,independent,dinov2_COMBO_ENT_SMOOTH,mobilenet_v2,random_noise,35.0,0.734
imagenet,independent,dinov2_COMBO_ENT_SMOOTH,mobilenet_v2,random_noise,40.0,0.717
imagenet,independent,dinov2_COMBO_ENT_SMOOTH,mobilenet_v2,random_noise,45.0,0.701
imagenet,independent,dinov2_COMBO_ENT_SMOOTH,mobilenet_v2,random_noise,50.0,0.676
imagenet,independent,dinov2_COMBO_ENT_SMOOTH,mobilenet_v2,random_noise,55.0,0.665
imagenet,independent,dinov2_COMBO_ENT_SMOOTH,mobilenet_v2,random_noise,60.0,0.635
imagenet,independent,dinov2_COMBO_ENT_SMOOTH,mobilenet_v2,random_noise,65.0,0.595
imagenet,independent,dinov2_COMBO_ENT_SMOOTH,mobilenet_v2,random_noise,70.0,0.553
imagenet,independent,dinov2_COMBO_ENT_SMOOTH,mobilenet_v2,random_noise,75.0,0.503
imagenet,independent,dinov2_COMBO_ENT_SMOOTH,mobilenet_v2,random_noise,80.0,0.428
imagenet,independent,dinov2_COMBO_ENT_SMOOTH,mobilenet_v2,random_noise,85.0,0.331
imagenet,independent,dinov2_COMBO_ENT_SMOOTH,mobilenet_v2,random_noise,90.0,0.207
imagenet,independent,dinov2_COMBO_ENT_SMOOTH,mobilenet_v2,random_noise,95.0,0.084
imagenet,independent,dinov2_COMBO_ENT_SMOOTH,mobilenet_v2,random_noise,100.0,0.001
imagenet,independent,dinov2_COMBO_ENT_SMOOTH,mobilenet_v2,white,0.0,0.801
imagenet,independent,dinov2_COMBO_ENT_SMOOTH,mobilenet_v2,white,5.0,0.791
imagenet,independent,dinov2_COMBO_ENT_SMOOTH,mobilenet_v2,white,10.0,0.787
imagenet,independent,dinov2_COMBO_ENT_SMOOTH,mobilenet_v2,white,15.0,0.779
imagenet,independent,dinov2_COMBO_ENT_SMOOTH,mobilenet_v2,white,20.0,0.779
imagenet,independent,dinov2_COMBO_ENT_SMOOTH,mobilenet_v2,white,25.0,0.772
imagenet,independent,dinov2_COMBO_ENT_SMOOTH,mobilenet_v2,white,30.0,0.764
imagenet,independent,dinov2_COMBO_ENT_SMOOTH,mobilenet_v2,white,35.0,0.755
imagenet,independent,dinov2_COMBO_ENT_SMOOTH,mobilenet_v2,white,40.0,0.733
imagenet,independent,dinov2_COMBO_ENT_SMOOTH,mobilenet_v2,white,45.0,0.726
imagenet,independent,dinov2_COMBO_ENT_SMOOTH,mobilenet_v2,white,50.0,0.714
imagenet,independent,dinov2_COMBO_ENT_SMOOTH,mobilenet_v2,white,55.0,0.694
imagenet,independent,dinov2_COMBO_ENT_SMOOTH,mobilenet_v2,white,60.0,0.679
imagenet,independent,dinov2_COMBO_ENT_SMOOTH,mobilenet_v2,white,65.0,0.637
imagenet,independent,dinov2_COMBO_ENT_SMOOTH,mobilenet_v2,white,70.0,0.615
imagenet,independent,dinov2_COMBO_ENT_SMOOTH,mobilenet_v2,white,75.0,0.568
imagenet,independent,dinov2_COMBO_ENT_SMOOTH,mobilenet_v2,white,80.0,0.514
imagenet,independent,dinov2_COMBO_ENT_SMOOTH,mobilenet_v2,white,85.0,0.425
imagenet,independent,dinov2_COMBO_ENT_SMOOTH,mobilenet_v2,white,90.0,0.287
imagenet,independent,dinov2_COMBO_ENT_SMOOTH,mobilenet_v2,white,95.0,0.137
imagenet,independent,dinov2_COMBO_ENT_SMOOTH,mobilenet_v2,white,100.0,0.001
imagenet,independent,dinov2_COMBO_ENT_SMOOTH,resnet50,black,0.0,0.92
imagenet,independent,dinov2_COMBO_ENT_SMOOTH,resnet50,black,5.0,0.919
imagenet,independent,dinov2_COMBO_ENT_SMOOTH,resnet50,black,10.0,0.92
imagenet,independent,dinov2_COMBO_ENT_SMOOTH,resnet50,black,15.0,0.923
imagenet,independent,dinov2_COMBO_ENT_SMOOTH,resnet50,black,20.0,0.919
imagenet,independent,dinov2_COMBO_ENT_SMOOTH,resnet50,black,25.0,0.912
imagenet,independent,dinov2_COMBO_ENT_SMOOTH,resnet50,black,30.0,0.914
imagenet,independent,dinov2_COMBO_ENT_SMOOTH,resnet50,black,35.0,0.908
imagenet,independent,dinov2_COMBO_ENT_SMOOTH,resnet50,black,40.0,0.895
imagenet,independent,dinov2_COMBO_ENT_SMOOTH,resnet50,black,45.0,0.892
imagenet,independent,dinov2_COMBO_ENT_SMOOTH,resnet50,black,50.0,0.888
imagenet,independent,dinov2_COMBO_ENT_SMOOTH,resnet50,black,55.0,0.886
imagenet,independent,dinov2_COMBO_ENT_SMOOTH,resnet50,black,60.0,0.856
imagenet,independent,dinov2_COMBO_ENT_SMOOTH,resnet50,black,65.0,0.838
imagenet,independent,dinov2_COMBO_ENT_SMOOTH,resnet50,black,70.0,0.81
imagenet,independent,dinov2_COMBO_ENT_SMOOTH,resnet50,black,75.0,0.783
imagenet,independent,dinov2_COMBO_ENT_SMOOTH,resnet50,black,80.0,0.751
imagenet,independent,dinov2_COMBO_ENT_SMOOTH,resnet50,black,85.0,0.691
imagenet,independent,dinov2_COMBO_ENT_SMOOTH,resnet50,black,90.0,0.571
imagenet,independent,dinov2_COMBO_ENT_SMOOTH,resnet50,black,95.0,0.364
imagenet,independent,dinov2_COMBO_ENT_SMOOTH,resnet50,black,100.0,0.001
imagenet,independent,dinov2_COMBO_ENT_SMOOTH,resnet50,blur,0.0,0.92
imagenet,independent,dinov2_COMBO_ENT_SMOOTH,resnet50,blur,5.0,0.92
imagenet,independent,dinov2_COMBO_ENT_SMOOTH,resnet50,blur,10.0,0.915
imagenet,independent,dinov2_COMBO_ENT_SMOOTH,resnet50,blur,15.0,0.919
imagenet,independent,dinov2_COMBO_ENT_SMOOTH,resnet50,blur,20.0,0.92
imagenet,independent,dinov2_COMBO_ENT_SMOOTH,resnet50,blur,25.0,0.916
imagenet,independent,dinov2_COMBO_ENT_SMOOTH,resnet50,blur,30.0,0.909
imagenet,independent,dinov2_COMBO_ENT_SMOOTH,resnet50,blur,35.0,0.907
imagenet,independent,dinov2_COMBO_ENT_SMOOTH,resnet50,blur,40.0,0.896
imagenet,independent,dinov2_COMBO_ENT_SMOOTH,resnet50,blur,45.0,0.878
imagenet,independent,dinov2_COMBO_ENT_SMOOTH,resnet50,blur,50.0,0.867
imagenet,independent,dinov2_COMBO_ENT_SMOOTH,resnet50,blur,55.0,0.858
imagenet,independent,dinov2_COMBO_ENT_SMOOTH,resnet50,blur,60.0,0.83
imagenet,independent,dinov2_COMBO_ENT_SMOOTH,resnet50,blur,65.0,0.812
imagenet,independent,dinov2_COMBO_ENT_SMOOTH,resnet50,blur,70.0,0.787
imagenet,independent,dinov2_COMBO_ENT_SMOOTH,resnet50,blur,75.0,0.748
imagenet,independent,dinov2_COMBO_ENT_SMOOTH,resnet50,blur,80.0,0.704
imagenet,independent,dinov2_COMBO_ENT_SMOOTH,resnet50,blur,85.0,0.624
imagenet,independent,dinov2_COMBO_ENT_SMOOTH,resnet50,blur,90.0,0.493
imagenet,independent,dinov2_COMBO_ENT_SMOOTH,resnet50,blur,95.0,0.324
imagenet,independent,dinov2_COMBO_ENT_SMOOTH,resnet50,blur,100.0,0.163
imagenet,independent,dinov2_COMBO_ENT_SMOOTH,resnet50,gray,0.0,0.92
imagenet,independent,dinov2_COMBO_ENT_SMOOTH,resnet50,gray,5.0,0.918
imagenet,independent,dinov2_COMBO_ENT_SMOOTH,resnet50,gray,10.0,0.919
imagenet,independent,dinov2_COMBO_ENT_SMOOTH,resnet50,gray,15.0,0.923
imagenet,independent,dinov2_COMBO_ENT_SMOOTH,resnet50,gray,20.0,0.922
imagenet,independent,dinov2_COMBO_ENT_SMOOTH,resnet50,gray,25.0,0.912
imagenet,independent,dinov2_COMBO_ENT_SMOOTH,resnet50,gray,30.0,0.91
imagenet,independent,dinov2_COMBO_ENT_SMOOTH,resnet50,gray,35.0,0.905
imagenet,independent,dinov2_COMBO_ENT_SMOOTH,resnet50,gray,40.0,0.894
imagenet,independent,dinov2_COMBO_ENT_SMOOTH,resnet50,gray,45.0,0.882
imagenet,independent,dinov2_COMBO_ENT_SMOOTH,resnet50,gray,50.0,0.872
imagenet,independent,dinov2_COMBO_ENT_SMOOTH,resnet50,gray,55.0,0.855
imagenet,independent,dinov2_COMBO_ENT_SMOOTH,resnet50,gray,60.0,0.838
imagenet,independent,dinov2_COMBO_ENT_SMOOTH,resnet50,gray,65.0,0.813
imagenet,independent,dinov2_COMBO_ENT_SMOOTH,resnet50,gray,70.0,0.793
imagenet,independent,dinov2_COMBO_ENT_SMOOTH,resnet50,gray,75.0,0.766
imagenet,independent,dinov2_COMBO_ENT_SMOOTH,resnet50,gray,80.0,0.709
imagenet,independent,dinov2_COMBO_ENT_SMOOTH,resnet50,gray,85.0,0.613
imagenet,independent,dinov2_COMBO_ENT_SMOOTH,resnet50,gray,90.0,0.475
imagenet,independent,dinov2_COMBO_ENT_SMOOTH,resnet50,gray,95.0,0.261
imagenet,independent,dinov2_COMBO_ENT_SMOOTH,resnet50,gray,100.0,0.001
imagenet,independent,dinov2_COMBO_ENT_SMOOTH,resnet50,mean,0.0,0.92
imagenet,independent,dinov2_COMBO_ENT_SMOOTH,resnet50,mean,5.0,0.919
imagenet,independent,dinov2_COMBO_ENT_SMOOTH,resnet50,mean,10.0,0.919
imagenet,independent,dinov2_COMBO_ENT_SMOOTH,resnet50,mean,15.0,0.923
imagenet,independent,dinov2_COMBO_ENT_SMOOTH,resnet50,mean,20.0,0.917
imagenet,independent,dinov2_COMBO_ENT_SMOOTH,resnet50,mean,25.0,0.912
imagenet,independent,dinov2_COMBO_ENT_SMOOTH,resnet50,mean,30.0,0.906
imagenet,independent,dinov2_COMBO_ENT_SMOOTH,resnet50,mean,35.0,0.906
imagenet,independent,dinov2_COMBO_ENT_SMOOTH,resnet50,mean,40.0,0.898
imagenet,independent,dinov2_COMBO_ENT_SMOOTH,resnet50,mean,45.0,0.882
imagenet,independent,dinov2_COMBO_ENT_SMOOTH,resnet50,mean,50.0,0.869
imagenet,independent,dinov2_COMBO_ENT_SMOOTH,resnet50,mean,55.0,0.853
imagenet,independent,dinov2_COMBO_ENT_SMOOTH,resnet50,mean,60.0,0.836
imagenet,independent,dinov2_COMBO_ENT_SMOOTH,resnet50,mean,65.0,0.811
imagenet,independent,dinov2_COMBO_ENT_SMOOTH,resnet50,mean,70.0,0.79
imagenet,independent,dinov2_COMBO_ENT_SMOOTH,resnet50,mean,75.0,0.76
imagenet,independent,dinov2_COMBO_ENT_SMOOTH,resnet50,mean,80.0,0.716
imagenet,independent,dinov2_COMBO_ENT_SMOOTH,resnet50,mean,85.0,0.616
imagenet,independent,dinov2_COMBO_ENT_SMOOTH,resnet50,mean,90.0,0.463
imagenet,independent,dinov2_COMBO_ENT_SMOOTH,resnet50,mean,95.0,0.264
imagenet,independent,dinov2_COMBO_ENT_SMOOTH,resnet50,mean,100.0,0.006
imagenet,independent,dinov2_COMBO_ENT_SMOOTH,resnet50,random_noise,0.0,0.92
imagenet,independent,dinov2_COMBO_ENT_SMOOTH,resnet50,random_noise,5.0,0.918
imagenet,independent,dinov2_COMBO_ENT_SMOOTH,resnet50,random_noise,10.0,0.916
imagenet,independent,dinov2_COMBO_ENT_SMOOTH,resnet50,random_noise,15.0,0.913
imagenet,independent,dinov2_COMBO_ENT_SMOOTH,resnet50,random_noise,20.0,0.917
imagenet,independent,dinov2_COMBO_ENT_SMOOTH,resnet50,random_noise,25.0,0.911
imagenet,independent,dinov2_COMBO_ENT_SMOOTH,resnet50,random_noise,30.0,0.898
imagenet,independent,dinov2_COMBO_ENT_SMOOTH,resnet50,random_noise,35.0,0.881
imagenet,independent,dinov2_COMBO_ENT_SMOOTH,resnet50,random_noise,40.0,0.882
imagenet,independent,dinov2_COMBO_ENT_SMOOTH,resnet50,random_noise,45.0,0.853
imagenet,independent,dinov2_COMBO_ENT_SMOOTH,resnet50,random_noise,50.0,0.836
imagenet,independent,dinov2_COMBO_ENT_SMOOTH,resnet50,random_noise,55.0,0.818
imagenet,independent,dinov2_COMBO_ENT_SMOOTH,resnet50,random_noise,60.0,0.784
imagenet,independent,dinov2_COMBO_ENT_SMOOTH,resnet50,random_noise,65.0,0.752
imagenet,independent,dinov2_COMBO_ENT_SMOOTH,resnet50,random_noise,70.0,0.729
imagenet,independent,dinov2_COMBO_ENT_SMOOTH,resnet50,random_noise,75.0,0.666
imagenet,independent,dinov2_COMBO_ENT_SMOOTH,resnet50,random_noise,80.0,0.59
imagenet,independent,dinov2_COMBO_ENT_SMOOTH,resnet50,random_noise,85.0,0.468
imagenet,independent,dinov2_COMBO_ENT_SMOOTH,resnet50,random_noise,90.0,0.319
imagenet,independent,dinov2_COMBO_ENT_SMOOTH,resnet50,random_noise,95.0,0.134
imagenet,independent,dinov2_COMBO_ENT_SMOOTH,resnet50,random_noise,100.0,0.001
imagenet,independent,dinov2_COMBO_ENT_SMOOTH,resnet50,white,0.0,0.92
imagenet,independent,dinov2_COMBO_ENT_SMOOTH,resnet50,white,5.0,0.918
imagenet,independent,dinov2_COMBO_ENT_SMOOTH,resnet50,white,10.0,0.918
imagenet,independent,dinov2_COMBO_ENT_SMOOTH,resnet50,white,15.0,0.921
imagenet,independent,dinov2_COMBO_ENT_SMOOTH,resnet50,white,20.0,0.918
imagenet,independent,dinov2_COMBO_ENT_SMOOTH,resnet50,white,25.0,0.915
imagenet,independent,dinov2_COMBO_ENT_SMOOTH,resnet50,white,30.0,0.914
imagenet,independent,dinov2_COMBO_ENT_SMOOTH,resnet50,white,35.0,0.897
imagenet,independent,dinov2_COMBO_ENT_SMOOTH,resnet50,white,40.0,0.885
imagenet,independent,dinov2_COMBO_ENT_SMOOTH,resnet50,white,45.0,0.874
imagenet,independent,dinov2_COMBO_ENT_SMOOTH,resnet50,white,50.0,0.853
imagenet,independent,dinov2_COMBO_ENT_SMOOTH,resnet50,white,55.0,0.832
imagenet,independent,dinov2_COMBO_ENT_SMOOTH,resnet50,white,60.0,0.809
imagenet,independent,dinov2_COMBO_ENT_SMOOTH,resnet50,white,65.0,0.782
imagenet,independent,dinov2_COMBO_ENT_SMOOTH,resnet50,white,70.0,0.76
imagenet,independent,dinov2_COMBO_ENT_SMOOTH,resnet50,white,75.0,0.703
imagenet,independent,dinov2_COMBO_ENT_SMOOTH,resnet50,white,80.0,0.656
imagenet,independent,dinov2_COMBO_ENT_SMOOTH,resnet50,white,85.0,0.537
imagenet,independent,dinov2_COMBO_ENT_SMOOTH,resnet50,white,90.0,0.406
imagenet,independent,dinov2_COMBO_ENT_SMOOTH,resnet50,white,95.0,0.178
imagenet,independent,dinov2_COMBO_ENT_SMOOTH,resnet50,white,100.0,0.001
imagenet,independent,dinov2_COMBO_ENT_SMOOTH,vgg16,black,0.0,0.818
imagenet,independent,dinov2_COMBO_ENT_SMOOTH,vgg16,black,5.0,0.791
imagenet,independent,dinov2_COMBO_ENT_SMOOTH,vgg16,black,10.0,0.775
imagenet,independent,dinov2_COMBO_ENT_SMOOTH,vgg16,black,15.0,0.756
imagenet,independent,dinov2_COMBO_ENT_SMOOTH,vgg16,black,20.0,0.747
imagenet,independent,dinov2_COMBO_ENT_SMOOTH,vgg16,black,25.0,0.722
imagenet,independent,dinov2_COMBO_ENT_SMOOTH,vgg16,black,30.0,0.696
imagenet,independent,dinov2_COMBO_ENT_SMOOTH,vgg16,black,35.0,0.685
imagenet,independent,dinov2_COMBO_ENT_SMOOTH,vgg16,black,40.0,0.648
imagenet,independent,dinov2_COMBO_ENT_SMOOTH,vgg16,black,45.0,0.627
imagenet,independent,dinov2_COMBO_ENT_SMOOTH,vgg16,black,50.0,0.602
imagenet,independent,dinov2_COMBO_ENT_SMOOTH,vgg16,black,55.0,0.547
imagenet,independent,dinov2_COMBO_ENT_SMOOTH,vgg16,black,60.0,0.491
imagenet,independent,dinov2_COMBO_ENT_SMOOTH,vgg16,black,65.0,0.458
imagenet,independent,dinov2_COMBO_ENT_SMOOTH,vgg16,black,70.0,0.402
imagenet,independent,dinov2_COMBO_ENT_SMOOTH,vgg16,black,75.0,0.341
imagenet,independent,dinov2_COMBO_ENT_SMOOTH,vgg16,black,80.0,0.286
imagenet,independent,dinov2_COMBO_ENT_SMOOTH,vgg16,black,85.0,0.204
imagenet,independent,dinov2_COMBO_ENT_SMOOTH,vgg16,black,90.0,0.133
imagenet,independent,dinov2_COMBO_ENT_SMOOTH,vgg16,black,95.0,0.051
imagenet,independent,dinov2_COMBO_ENT_SMOOTH,vgg16,black,100.0,0.001
imagenet,independent,dinov2_COMBO_ENT_SMOOTH,vgg16,blur,0.0,0.818
imagenet,independent,dinov2_COMBO_ENT_SMOOTH,vgg16,blur,5.0,0.818
imagenet,independent,dinov2_COMBO_ENT_SMOOTH,vgg16,blur,10.0,0.812
imagenet,independent,dinov2_COMBO_ENT_SMOOTH,vgg16,blur,15.0,0.813
imagenet,independent,dinov2_COMBO_ENT_SMOOTH,vgg16,blur,20.0,0.802
imagenet,independent,dinov2_COMBO_ENT_SMOOTH,vgg16,blur,25.0,0.796
imagenet,independent,dinov2_COMBO_ENT_SMOOTH,vgg16,blur,30.0,0.786
imagenet,independent,dinov2_COMBO_ENT_SMOOTH,vgg16,blur,35.0,0.781
imagenet,independent,dinov2_COMBO_ENT_SMOOTH,vgg16,blur,40.0,0.762
imagenet,independent,dinov2_COMBO_ENT_SMOOTH,vgg16,blur,45.0,0.746
imagenet,independent,dinov2_COMBO_ENT_SMOOTH,vgg16,blur,50.0,0.721
imagenet,independent,dinov2_COMBO_ENT_SMOOTH,vgg16,blur,55.0,0.696
imagenet,independent,dinov2_COMBO_ENT_SMOOTH,vgg16,blur,60.0,0.666
imagenet,independent,dinov2_COMBO_ENT_SMOOTH,vgg16,blur,65.0,0.634
imagenet,independent,dinov2_COMBO_ENT_SMOOTH,vgg16,blur,70.0,0.61
imagenet,independent,dinov2_COMBO_ENT_SMOOTH,vgg16,blur,75.0,0.555
imagenet,independent,dinov2_COMBO_ENT_SMOOTH,vgg16,blur,80.0,0.495
imagenet,independent,dinov2_COMBO_ENT_SMOOTH,vgg16,blur,85.0,0.41
imagenet,independent,dinov2_COMBO_ENT_SMOOTH,vgg16,blur,90.0,0.312
imagenet,independent,dinov2_COMBO_ENT_SMOOTH,vgg16,blur,95.0,0.177
imagenet,independent,dinov2_COMBO_ENT_SMOOTH,vgg16,blur,100.0,0.034
imagenet,independent,dinov2_COMBO_ENT_SMOOTH,vgg16,gray,0.0,0.818
imagenet,independent,dinov2_COMBO_ENT_SMOOTH,vgg16,gray,5.0,0.814
imagenet,independent,dinov2_COMBO_ENT_SMOOTH,vgg16,gray,10.0,0.802
imagenet,independent,dinov2_COMBO_ENT_SMOOTH,vgg16,gray,15.0,0.773
imagenet,independent,dinov2_COMBO_ENT_SMOOTH,vgg16,gray,20.0,0.769
imagenet,independent,dinov2_COMBO_ENT_SMOOTH,vgg16,gray,25.0,0.74
imagenet,independent,dinov2_COMBO_ENT_SMOOTH,vgg16,gray,30.0,0.73
imagenet,independent,dinov2_COMBO_ENT_SMOOTH,vgg16,gray,35.0,0.704
imagenet,independent,dinov2_COMBO_ENT_SMOOTH,vgg16,gray,40.0,0.69
imagenet,independent,dinov2_COMBO_ENT_SMOOTH,vgg16,gray,45.0,0.658
imagenet,independent,dinov2_COMBO_ENT_SMOOTH,vgg16,gray,50.0,0.641
imagenet,independent,dinov2_COMBO_ENT_SMOOTH,vgg16,gray,55.0,0.619
imagenet,independent,dinov2_COMBO_ENT_SMOOTH,vgg16,gray,60.0,0.581
imagenet,independent,dinov2_COMBO_ENT_SMOOTH,vgg16,gray,65.0,0.533
imagenet,independent,dinov2_COMBO_ENT_SMOOTH,vgg16,gray,70.0,0.493
imagenet,independent,dinov2_COMBO_ENT_SMOOTH,vgg16,gray,75.0,0.446
imagenet,independent,dinov2_COMBO_ENT_SMOOTH,vgg16,gray,80.0,0.373
imagenet,independent,dinov2_COMBO_ENT_SMOOTH,vgg16,gray,85.0,0.294
imagenet,independent,dinov2_COMBO_ENT_SMOOTH,vgg16,gray,90.0,0.208
imagenet,independent,dinov2_COMBO_ENT_SMOOTH,vgg16,gray,95.0,0.099
imagenet,independent,dinov2_COMBO_ENT_SMOOTH,vgg16,gray,100.0,0.001
imagenet,independent,dinov2_COMBO_ENT_SMOOTH,vgg16,mean,0.0,0.818
imagenet,independent,dinov2_COMBO_ENT_SMOOTH,vgg16,mean,5.0,0.813
imagenet,independent,dinov2_COMBO_ENT_SMOOTH,vgg16,mean,10.0,0.801
imagenet,independent,dinov2_COMBO_ENT_SMOOTH,vgg16,mean,15.0,0.789
imagenet,independent,dinov2_COMBO_ENT_SMOOTH,vgg16,mean,20.0,0.785
imagenet,independent,dinov2_COMBO_ENT_SMOOTH,vgg16,mean,25.0,0.762
imagenet,independent,dinov2_COMBO_ENT_SMOOTH,vgg16,mean,30.0,0.745
imagenet,independent,dinov2_COMBO_ENT_SMOOTH,vgg16,mean,35.0,0.726
imagenet,independent,dinov2_COMBO_ENT_SMOOTH,vgg16,mean,40.0,0.702
imagenet,independent,dinov2_COMBO_ENT_SMOOTH,vgg16,mean,45.0,0.689
imagenet,independent,dinov2_COMBO_ENT_SMOOTH,vgg16,mean,50.0,0.659
imagenet,independent,dinov2_COMBO_ENT_SMOOTH,vgg16,mean,55.0,0.638
imagenet,independent,dinov2_COMBO_ENT_SMOOTH,vgg16,mean,60.0,0.605
imagenet,independent,dinov2_COMBO_ENT_SMOOTH,vgg16,mean,65.0,0.565
imagenet,independent,dinov2_COMBO_ENT_SMOOTH,vgg16,mean,70.0,0.518
imagenet,independent,dinov2_COMBO_ENT_SMOOTH,vgg16,mean,75.0,0.47
imagenet,independent,dinov2_COMBO_ENT_SMOOTH,vgg16,mean,80.0,0.398
imagenet,independent,dinov2_COMBO_ENT_SMOOTH,vgg16,mean,85.0,0.32
imagenet,independent,dinov2_COMBO_ENT_SMOOTH,vgg16,mean,90.0,0.226
imagenet,independent,dinov2_COMBO_ENT_SMOOTH,vgg16,mean,95.0,0.116
imagenet,independent,dinov2_COMBO_ENT_SMOOTH,vgg16,mean,100.0,0.002
imagenet,independent,dinov2_COMBO_ENT_SMOOTH,vgg16,random_noise,0.0,0.818
imagenet,independent,dinov2_COMBO_ENT_SMOOTH,vgg16,random_noise,5.0,0.805
imagenet,independent,dinov2_COMBO_ENT_SMOOTH,vgg16,random_noise,10.0,0.796
imagenet,independent,dinov2_COMBO_ENT_SMOOTH,vgg16,random_noise,15.0,0.771
imagenet,independent,dinov2_COMBO_ENT_SMOOTH,vgg16,random_noise,20.0,0.771
imagenet,independent,dinov2_COMBO_ENT_SMOOTH,vgg16,random_noise,25.0,0.752
imagenet,independent,dinov2_COMBO_ENT_SMOOTH,vgg16,random_noise,30.0,0.746
imagenet,independent,dinov2_COMBO_ENT_SMOOTH,vgg16,random_noise,35.0,0.722
imagenet,independent,dinov2_COMBO_ENT_SMOOTH,vgg16,random_noise,40.0,0.71
imagenet,independent,dinov2_COMBO_ENT_SMOOTH,vgg16,random_noise,45.0,0.691
imagenet,independent,dinov2_COMBO_ENT_SMOOTH,vgg16,random_noise,50.0,0.671
imagenet,independent,dinov2_COMBO_ENT_SMOOTH,vgg16,random_noise,55.0,0.65
imagenet,independent,dinov2_COMBO_ENT_SMOOTH,vgg16,random_noise,60.0,0.594
imagenet,independent,dinov2_COMBO_ENT_SMOOTH,vgg16,random_noise,65.0,0.563
imagenet,independent,dinov2_COMBO_ENT_SMOOTH,vgg16,random_noise,70.0,0.52
imagenet,independent,dinov2_COMBO_ENT_SMOOTH,vgg16,random_noise,75.0,0.463
imagenet,independent,dinov2_COMBO_ENT_SMOOTH,vgg16,random_noise,80.0,0.409
imagenet,independent,dinov2_COMBO_ENT_SMOOTH,vgg16,random_noise,85.0,0.324
imagenet,independent,dinov2_COMBO_ENT_SMOOTH,vgg16,random_noise,90.0,0.236
imagenet,independent,dinov2_COMBO_ENT_SMOOTH,vgg16,random_noise,95.0,0.11
imagenet,independent,dinov2_COMBO_ENT_SMOOTH,vgg16,random_noise,100.0,0.001
imagenet,independent,dinov2_COMBO_ENT_SMOOTH,vgg16,white,0.0,0.818
imagenet,independent,dinov2_COMBO_ENT_SMOOTH,vgg16,white,5.0,0.803
imagenet,independent,dinov2_COMBO_ENT_SMOOTH,vgg16,white,10.0,0.79
imagenet,independent,dinov2_COMBO_ENT_SMOOTH,vgg16,white,15.0,0.763
imagenet,independent,dinov2_COMBO_ENT_SMOOTH,vgg16,white,20.0,0.732
imagenet,independent,dinov2_COMBO_ENT_SMOOTH,vgg16,white,25.0,0.725
imagenet,independent,dinov2_COMBO_ENT_SMOOTH,vgg16,white,30.0,0.704
imagenet,independent,dinov2_COMBO_ENT_SMOOTH,vgg16,white,35.0,0.675
imagenet,independent,dinov2_COMBO_ENT_SMOOTH,vgg16,white,40.0,0.663
imagenet,independent,dinov2_COMBO_ENT_SMOOTH,vgg16,white,45.0,0.644
imagenet,independent,dinov2_COMBO_ENT_SMOOTH,vgg16,white,50.0,0.617
imagenet,independent,dinov2_COMBO_ENT_SMOOTH,vgg16,white,55.0,0.594
imagenet,independent,dinov2_COMBO_ENT_SMOOTH,vgg16,white,60.0,0.557
imagenet,independent,dinov2_COMBO_ENT_SMOOTH,vgg16,white,65.0,0.515
imagenet,independent,dinov2_COMBO_ENT_SMOOTH,vgg16,white,70.0,0.463
imagenet,independent,dinov2_COMBO_ENT_SMOOTH,vgg16,white,75.0,0.405
imagenet,independent,dinov2_COMBO_ENT_SMOOTH,vgg16,white,80.0,0.332
imagenet,independent,dinov2_COMBO_ENT_SMOOTH,vgg16,white,85.0,0.253
imagenet,independent,dinov2_COMBO_ENT_SMOOTH,vgg16,white,90.0,0.163
imagenet,independent,dinov2_COMBO_ENT_SMOOTH,vgg16,white,95.0,0.076
imagenet,independent,dinov2_COMBO_ENT_SMOOTH,vgg16,white,100.0,0.001
imagenet,independent,u2net,mobilenet_v2,black,0.0,0.801
imagenet,independent,u2net,mobilenet_v2,black,5.0,0.785
imagenet,independent,u2net,mobilenet_v2,black,10.0,0.783
imagenet,independent,u2net,mobilenet_v2,black,15.0,0.776
imagenet,independent,u2net,mobilenet_v2,black,20.0,0.779
imagenet,independent,u2net,mobilenet_v2,black,25.0,0.776
imagenet,independent,u2net,mobilenet_v2,black,30.0,0.76
imagenet,independent,u2net,mobilenet_v2,black,35.0,0.753
imagenet,independent,u2net,mobilenet_v2,black,40.0,0.744
imagenet,independent,u2net,mobilenet_v2,black,45.0,0.736
imagenet,independent,u2net,mobilenet_v2,black,50.0,0.709
imagenet,independent,u2net,mobilenet_v2,black,55.0,0.698
imagenet,independent,u2net,mobilenet_v2,black,60.0,0.681
imagenet,independent,u2net,mobilenet_v2,black,65.0,0.644
imagenet,independent,u2net,mobilenet_v2,black,70.0,0.604
imagenet,independent,u2net,mobilenet_v2,black,75.0,0.563
imagenet,independent,u2net,mobilenet_v2,black,80.0,0.487
imagenet,independent,u2net,mobilenet_v2,black,85.0,0.381
imagenet,independent,u2net,mobilenet_v2,black,90.0,0.278
imagenet,independent,u2net,mobilenet_v2,black,95.0,0.112
imagenet,independent,u2net,mobilenet_v2,black,100.0,0.001
imagenet,independent,u2net,mobilenet_v2,blur,0.0,0.801
imagenet,independent,u2net,mobilenet_v2,blur,5.0,0.794
imagenet,independent,u2net,mobilenet_v2,blur,10.0,0.79
imagenet,independent,u2net,mobilenet_v2,blur,15.0,0.782
imagenet,independent,u2net,mobilenet_v2,blur,20.0,0.774
imagenet,independent,u2net,mobilenet_v2,blur,25.0,0.772
imagenet,independent,u2net,mobilenet_v2,blur,30.0,0.761
imagenet,independent,u2net,mobilenet_v2,blur,35.0,0.75
imagenet,independent,u2net,mobilenet_v2,blur,40.0,0.738
imagenet,independent,u2net,mobilenet_v2,blur,45.0,0.717
imagenet,independent,u2net,mobilenet_v2,blur,50.0,0.701
imagenet,independent,u2net,mobilenet_v2,blur,55.0,0.682
imagenet,independent,u2net,mobilenet_v2,blur,60.0,0.667
imagenet,independent,u2net,mobilenet_v2,blur,65.0,0.61
imagenet,independent,u2net,mobilenet_v2,blur,70.0,0.584
imagenet,independent,u2net,mobilenet_v2,blur,75.0,0.525
imagenet,independent,u2net,mobilenet_v2,blur,80.0,0.466
imagenet,independent,u2net,mobilenet_v2,blur,85.0,0.361
imagenet,independent,u2net,mobilenet_v2,blur,90.0,0.251
imagenet,independent,u2net,mobilenet_v2,blur,95.0,0.131
imagenet,independent,u2net,mobilenet_v2,blur,100.0,0.056
imagenet,independent,u2net,mobilenet_v2,gray,0.0,0.801
imagenet,independent,u2net,mobilenet_v2,gray,5.0,0.792
imagenet,independent,u2net,mobilenet_v2,gray,10.0,0.779
imagenet,independent,u2net,mobilenet_v2,gray,15.0,0.779
imagenet,independent,u2net,mobilenet_v2,gray,20.0,0.778
imagenet,independent,u2net,mobilenet_v2,gray,25.0,0.766
imagenet,independent,u2net,mobilenet_v2,gray,30.0,0.76
imagenet,independent,u2net,mobilenet_v2,gray,35.0,0.755
imagenet,independent,u2net,mobilenet_v2,gray,40.0,0.743
imagenet,independent,u2net,mobilenet_v2,gray,45.0,0.743
imagenet,independent,u2net,mobilenet_v2,gray,50.0,0.725
imagenet,independent,u2net,mobilenet_v2,gray,55.0,0.711
imagenet,independent,u2net,mobilenet_v2,gray,60.0,0.689
imagenet,independent,u2net,mobilenet_v2,gray,65.0,0.656
imagenet,independent,u2net,mobilenet_v2,gray,70.0,0.624
imagenet,independent,u2net,mobilenet_v2,gray,75.0,0.581
imagenet,independent,u2net,mobilenet_v2,gray,80.0,0.534
imagenet,independent,u2net,mobilenet_v2,gray,85.0,0.433
imagenet,independent,u2net,mobilenet_v2,gray,90.0,0.311
imagenet,independent,u2net,mobilenet_v2,gray,95.0,0.161
imagenet,independent,u2net,mobilenet_v2,gray,100.0,0.001
imagenet,independent,u2net,mobilenet_v2,mean,0.0,0.801
imagenet,independent,u2net,mobilenet_v2,mean,5.0,0.793
imagenet,independent,u2net,mobilenet_v2,mean,10.0,0.787
imagenet,independent,u2net,mobilenet_v2,mean,15.0,0.78
imagenet,independent,u2net,mobilenet_v2,mean,20.0,0.783
imagenet,independent,u2net,mobilenet_v2,mean,25.0,0.773
imagenet,independent,u2net,mobilenet_v2,mean,30.0,0.769
imagenet,independent,u2net,mobilenet_v2,mean,35.0,0.768
imagenet,independent,u2net,mobilenet_v2,mean,40.0,0.756
imagenet,independent,u2net,mobilenet_v2,mean,45.0,0.749
imagenet,independent,u2net,mobilenet_v2,mean,50.0,0.736
imagenet,independent,u2net,mobilenet_v2,mean,55.0,0.723
imagenet,independent,u2net,mobilenet_v2,mean,60.0,0.697
imagenet,independent,u2net,mobilenet_v2,mean,65.0,0.667
imagenet,independent,u2net,mobilenet_v2,mean,70.0,0.638
imagenet,independent,u2net,mobilenet_v2,mean,75.0,0.605
imagenet,independent,u2net,mobilenet_v2,mean,80.0,0.518
imagenet,independent,u2net,mobilenet_v2,mean,85.0,0.435
imagenet,independent,u2net,mobilenet_v2,mean,90.0,0.315
imagenet,independent,u2net,mobilenet_v2,mean,95.0,0.146
imagenet,independent,u2net,mobilenet_v2,mean,100.0,0.003
imagenet,independent,u2net,mobilenet_v2,random_noise,0.0,0.801
imagenet,independent,u2net,mobilenet_v2,random_noise,5.0,0.784
imagenet,independent,u2net,mobilenet_v2,random_noise,10.0,0.779
imagenet,independent,u2net,mobilenet_v2,random_noise,15.0,0.767
imagenet,independent,u2net,mobilenet_v2,random_noise,20.0,0.757
imagenet,independent,u2net,mobilenet_v2,random_noise,25.0,0.75
imagenet,independent,u2net,mobilenet_v2,random_noise,30.0,0.736
imagenet,independent,u2net,mobilenet_v2,random_noise,35.0,0.722
imagenet,independent,u2net,mobilenet_v2,random_noise,40.0,0.705
imagenet,independent,u2net,mobilenet_v2,random_noise,45.0,0.698
imagenet,independent,u2net,mobilenet_v2,random_noise,50.0,0.682
imagenet,independent,u2net,mobilenet_v2,random_noise,55.0,0.644
imagenet,independent,u2net,mobilenet_v2,random_noise,60.0,0.622
imagenet,independent,u2net,mobilenet_v2,random_noise,65.0,0.579
imagenet,independent,u2net,mobilenet_v2,random_noise,70.0,0.533
imagenet,independent,u2net,mobilenet_v2,random_noise,75.0,0.48
imagenet,independent,u2net,mobilenet_v2,random_noise,80.0,0.402
imagenet,independent,u2net,mobilenet_v2,random_noise,85.0,0.306
imagenet,independent,u2net,mobilenet_v2,random_noise,90.0,0.176
imagenet,independent,u2net,mobilenet_v2,random_noise,95.0,0.066
imagenet,independent,u2net,mobilenet_v2,random_noise,100.0,0.001
imagenet,independent,u2net,mobilenet_v2,white,0.0,0.801
imagenet,independent,u2net,mobilenet_v2,white,5.0,0.783
imagenet,independent,u2net,mobilenet_v2,white,10.0,0.773
imagenet,independent,u2net,mobilenet_v2,white,15.0,0.773
imagenet,independent,u2net,mobilenet_v2,white,20.0,0.771
imagenet,independent,u2net,mobilenet_v2,white,25.0,0.77
imagenet,independent,u2net,mobilenet_v2,white,30.0,0.751
imagenet,independent,u2net,mobilenet_v2,white,35.0,0.738
imagenet,independent,u2net,mobilenet_v2,white,40.0,0.733
imagenet,independent,u2net,mobilenet_v2,white,45.0,0.721
imagenet,independent,u2net,mobilenet_v2,white,50.0,0.704
imagenet,independent,u2net,mobilenet_v2,white,55.0,0.684
imagenet,independent,u2net,mobilenet_v2,white,60.0,0.661
imagenet,independent,u2net,mobilenet_v2,white,65.0,0.635
imagenet,independent,u2net,mobilenet_v2,white,70.0,0.574
imagenet,independent,u2net,mobilenet_v2,white,75.0,0.526
imagenet,independent,u2net,mobilenet_v2,white,80.0,0.454
imagenet,independent,u2net,mobilenet_v2,white,85.0,0.373
imagenet,independent,u2net,mobilenet_v2,white,90.0,0.256
imagenet,independent,u2net,mobilenet_v2,white,95.0,0.096
imagenet,independent,u2net,mobilenet_v2,white,100.0,0.001
imagenet,independent,u2net,resnet50,black,0.0,0.92
imagenet,independent,u2net,resnet50,black,5.0,0.916
imagenet,independent,u2net,resnet50,black,10.0,0.916
imagenet,independent,u2net,resnet50,black,15.0,0.913
imagenet,independent,u2net,resnet50,black,20.0,0.907
imagenet,independent,u2net,resnet50,black,25.0,0.899
imagenet,independent,u2net,resnet50,black,30.0,0.902
imagenet,independent,u2net,resnet50,black,35.0,0.897
imagenet,independent,u2net,resnet50,black,40.0,0.892
imagenet,independent,u2net,resnet50,black,45.0,0.878
imagenet,independent,u2net,resnet50,black,50.0,0.861
imagenet,independent,u2net,resnet50,black,55.0,0.843
imagenet,independent,u2net,resnet50,black,60.0,0.828
imagenet,independent,u2net,resnet50,black,65.0,0.786
imagenet,independent,u2net,resnet50,black,70.0,0.76
imagenet,independent,u2net,resnet50,black,75.0,0.712
imagenet,independent,u2net,resnet50,black,80.0,0.633
imagenet,independent,u2net,resnet50,black,85.0,0.533
imagenet,independent,u2net,resnet50,black,90.0,0.366
imagenet,independent,u2net,resnet50,black,95.0,0.17
imagenet,independent,u2net,resnet50,black,100.0,0.001
imagenet,independent,u2net,resnet50,blur,0.0,0.92
imagenet,independent,u2net,resnet50,blur,5.0,0.92
imagenet,independent,u2net,resnet50,blur,10.0,0.919
imagenet,independent,u2net,resnet50,blur,15.0,0.919
imagenet,independent,u2net,resnet50,blur,20.0,0.916
imagenet,independent,u2net,resnet50,blur,25.0,0.913
imagenet,independent,u2net,resnet50,blur,30.0,0.905
imagenet,independent,u2net,resnet50,blur,35.0,0.903
imagenet,independent,u2net,resnet50,blur,40.0,0.889
imagenet,independent,u2net,resnet50,blur,45.0,0.882
imagenet,independent,u2net,resnet50,blur,50.0,0.871
imagenet,independent,u2net,resnet50,blur,55.0,0.858
imagenet,independent,u2net,resnet50,blur,60.0,0.838
imagenet,independent,u2net,resnet50,blur,65.0,0.801
imagenet,independent,u2net,resnet50,blur,70.0,0.765
imagenet,independent,u2net,resnet50,blur,75.0,0.718
imagenet,independent,u2net,resnet50,blur,80.0,0.66
imagenet,independent,u2net,resnet50,blur,85.0,0.562
imagenet,independent,u2net,resnet50,blur,90.0,0.419
imagenet,independent,u2net,resnet50,blur,95.0,0.237
imagenet,independent,u2net,resnet50,blur,100.0,0.163
imagenet,independent,u2net,resnet50,gray,0.0,0.92
imagenet,independent,u2net,resnet50,gray,5.0,0.918
imagenet,independent,u2net,resnet50,gray,10.0,0.918
imagenet,independent,u2net,resnet50,gray,15.0,0.911
imagenet,independent,u2net,resnet50,gray,20.0,0.91
imagenet,independent,u2net,resnet50,gray,25.0,0.909
imagenet,independent,u2net,resnet50,gray,30.0,0.898
imagenet,independent,u2net,resnet50,gray,35.0,0.896
imagenet,independent,u2net,resnet50,gray,40.0,0.888
imagenet,independent,u2net,resnet50,gray,45.0,0.873
imagenet,independent,u2net,resnet50,gray,50.0,0.862
imagenet,independent,u2net,resnet50,gray,55.0,0.843
imagenet,independent,u2net,resnet50,gray,60.0,0.823
imagenet,independent,u2net,resnet50,gray,65.0,0.79
imagenet,independent,u2net,resnet50,gray,70.0,0.759
imagenet,independent,u2net,resnet50,gray,75.0,0.696
imagenet,independent,u2net,resnet50,gray,80.0,0.619
imagenet,independent,u2net,resnet50,gray,85.0,0.516
imagenet,independent,u2net,resnet50,gray,90.0,0.371
imagenet,independent,u2net,resnet50,gray,95.0,0.169
imagenet,independent,u2net,resnet50,gray,100.0,0.001
imagenet,independent,u2net,resnet50,mean,0.0,0.92
imagenet,independent,u2net,resnet50,mean,5.0,0.916
imagenet,independent,u2net,resnet50,mean,10.0,0.92
imagenet,independent,u2net,resnet50,mean,15.0,0.914
imagenet,independent,u2net,resnet50,mean,20.0,0.912
imagenet,independent,u2net,resnet50,mean,25.0,0.91
imagenet,independent,u2net,resnet50,mean,30.0,0.907
imagenet,independent,u2net,resnet50,mean,35.0,0.897
imagenet,independent,u2net,resnet50,mean,40.0,0.893
imagenet,independent,u2net,resnet50,mean,45.0,0.886
imagenet,independent,u2net,resnet50,mean,50.0,0.877
imagenet,independent,u2net,resnet50,mean,55.0,0.86
imagenet,independent,u2net,resnet50,mean,60.0,0.841
imagenet,independent,u2net,resnet50,mean,65.0,0.806
imagenet,independent,u2net,resnet50,mean,70.0,0.77
imagenet,independent,u2net,resnet50,mean,75.0,0.719
imagenet,independent,u2net,resnet50,mean,80.0,0.634
imagenet,independent,u2net,resnet50,mean,85.0,0.528
imagenet,independent,u2net,resnet50,mean,90.0,0.369
imagenet,independent,u2net,resnet50,mean,95.0,0.177
imagenet,independent,u2net,resnet50,mean,100.0,0.006
imagenet,independent,u2net,resnet50,random_noise,0.0,0.92
imagenet,independent,u2net,resnet50,random_noise,5.0,0.919
imagenet,independent,u2net,resnet50,random_noise,10.0,0.916
imagenet,independent,u2net,resnet50,random_noise,15.0,0.911
imagenet,independent,u2net,resnet50,random_noise,20.0,0.906
imagenet,independent,u2net,resnet50,random_noise,25.0,0.891
imagenet,independent,u2net,resnet50,random_noise,30.0,0.893
imagenet,independent,u2net,resnet50,random_noise,35.0,0.879
imagenet,independent,u2net,resnet50,random_noise,40.0,0.867
imagenet,independent,u2net,resnet50,random_noise,45.0,0.845
imagenet,independent,u2net,resnet50,random_noise,50.0,0.823
imagenet,independent,u2net,resnet50,random_noise,55.0,0.816
imagenet,independent,u2net,resnet50,random_noise,60.0,0.786
imagenet,independent,u2net,resnet50,random_noise,65.0,0.742
imagenet,independent,u2net,resnet50,random_noise,70.0,0.7
imagenet,independent,u2net,resnet50,random_noise,75.0,0.636
imagenet,independent,u2net,resnet50,random_noise,80.0,0.544
imagenet,independent,u2net,resnet50,random_noise,85.0,0.407
imagenet,independent,u2net,resnet50,random_noise,90.0,0.251
imagenet,independent,u2net,resnet50,random_noise,95.0,0.102
imagenet,independent,u2net,resnet50,random_noise,100.0,0.001
imagenet,independent,u2net,resnet50,white,0.0,0.92
imagenet,independent,u2net,resnet50,white,5.0,0.917
imagenet,independent,u2net,resnet50,white,10.0,0.916
imagenet,independent,u2net,resnet50,white,15.0,0.907
imagenet,independent,u2net,resnet50,white,20.0,0.9
imagenet,independent,u2net,resnet50,white,25.0,0.892
imagenet,independent,u2net,resnet50,white,30.0,0.883
imagenet,independent,u2net,resnet50,white,35.0,0.874
imagenet,independent,u2net,resnet50,white,40.0,0.861
imagenet,independent,u2net,resnet50,white,45.0,0.853
imagenet,independent,u2net,resnet50,white,50.0,0.836
imagenet,independent,u2net,resnet50,white,55.0,0.824
imagenet,independent,u2net,resnet50,white,60.0,0.787
imagenet,independent,u2net,resnet50,white,65.0,0.744
imagenet,independent,u2net,resnet50,white,70.0,0.711
imagenet,independent,u2net,resnet50,white,75.0,0.643
imagenet,independent,u2net,resnet50,white,80.0,0.563
imagenet,independent,u2net,resnet50,white,85.0,0.455
imagenet,independent,u2net,resnet50,white,90.0,0.29
imagenet,independent,u2net,resnet50,white,95.0,0.112
imagenet,independent,u2net,resnet50,white,100.0,0.001
imagenet,independent,u2net,vgg16,black,0.0,0.818
imagenet,independent,u2net,vgg16,black,5.0,0.761
imagenet,independent,u2net,vgg16,black,10.0,0.736
imagenet,independent,u2net,vgg16,black,15.0,0.714
imagenet,independent,u2net,vgg16,black,20.0,0.679
imagenet,independent,u2net,vgg16,black,25.0,0.667
imagenet,independent,u2net,vgg16,black,30.0,0.639
imagenet,independent,u2net,vgg16,black,35.0,0.607
imagenet,independent,u2net,vgg16,black,40.0,0.574
imagenet,independent,u2net,vgg16,black,45.0,0.535
imagenet,independent,u2net,vgg16,black,50.0,0.508
imagenet,independent,u2net,vgg16,black,55.0,0.479
imagenet,independent,u2net,vgg16,black,60.0,0.423
imagenet,independent,u2net,vgg16,black,65.0,0.386
imagenet,independent,u2net,vgg16,black,70.0,0.354
imagenet,independent,u2net,vgg16,black,75.0,0.281
imagenet,independent,u2net,vgg16,black,80.0,0.23
imagenet,independent,u2net,vgg16,black,85.0,0.167
imagenet,independent,u2net,vgg16,black,90.0,0.101
imagenet,independent,u2net,vgg16,black,95.0,0.04
imagenet,independent,u2net,vgg16,black,100.0,0.001
imagenet,independent,u2net,vgg16,blur,0.0,0.818
imagenet,independent,u2net,vgg16,blur,5.0,0.81
imagenet,independent,u2net,vgg16,blur,10.0,0.812
imagenet,independent,u2net,vgg16,blur,15.0,0.807
imagenet,independent,u2net,vgg16,blur,20.0,0.801
imagenet,independent,u2net,vgg16,blur,25.0,0.792
imagenet,independent,u2net,vgg16,blur,30.0,0.782
imagenet,independent,u2net,vgg16,blur,35.0,0.756
imagenet,independent,u2net,vgg16,blur,40.0,0.753
imagenet,independent,u2net,vgg16,blur,45.0,0.735
imagenet,independent,u2net,vgg16,blur,50.0,0.729
imagenet,independent,u2net,vgg16,blur,55.0,0.686
imagenet,independent,u2net,vgg16,blur,60.0,0.658
imagenet,independent,u2net,vgg16,blur,65.0,0.627
imagenet,independent,u2net,vgg16,blur,70.0,0.588
imagenet,independent,u2net,vgg16,blur,75.0,0.529
imagenet,independent,u2net,vgg16,blur,80.0,0.457
imagenet,independent,u2net,vgg16,blur,85.0,0.362
imagenet,independent,u2net,vgg16,blur,90.0,0.244
imagenet,independent,u2net,vgg16,blur,95.0,0.122
imagenet,independent,u2net,vgg16,blur,100.0,0.034
imagenet,independent,u2net,vgg16,gray,0.0,0.818
imagenet,independent,u2net,vgg16,gray,5.0,0.793
imagenet,independent,u2net,vgg16,gray,10.0,0.781
imagenet,independent,u2net,vgg16,gray,15.0,0.766
imagenet,independent,u2net,vgg16,gray,20.0,0.744
imagenet,independent,u2net,vgg16,gray,25.0,0.725
imagenet,independent,u2net,vgg16,gray,30.0,0.701
imagenet,independent,u2net,vgg16,gray,35.0,0.676
imagenet,independent,u2net,vgg16,gray,40.0,0.667
imagenet,independent,u2net,vgg16,gray,45.0,0.644
imagenet,independent,u2net,vgg16,gray,50.0,0.629
imagenet,independent,u2net,vgg16,gray,55.0,0.601
imagenet,independent,u2net,vgg16,gray,60.0,0.561
imagenet,independent,u2net,vgg16,gray,65.0,0.509
imagenet,independent,u2net,vgg16,gray,70.0,0.469
imagenet,independent,u2net,vgg16,gray,75.0,0.407
imagenet,independent,u2net,vgg16,gray,80.0,0.347
imagenet,independent,u2net,vgg16,gray,85.0,0.259
imagenet,independent,u2net,vgg16,gray,90.0,0.16
imagenet,independent,u2net,vgg16,gray,95.0,0.062
imagenet,independent,u2net,vgg16,gray,100.0,0.001
imagenet,independent,u2net,vgg16,mean,0.0,0.818
imagenet,independent,u2net,vgg16,mean,5.0,0.799
imagenet,independent,u2net,vgg16,mean,10.0,0.794
imagenet,independent,u2net,vgg16,mean,15.0,0.779
imagenet,independent,u2net,vgg16,mean,20.0,0.765
imagenet,independent,u2net,vgg16,mean,25.0,0.747
imagenet,independent,u2net,vgg16,mean,30.0,0.731
imagenet,independent,u2net,vgg16,mean,35.0,0.716
imagenet,independent,u2net,vgg16,mean,40.0,0.698
imagenet,independent,u2net,vgg16,mean,45.0,0.675
imagenet,independent,u2net,vgg16,mean,50.0,0.669
imagenet,independent,u2net,vgg16,mean,55.0,0.63
imagenet,independent,u2net,vgg16,mean,60.0,0.591
imagenet,independent,u2net,vgg16,mean,65.0,0.548
imagenet,independent,u2net,vgg16,mean,70.0,0.503
imagenet,independent,u2net,vgg16,mean,75.0,0.431
imagenet,independent,u2net,vgg16,mean,80.0,0.362
imagenet,independent,u2net,vgg16,mean,85.0,0.287
imagenet,independent,u2net,vgg16,mean,90.0,0.171
imagenet,independent,u2net,vgg16,mean,95.0,0.067
imagenet,independent,u2net,vgg16,mean,100.0,0.002
imagenet,independent,u2net,vgg16,random_noise,0.0,0.818
imagenet,independent,u2net,vgg16,random_noise,5.0,0.794
imagenet,independent,u2net,vgg16,random_noise,10.0,0.772
imagenet,independent,u2net,vgg16,random_noise,15.0,0.756
imagenet,independent,u2net,vgg16,random_noise,20.0,0.749
imagenet,independent,u2net,vgg16,random_noise,25.0,0.741
imagenet,independent,u2net,vgg16,random_noise,30.0,0.716
imagenet,independent,u2net,vgg16,random_noise,35.0,0.693
imagenet,independent,u2net,vgg16,random_noise,40.0,0.669
imagenet,independent,u2net,vgg16,random_noise,45.0,0.661
imagenet,independent,u2net,vgg16,random_noise,50.0,0.643
imagenet,independent,u2net,vgg16,random_noise,55.0,0.622
imagenet,independent,u2net,vgg16,random_noise,60.0,0.577
imagenet,independent,u2net,vgg16,random_noise,65.0,0.545
imagenet,independent,u2net,vgg16,random_noise,70.0,0.506
imagenet,independent,u2net,vgg16,random_noise,75.0,0.436
imagenet,independent,u2net,vgg16,random_noise,80.0,0.365
imagenet,independent,u2net,vgg16,random_noise,85.0,0.279
imagenet,independent,u2net,vgg16,random_noise,90.0,0.178
imagenet,independent,u2net,vgg16,random_noise,95.0,0.069
imagenet,independent,u2net,vgg16,random_noise,100.0,0.001
imagenet,independent,u2net,vgg16,white,0.0,0.818
imagenet,independent,u2net,vgg16,white,5.0,0.79
imagenet,independent,u2net,vgg16,white,10.0,0.756
imagenet,independent,u2net,vgg16,white,15.0,0.743
imagenet,independent,u2net,vgg16,white,20.0,0.712
imagenet,independent,u2net,vgg16,white,25.0,0.679
imagenet,independent,u2net,vgg16,white,30.0,0.651
imagenet,independent,u2net,vgg16,white,35.0,0.641
imagenet,independent,u2net,vgg16,white,40.0,0.611
imagenet,independent,u2net,vgg16,white,45.0,0.596
imagenet,independent,u2net,vgg16,white,50.0,0.569
imagenet,independent,u2net,vgg16,white,55.0,0.543
imagenet,independent,u2net,vgg16,white,60.0,0.488
imagenet,independent,u2net,vgg16,white,65.0,0.459
imagenet,independent,u2net,vgg16,white,70.0,0.407
imagenet,independent,u2net,vgg16,white,75.0,0.346
imagenet,independent,u2net,vgg16,white,80.0,0.265
imagenet,independent,u2net,vgg16,white,85.0,0.205
imagenet,independent,u2net,vgg16,white,90.0,0.127
imagenet,independent,u2net,vgg16,white,95.0,0.045
imagenet,independent,u2net,vgg16,white,100.0,0.001
imagenet,independent,u2net+dino,mobilenet_v2,black,0.0,0.801
imagenet,independent,u2net+dino,mobilenet_v2,black,5.0,0.79
imagenet,independent,u2net+dino,mobilenet_v2,black,10.0,0.78
imagenet,independent,u2net+dino,mobilenet_v2,black,15.0,0.774
imagenet,independent,u2net+dino,mobilenet_v2,black,20.0,0.767
imagenet,independent,u2net+dino,mobilenet_v2,black,25.0,0.765
imagenet,independent,u2net+dino,mobilenet_v2,black,30.0,0.761
imagenet,independent,u2net+dino,mobilenet_v2,black,35.0,0.757
imagenet,independent,u2net+dino,mobilenet_v2,black,40.0,0.758
imagenet,independent,u2net+dino,mobilenet_v2,black,45.0,0.725
imagenet,independent,u2net+dino,mobilenet_v2,black,50.0,0.705
imagenet,independent,u2net+dino,mobilenet_v2,black,55.0,0.694
imagenet,independent,u2net+dino,mobilenet_v2,black,60.0,0.678
imagenet,independent,u2net+dino,mobilenet_v2,black,65.0,0.647
imagenet,independent,u2net+dino,mobilenet_v2,black,70.0,0.59
imagenet,independent,u2net+dino,mobilenet_v2,black,75.0,0.565
imagenet,independent,u2net+dino,mobilenet_v2,black,80.0,0.505
imagenet,independent,u2net+dino,mobilenet_v2,black,85.0,0.388
imagenet,independent,u2net+dino,mobilenet_v2,black,90.0,0.273
imagenet,independent,u2net+dino,mobilenet_v2,black,95.0,0.128
imagenet,independent,u2net+dino,mobilenet_v2,black,100.0,0.001
imagenet,independent,u2net+dino,mobilenet_v2,blur,0.0,0.801
imagenet,independent,u2net+dino,mobilenet_v2,blur,5.0,0.798
imagenet,independent,u2net+dino,mobilenet_v2,blur,10.0,0.788
imagenet,independent,u2net+dino,mobilenet_v2,blur,15.0,0.781
imagenet,independent,u2net+dino,mobilenet_v2,blur,20.0,0.778
imagenet,independent,u2net+dino,mobilenet_v2,blur,25.0,0.769
imagenet,independent,u2net+dino,mobilenet_v2,blur,30.0,0.761
imagenet,independent,u2net+dino,mobilenet_v2,blur,35.0,0.757
imagenet,independent,u2net+dino,mobilenet_v2,blur,40.0,0.74
imagenet,independent,u2net+dino,mobilenet_v2,blur,45.0,0.729
imagenet,independent,u2net+dino,mobilenet_v2,blur,50.0,0.704
imagenet,independent,u2net+dino,mobilenet_v2,blur,55.0,0.697
imagenet,independent,u2net+dino,mobilenet_v2,blur,60.0,0.669
imagenet,independent,u2net+dino,mobilenet_v2,blur,65.0,0.635
imagenet,independent,u2net+dino,mobilenet_v2,blur,70.0,0.598
imagenet,independent,u2net+dino,mobilenet_v2,blur,75.0,0.551
imagenet,independent,u2net+dino,mobilenet_v2,blur,80.0,0.499
imagenet,independent,u2net+dino,mobilenet_v2,blur,85.0,0.407
imagenet,independent,u2net+dino,mobilenet_v2,blur,90.0,0.287
imagenet,independent,u2net+dino,mobilenet_v2,blur,95.0,0.159
imagenet,independent,u2net+dino,mobilenet_v2,blur,100.0,0.056
imagenet,independent,u2net+dino,mobilenet_v2,gray,0.0,0.801
imagenet,independent,u2net+dino,mobilenet_v2,gray,5.0,0.79
imagenet,independent,u2net+dino,mobilenet_v2,gray,10.0,0.783
imagenet,independent,u2net+dino,mobilenet_v2,gray,15.0,0.772
imagenet,independent,u2net+dino,mobilenet_v2,gray,20.0,0.767
imagenet,independent,u2net+dino,mobilenet_v2,gray,25.0,0.771
imagenet,independent,u2net+dino,mobilenet_v2,gray,30.0,0.771
imagenet,independent,u2net+dino,mobilenet_v2,gray,35.0,0.76
imagenet,independent,u2net+dino,mobilenet_v2,gray,40.0,0.762
imagenet,independent,u2net+dino,mobilenet_v2,gray,45.0,0.752
imagenet,independent,u2net+dino,mobilenet_v2,gray,50.0,0.724
imagenet,independent,u2net+dino,mobilenet_v2,gray,55.0,0.716
imagenet,independent,u2net+dino,mobilenet_v2,gray,60.0,0.691
imagenet,independent,u2net+dino,mobilenet_v2,gray,65.0,0.662
imagenet,independent,u2net+dino,mobilenet_v2,gray,70.0,0.618
imagenet,independent,u2net+dino,mobilenet_v2,gray,75.0,0.575
imagenet,independent,u2net+dino,mobilenet_v2,gray,80.0,0.522
imagenet,independent,u2net+dino,mobilenet_v2,gray,85.0,0.442
imagenet,independent,u2net+dino,mobilenet_v2,gray,90.0,0.325
imagenet,independent,u2net+dino,mobilenet_v2,gray,95.0,0.158
imagenet,independent,u2net+dino,mobilenet_v2,gray,100.0,0.001
imagenet,independent,u2net+dino,mobilenet_v2,mean,0.0,0.801
imagenet,independent,u2net+dino,mobilenet_v2,mean,5.0,0.792
imagenet,independent,u2net+dino,mobilenet_v2,mean,10.0,0.787
imagenet,independent,u2net+dino,mobilenet_v2,mean,15.0,0.782
imagenet,independent,u2net+dino,mobilenet_v2,mean,20.0,0.773
imagenet,independent,u2net+dino,mobilenet_v2,mean,25.0,0.775
imagenet,independent,u2net+dino,mobilenet_v2,mean,30.0,0.772
imagenet,independent,u2net+dino,mobilenet_v2,mean,35.0,0.765
imagenet,independent,u2net+dino,mobilenet_v2,mean,40.0,0.768
imagenet,independent,u2net+dino,mobilenet_v2,mean,45.0,0.756
imagenet,independent,u2net+dino,mobilenet_v2,mean,50.0,0.732
imagenet,independent,u2net+dino,mobilenet_v2,mean,55.0,0.722
imagenet,independent,u2net+dino,mobilenet_v2,mean,60.0,0.707
imagenet,independent,u2net+dino,mobilenet_v2,mean,65.0,0.68
imagenet,independent,u2net+dino,mobilenet_v2,mean,70.0,0.64
imagenet,independent,u2net+dino,mobilenet_v2,mean,75.0,0.603
imagenet,independent,u2net+dino,mobilenet_v2,mean,80.0,0.542
imagenet,independent,u2net+dino,mobilenet_v2,mean,85.0,0.447
imagenet,independent,u2net+dino,mobilenet_v2,mean,90.0,0.33
imagenet,independent,u2net+dino,mobilenet_v2,mean,95.0,0.173
imagenet,independent,u2net+dino,mobilenet_v2,mean,100.0,0.003
imagenet,independent,u2net+dino,mobilenet_v2,random_noise,0.0,0.801
imagenet,independent,u2net+dino,mobilenet_v2,random_noise,5.0,0.786
imagenet,independent,u2net+dino,mobilenet_v2,random_noise,10.0,0.773
imagenet,independent,u2net+dino,mobilenet_v2,random_noise,15.0,0.759
imagenet,independent,u2net+dino,mobilenet_v2,random_noise,20.0,0.741
imagenet,independent,u2net+dino,mobilenet_v2,random_noise,25.0,0.738
imagenet,independent,u2net+dino,mobilenet_v2,random_noise,30.0,0.73
imagenet,independent,u2net+dino,mobilenet_v2,random_noise,35.0,0.716
imagenet,independent,u2net+dino,mobilenet_v2,random_noise,40.0,0.712
imagenet,independent,u2net+dino,mobilenet_v2,random_noise,45.0,0.685
imagenet,independent,u2net+dino,mobilenet_v2,random_noise,50.0,0.668
imagenet,independent,u2net+dino,mobilenet_v2,random_noise,55.0,0.637
imagenet,independent,u2net+dino,mobilenet_v2,random_noise,60.0,0.602
imagenet,independent,u2net+dino,mobilenet_v2,random_noise,65.0,0.566
imagenet,independent,u2net+dino,mobilenet_v2,random_noise,70.0,0.531
imagenet,independent,u2net+dino,mobilenet_v2,random_noise,75.0,0.457
imagenet,independent,u2net+dino,mobilenet_v2,random_noise,80.0,0.394
imagenet,independent,u2net+dino,mobilenet_v2,random_noise,85.0,0.284
imagenet,independent,u2net+dino,mobilenet_v2,random_noise,90.0,0.179
imagenet,independent,u2net+dino,mobilenet_v2,random_noise,95.0,0.069
imagenet,independent,u2net+dino,mobilenet_v2,random_noise,100.0,0.001
imagenet,independent,u2net+dino,mobilenet_v2,white,0.0,0.801
imagenet,independent,u2net+dino,mobilenet_v2,white,5.0,0.779
imagenet,independent,u2net+dino,mobilenet_v2,white,10.0,0.769
imagenet,independent,u2net+dino,mobilenet_v2,white,15.0,0.757
imagenet,independent,u2net+dino,mobilenet_v2,white,20.0,0.752
imagenet,independent,u2net+dino,mobilenet_v2,white,25.0,0.749
imagenet,independent,u2net+dino,mobilenet_v2,white,30.0,0.74
imagenet,independent,u2net+dino,mobilenet_v2,white,35.0,0.74
imagenet,independent,u2net+dino,mobilenet_v2,white,40.0,0.72
imagenet,independent,u2net+dino,mobilenet_v2,white,45.0,0.715
imagenet,independent,u2net+dino,mobilenet_v2,white,50.0,0.695
imagenet,independent,u2net+dino,mobilenet_v2,white,55.0,0.677
imagenet,independent,u2net+dino,mobilenet_v2,white,60.0,0.655
imagenet,independent,u2net+dino,mobilenet_v2,white,65.0,0.612
imagenet,independent,u2net+dino,mobilenet_v2,white,70.0,0.56
imagenet,independent,u2net+dino,mobilenet_v2,white,75.0,0.518
imagenet,independent,u2net+dino,mobilenet_v2,white,80.0,0.45
imagenet,independent,u2net+dino,mobilenet_v2,white,85.0,0.359
imagenet,independent,u2net+dino,mobilenet_v2,white,90.0,0.243
imagenet,independent,u2net+dino,mobilenet_v2,white,95.0,0.095
imagenet,independent,u2net+dino,mobilenet_v2,white,100.0,0.001
imagenet,independent,u2net+dino,resnet50,black,0.0,0.92
imagenet,independent,u2net+dino,resnet50,black,5.0,0.917
imagenet,independent,u2net+dino,resnet50,black,10.0,0.918
imagenet,independent,u2net+dino,resnet50,black,15.0,0.914
imagenet,independent,u2net+dino,resnet50,black,20.0,0.906
imagenet,independent,u2net+dino,resnet50,black,25.0,0.898
imagenet,independent,u2net+dino,resnet50,black,30.0,0.902
imagenet,independent,u2net+dino,resnet50,black,35.0,0.891
imagenet,independent,u2net+dino,resnet50,black,40.0,0.887
imagenet,independent,u2net+dino,resnet50,black,45.0,0.877
imagenet,independent,u2net+dino,resnet50,black,50.0,0.859
imagenet,independent,u2net+dino,resnet50,black,55.0,0.848
imagenet,independent,u2net+dino,resnet50,black,60.0,0.83
imagenet,independent,u2net+dino,resnet50,black,65.0,0.793
imagenet,independent,u2net+dino,resnet50,black,70.0,0.767
imagenet,independent,u2net+dino,resnet50,black,75.0,0.717
imagenet,independent,u2net+dino,resnet50,black,80.0,0.661
imagenet,independent,u2net+dino,resnet50,black,85.0,0.561
imagenet,independent,u2net+dino,resnet50,black,90.0,0.417
imagenet,independent,u2net+dino,resnet50,black,95.0,0.206
imagenet,independent,u2net+dino,resnet50,black,100.0,0.001
imagenet,independent,u2net+dino,resnet50,blur,0.0,0.92
imagenet,independent,u2net+dino,resnet50,blur,5.0,0.921
imagenet,independent,u2net+dino,resnet50,blur,10.0,0.917
imagenet,independent,u2net+dino,resnet50,blur,15.0,0.914
imagenet,independent,u2net+dino,resnet50,blur,20.0,0.913
imagenet,independent,u2net+dino,resnet50,blur,25.0,0.907
imagenet,independent,u2net+dino,resnet50,blur,30.0,0.903
imagenet,independent,u2net+dino,resnet50,blur,35.0,0.904
imagenet,independent,u2net+dino,resnet50,blur,40.0,0.894
imagenet,independent,u2net+dino,resnet50,blur,45.0,0.892
imagenet,independent,u2net+dino,resnet50,blur,50.0,0.883
imagenet,independent,u2net+dino,resnet50,blur,55.0,0.863
imagenet,independent,u2net+dino,resnet50,blur,60.0,0.839
imagenet,independent,u2net+dino,resnet50,blur,65.0,0.811
imagenet,independent,u2net+dino,resnet50,blur,70.0,0.784
imagenet,independent,u2net+dino,resnet50,blur,75.0,0.737
imagenet,independent,u2net+dino,resnet50,blur,80.0,0.683
imagenet,independent,u2net+dino,resnet50,blur,85.0,0.588
imagenet,independent,u2net+dino,resnet50,blur,90.0,0.44
imagenet,independent,u2net+dino,resnet50,blur,95.0,0.261
imagenet,independent,u2net+dino,resnet50,blur,100.0,0.163
imagenet,independent,u2net+dino,resnet50,gray,0.0,0.92
imagenet,independent,u2net+dino,resnet50,gray,5.0,0.918
imagenet,independent,u2net+dino,resnet50,gray,10.0,0.911
imagenet,independent,u2net+dino,resnet50,gray,15.0,0.908
imagenet,independent,u2net+dino,resnet50,gray,20.0,0.902
imagenet,independent,u2net+dino,resnet50,gray,25.0,0.901
imagenet,independent,u2net+dino,resnet50,gray,30.0,0.895
imagenet,independent,u2net+dino,resnet50,gray,35.0,0.88
imagenet,independent,u2net+dino,resnet50,gray,40.0,0.879
imagenet,independent,u2net+dino,resnet50,gray,45.0,0.865
imagenet,independent,u2net+dino,resnet50,gray,50.0,0.846
imagenet,independent,u2net+dino,resnet50,gray,55.0,0.836
imagenet,independent,u2net+dino,resnet50,gray,60.0,0.819
imagenet,independent,u2net+dino,resnet50,gray,65.0,0.793
imagenet,independent,u2net+dino,resnet50,gray,70.0,0.748
imagenet,independent,u2net+dino,resnet50,gray,75.0,0.698
imagenet,independent,u2net+dino,resnet50,gray,80.0,0.635
imagenet,independent,u2net+dino,resnet50,gray,85.0,0.526
imagenet,independent,u2net+dino,resnet50,gray,90.0,0.393
imagenet,independent,u2net+dino,resnet50,gray,95.0,0.19
imagenet,independent,u2net+dino,resnet50,gray,100.0,0.001
imagenet,independent,u2net+dino,resnet50,mean,0.0,0.92
imagenet,independent,u2net+dino,resnet50,mean,5.0,0.924
imagenet,independent,u2net+dino,resnet50,mean,10.0,0.916
imagenet,independent,u2net+dino,resnet50,mean,15.0,0.914
imagenet,independent,u2net+dino,resnet50,mean,20.0,0.906
imagenet,independent,u2net+dino,resnet50,mean,25.0,0.904
imagenet,independent,u2net+dino,resnet50,mean,30.0,0.897
imagenet,independent,u2net+dino,resnet50,mean,35.0,0.896
imagenet,independent,u2net+dino,resnet50,mean,40.0,0.887
imagenet,independent,u2net+dino,resnet50,mean,45.0,0.88
imagenet,independent,u2net+dino,resnet50,mean,50.0,0.868
imagenet,independent,u2net+dino,resnet50,mean,55.0,0.858
imagenet,independent,u2net+dino,resnet50,mean,60.0,0.832
imagenet,independent,u2net+dino,resnet50,mean,65.0,0.804
imagenet,independent,u2net+dino,resnet50,mean,70.0,0.762
imagenet,independent,u2net+dino,resnet50,mean,75.0,0.707
imagenet,independent,u2net+dino,resnet50,mean,80.0,0.656
imagenet,independent,u2net+dino,resnet50,mean,85.0,0.54
imagenet,independent,u2net+dino,resnet50,mean,90.0,0.402
imagenet,independent,u2net+dino,resnet50,mean,95.0,0.186
imagenet,independent,u2net+dino,resnet50,mean,100.0,0.006
imagenet,independent,u2net+dino,resnet50,random_noise,0.0,0.92
imagenet,independent,u2net+dino,resnet50,random_noise,5.0,0.916
imagenet,independent,u2net+dino,resnet50,random_noise,10.0,0.91
imagenet,independent,u2net+dino,resnet50,random_noise,15.0,0.904
imagenet,independent,u2net+dino,resnet50,random_noise,20.0,0.896
imagenet,independent,u2net+dino,resnet50,random_noise,25.0,0.872
imagenet,independent,u2net+dino,resnet50,random_noise,30.0,0.874
imagenet,independent,u2net+dino,resnet50,random_noise,35.0,0.863
imagenet,independent,u2net+dino,resnet50,random_noise,40.0,0.853
imagenet,independent,u2net+dino,resnet50,random_noise,45.0,0.844
imagenet,independent,u2net+dino,resnet50,random_noise,50.0,0.821
imagenet,independent,u2net+dino,resnet50,random_noise,55.0,0.789
imagenet,independent,u2net+dino,resnet50,random_noise,60.0,0.769
imagenet,independent,u2net+dino,resnet50,random_noise,65.0,0.727
imagenet,independent,u2net+dino,resnet50,random_noise,70.0,0.695
imagenet,independent,u2net+dino,resnet50,random_noise,75.0,0.625
imagenet,independent,u2net+dino,resnet50,random_noise,80.0,0.553
imagenet,independent,u2net+dino,resnet50,random_noise,85.0,0.407
imagenet,independent,u2net+dino,resnet50,random_noise,90.0,0.275
imagenet,independent,u2net+dino,resnet50,random_noise,95.0,0.101
imagenet,independent,u2net+dino,resnet50,random_noise,100.0,0.001
imagenet,independent,u2net+dino,resnet50,white,0.0,0.92
imagenet,independent,u2net+dino,resnet50,white,5.0,0.915
imagenet,independent,u2net+dino,resnet50,white,10.0,0.907
imagenet,independent,u2net+dino,resnet50,white,15.0,0.893
imagenet,independent,u2net+dino,resnet50,white,20.0,0.893
imagenet,independent,u2net+dino,resnet50,white,25.0,0.881
imagenet,independent,u2net+dino,resnet50,white,30.0,0.883
imagenet,independent,u2net+dino,resnet50,white,35.0,0.866
imagenet,independent,u2net+dino,resnet50,white,40.0,0.859
imagenet,independent,u2net+dino,resnet50,white,45.0,0.837
imagenet,independent,u2net+dino,resnet50,white,50.0,0.821
imagenet,independent,u2net+dino,resnet50,white,55.0,0.801
imagenet,independent,u2net+dino,resnet50,white,60.0,0.775
imagenet,independent,u2net+dino,resnet50,white,65.0,0.751
imagenet,independent,u2net+dino,resnet50,white,70.0,0.7
imagenet,independent,u2net+dino,resnet50,white,75.0,0.644
imagenet,independent,u2net+dino,resnet50,white,80.0,0.575
imagenet,independent,u2net+dino,resnet50,white,85.0,0.443
imagenet,independent,u2net+dino,resnet50,white,90.0,0.306
imagenet,independent,u2net+dino,resnet50,white,95.0,0.122
imagenet,independent,u2net+dino,resnet50,white,100.0,0.001
imagenet,independent,u2net+dino,vgg16,black,0.0,0.818
imagenet,independent,u2net+dino,vgg16,black,5.0,0.712
imagenet,independent,u2net+dino,vgg16,black,10.0,0.683
imagenet,independent,u2net+dino,vgg16,black,15.0,0.647
imagenet,independent,u2net+dino,vgg16,black,20.0,0.62
imagenet,independent,u2net+dino,vgg16,black,25.0,0.597
imagenet,independent,u2net+dino,vgg16,black,30.0,0.554
imagenet,independent,u2net+dino,vgg16,black,35.0,0.548
imagenet,independent,u2net+dino,vgg16,black,40.0,0.519
imagenet,independent,u2net+dino,vgg16,black,45.0,0.5
imagenet,independent,u2net+dino,vgg16,black,50.0,0.483
imagenet,independent,u2net+dino,vgg16,black,55.0,0.44
imagenet,independent,u2net+dino,vgg16,black,60.0,0.395
imagenet,independent,u2net+dino,vgg16,black,65.0,0.359
imagenet,independent,u2net+dino,vgg16,black,70.0,0.318
imagenet,independent,u2net+dino,vgg16,black,75.0,0.263
imagenet,independent,u2net+dino,vgg16,black,80.0,0.21
imagenet,independent,u2net+dino,vgg16,black,85.0,0.163
imagenet,independent,u2net+dino,vgg16,black,90.0,0.106
imagenet,independent,u2net+dino,vgg16,black,95.0,0.038
imagenet,independent,u2net+dino,vgg16,black,100.0,0.001
imagenet,independent,u2net+dino,vgg16,blur,0.0,0.818
imagenet,independent,u2net+dino,vgg16,blur,5.0,0.815
imagenet,independent,u2net+dino,vgg16,blur,10.0,0.811
imagenet,independent,u2net+dino,vgg16,blur,15.0,0.812
imagenet,independent,u2net+dino,vgg16,blur,20.0,0.797
imagenet,independent,u2net+dino,vgg16,blur,25.0,0.791
imagenet,independent,u2net+dino,vgg16,blur,30.0,0.772
imagenet,independent,u2net+dino,vgg16,blur,35.0,0.762
imagenet,independent,u2net+dino,vgg16,blur,40.0,0.737
imagenet,independent,u2net+dino,vgg16,blur,45.0,0.73
imagenet,independent,u2net+dino,vgg16,blur,50.0,0.71
imagenet,independent,u2net+dino,vgg16,blur,55.0,0.698
imagenet,independent,u2net+dino,vgg16,blur,60.0,0.661
imagenet,independent,u2net+dino,vgg16,blur,65.0,0.628
imagenet,independent,u2net+dino,vgg16,blur,70.0,0.583
imagenet,independent,u2net+dino,vgg16,blur,75.0,0.525
imagenet,independent,u2net+dino,vgg16,blur,80.0,0.486
imagenet,independent,u2net+dino,vgg16,blur,85.0,0.394
imagenet,independent,u2net+dino,vgg16,blur,90.0,0.289
imagenet,independent,u2net+dino,vgg16,blur,95.0,0.138
imagenet,independent,u2net+dino,vgg16,blur,100.0,0.034
imagenet,independent,u2net+dino,vgg16,gray,0.0,0.818
imagenet,independent,u2net+dino,vgg16,gray,5.0,0.791
imagenet,independent,u2net+dino,vgg16,gray,10.0,0.75
imagenet,independent,u2net+dino,vgg16,gray,15.0,0.735
imagenet,independent,u2net+dino,vgg16,gray,20.0,0.715
imagenet,independent,u2net+dino,vgg16,gray,25.0,0.669
imagenet,independent,u2net+dino,vgg16,gray,30.0,0.659
imagenet,independent,u2net+dino,vgg16,gray,35.0,0.638
imagenet,independent,u2net+dino,vgg16,gray,40.0,0.631
imagenet,independent,u2net+dino,vgg16,gray,45.0,0.605
imagenet,independent,u2net+dino,vgg16,gray,50.0,0.574
imagenet,independent,u2net+dino,vgg16,gray,55.0,0.564
imagenet,independent,u2net+dino,vgg16,gray,60.0,0.513
imagenet,independent,u2net+dino,vgg16,gray,65.0,0.483
imagenet,independent,u2net+dino,vgg16,gray,70.0,0.437
imagenet,independent,u2net+dino,vgg16,gray,75.0,0.383
imagenet,independent,u2net+dino,vgg16,gray,80.0,0.334
imagenet,independent,u2net+dino,vgg16,gray,85.0,0.262
imagenet,independent,u2net+dino,vgg16,gray,90.0,0.165
imagenet,independent,u2net+dino,vgg16,gray,95.0,0.073
imagenet,independent,u2net+dino,vgg16,gray,100.0,0.001
imagenet,independent,u2net+dino,vgg16,mean,0.0,0.818
imagenet,independent,u2net+dino,vgg16,mean,5.0,0.794
imagenet,independent,u2net+dino,vgg16,mean,10.0,0.779
imagenet,independent,u2net+dino,vgg16,mean,15.0,0.767
imagenet,independent,u2net+dino,vgg16,mean,20.0,0.741
imagenet,independent,u2net+dino,vgg16,mean,25.0,0.72
imagenet,independent,u2net+dino,vgg16,mean,30.0,0.699
imagenet,independent,u2net+dino,vgg16,mean,35.0,0.678
imagenet,independent,u2net+dino,vgg16,mean,40.0,0.671
imagenet,independent,u2net+dino,vgg16,mean,45.0,0.658
imagenet,independent,u2net+dino,vgg16,mean,50.0,0.633
imagenet,independent,u2net+dino,vgg16,mean,55.0,0.617
imagenet,independent,u2net+dino,vgg16,mean,60.0,0.566
imagenet,independent,u2net+dino,vgg16,mean,65.0,0.519
imagenet,independent,u2net+dino,vgg16,mean,70.0,0.474
imagenet,independent,u2net+dino,vgg16,mean,75.0,0.428
imagenet,independent,u2net+dino,vgg16,mean,80.0,0.354
imagenet,independent,u2net+dino,vgg16,mean,85.0,0.287
imagenet,independent,u2net+dino,vgg16,mean,90.0,0.188
imagenet,independent,u2net+dino,vgg16,mean,95.0,0.077
imagenet,independent,u2net+dino,vgg16,mean,100.0,0.002
imagenet,independent,u2net+dino,vgg16,random_noise,0.0,0.818
imagenet,independent,u2net+dino,vgg16,random_noise,5.0,0.788
imagenet,independent,u2net+dino,vgg16,random_noise,10.0,0.757
imagenet,independent,u2net+dino,vgg16,random_noise,15.0,0.732
imagenet,independent,u2net+dino,vgg16,random_noise,20.0,0.716
imagenet,independent,u2net+dino,vgg16,random_noise,25.0,0.688
imagenet,independent,u2net+dino,vgg16,random_noise,30.0,0.675
imagenet,independent,u2net+dino,vgg16,random_noise,35.0,0.649
imagenet,independent,u2net+dino,vgg16,random_noise,40.0,0.643
imagenet,independent,u2net+dino,vgg16,random_noise,45.0,0.617
imagenet,independent,u2net+dino,vgg16,random_noise,50.0,0.594
imagenet,independent,u2net+dino,vgg16,random_noise,55.0,0.571
imagenet,independent,u2net+dino,vgg16,random_noise,60.0,0.538
imagenet,independent,u2net+dino,vgg16,random_noise,65.0,0.498
imagenet,independent,u2net+dino,vgg16,random_noise,70.0,0.456
imagenet,independent,u2net+dino,vgg16,random_noise,75.0,0.412
imagenet,independent,u2net+dino,vgg16,random_noise,80.0,0.373
imagenet,independent,u2net+dino,vgg16,random_noise,85.0,0.294
imagenet,independent,u2net+dino,vgg16,random_noise,90.0,0.198
imagenet,independent,u2net+dino,vgg16,random_noise,95.0,0.078
imagenet,independent,u2net+dino,vgg16,random_noise,100.0,0.001
imagenet,independent,u2net+dino,vgg16,white,0.0,0.818
imagenet,independent,u2net+dino,vgg16,white,5.0,0.756
imagenet,independent,u2net+dino,vgg16,white,10.0,0.717
imagenet,independent,u2net+dino,vgg16,white,15.0,0.692
imagenet,independent,u2net+dino,vgg16,white,20.0,0.655
imagenet,independent,u2net+dino,vgg16,white,25.0,0.617
imagenet,independent,u2net+dino,vgg16,white,30.0,0.605
imagenet,independent,u2net+dino,vgg16,white,35.0,0.573
imagenet,independent,u2net+dino,vgg16,white,40.0,0.568
imagenet,independent,u2net+dino,vgg16,white,45.0,0.545
imagenet,independent,u2net+dino,vgg16,white,50.0,0.517
imagenet,independent,u2net+dino,vgg16,white,55.0,0.508
imagenet,independent,u2net+dino,vgg16,white,60.0,0.469
imagenet,independent,u2net+dino,vgg16,white,65.0,0.418
imagenet,independent,u2net+dino,vgg16,white,70.0,0.373
imagenet,independent,u2net+dino,vgg16,white,75.0,0.323
imagenet,independent,u2net+dino,vgg16,white,80.0,0.259
imagenet,independent,u2net+dino,vgg16,white,85.0,0.189
imagenet,independent,u2net+dino,vgg16,white,90.0,0.117
imagenet,independent,u2net+dino,vgg16,white,95.0,0.047
imagenet,independent,u2net+dino,vgg16,white,100.0,0.001
imagenet,independent,u2net+dino_320,mobilenet_v2,black,0.0,0.801
imagenet,independent,u2net+dino_320,mobilenet_v2,black,5.0,0.789
imagenet,independent,u2net+dino_320,mobilenet_v2,black,10.0,0.782
imagenet,independent,u2net+dino_320,mobilenet_v2,black,15.0,0.773
imagenet,independent,u2net+dino_320,mobilenet_v2,black,20.0,0.769
imagenet,independent,u2net+dino_320,mobilenet_v2,black,25.0,0.77
imagenet,independent,u2net+dino_320,mobilenet_v2,black,30.0,0.76
imagenet,independent,u2net+dino_320,mobilenet_v2,black,35.0,0.753
imagenet,independent,u2net+dino_320,mobilenet_v2,black,40.0,0.75
imagenet,independent,u2net+dino_320,mobilenet_v2,black,45.0,0.726
imagenet,independent,u2net+dino_320,mobilenet_v2,black,50.0,0.709
imagenet,independent,u2net+dino_320,mobilenet_v2,black,55.0,0.7
imagenet,independent,u2net+dino_320,mobilenet_v2,black,60.0,0.674
imagenet,independent,u2net+dino_320,mobilenet_v2,black,65.0,0.643
imagenet,independent,u2net+dino_320,mobilenet_v2,black,70.0,0.592
imagenet,independent,u2net+dino_320,mobilenet_v2,black,75.0,0.57
imagenet,independent,u2net+dino_320,mobilenet_v2,black,80.0,0.508
imagenet,independent,u2net+dino_320,mobilenet_v2,black,85.0,0.385
imagenet,independent,u2net+dino_320,mobilenet_v2,black,90.0,0.283
imagenet,independent,u2net+dino_320,mobilenet_v2,black,95.0,0.131
imagenet,independent,u2net+dino_320,mobilenet_v2,black,100.0,0.001
imagenet,independent,u2net+dino_320,mobilenet_v2,blur,0.0,0.801
imagenet,independent,u2net+dino_320,mobilenet_v2,blur,5.0,0.798
imagenet,independent,u2net+dino_320,mobilenet_v2,blur,10.0,0.788
imagenet,independent,u2net+dino_320,mobilenet_v2,blur,15.0,0.783
imagenet,independent,u2net+dino_320,mobilenet_v2,blur,20.0,0.777
imagenet,independent,u2net+dino_320,mobilenet_v2,blur,25.0,0.767
imagenet,independent,u2net+dino_320,mobilenet_v2,blur,30.0,0.763
imagenet,independent,u2net+dino_320,mobilenet_v2,blur,35.0,0.755
imagenet,independent,u2net+dino_320,mobilenet_v2,blur,40.0,0.74
imagenet,independent,u2net+dino_320,mobilenet_v2,blur,45.0,0.73
imagenet,independent,u2net+dino_320,mobilenet_v2,blur,50.0,0.711
imagenet,independent,u2net+dino_320,mobilenet_v2,blur,55.0,0.701
imagenet,independent,u2net+dino_320,mobilenet_v2,blur,60.0,0.669
imagenet,independent,u2net+dino_320,mobilenet_v2,blur,65.0,0.634
imagenet,independent,u2net+dino_320,mobilenet_v2,blur,70.0,0.595
imagenet,independent,u2net+dino_320,mobilenet_v2,blur,75.0,0.549
imagenet,independent,u2net+dino_320,mobilenet_v2,blur,80.0,0.495
imagenet,independent,u2net+dino_320,mobilenet_v2,blur,85.0,0.399
imagenet,independent,u2net+dino_320,mobilenet_v2,blur,90.0,0.285
imagenet,independent,u2net+dino_320,mobilenet_v2,blur,95.0,0.158
imagenet,independent,u2net+dino_320,mobilenet_v2,blur,100.0,0.056
imagenet,independent,u2net+dino_320,mobilenet_v2,gray,0.0,0.801
imagenet,independent,u2net+dino_320,mobilenet_v2,gray,5.0,0.795
imagenet,independent,u2net+dino_320,mobilenet_v2,gray,10.0,0.788
imagenet,independent,u2net+dino_320,mobilenet_v2,gray,15.0,0.772
imagenet,independent,u2net+dino_320,mobilenet_v2,gray,20.0,0.766
imagenet,independent,u2net+dino_320,mobilenet_v2,gray,25.0,0.768
imagenet,independent,u2net+dino_320,mobilenet_v2,gray,30.0,0.771
imagenet,independent,u2net+dino_320,mobilenet_v2,gray,35.0,0.763
imagenet,independent,u2net+dino_320,mobilenet_v2,gray,40.0,0.758
imagenet,independent,u2net+dino_320,mobilenet_v2,gray,45.0,0.751
imagenet,independent,u2net+dino_320,mobilenet_v2,gray,50.0,0.73
imagenet,independent,u2net+dino_320,mobilenet_v2,gray,55.0,0.721
imagenet,independent,u2net+dino_320,mobilenet_v2,gray,60.0,0.69
imagenet,independent,u2net+dino_320,mobilenet_v2,gray,65.0,0.666
imagenet,independent,u2net+dino_320,mobilenet_v2,gray,70.0,0.618
imagenet,independent,u2net+dino_320,mobilenet_v2,gray,75.0,0.579
imagenet,independent,u2net+dino_320,mobilenet_v2,gray,80.0,0.526
imagenet,independent,u2net+dino_320,mobilenet_v2,gray,85.0,0.435
imagenet,independent,u2net+dino_320,mobilenet_v2,gray,90.0,0.321
imagenet,independent,u2net+dino_320,mobilenet_v2,gray,95.0,0.156
imagenet,independent,u2net+dino_320,mobilenet_v2,gray,100.0,0.001
imagenet,independent,u2net+dino_320,mobilenet_v2,mean,0.0,0.801
imagenet,independent,u2net+dino_320,mobilenet_v2,mean,5.0,0.79
imagenet,independent,u2net+dino_320,mobilenet_v2,mean,10.0,0.787
imagenet,independent,u2net+dino_320,mobilenet_v2,mean,15.0,0.782
imagenet,independent,u2net+dino_320,mobilenet_v2,mean,20.0,0.775
imagenet,independent,u2net+dino_320,mobilenet_v2,mean,25.0,0.773
imagenet,independent,u2net+dino_320,mobilenet_v2,mean,30.0,0.773
imagenet,independent,u2net+dino_320,mobilenet_v2,mean,35.0,0.768
imagenet,independent,u2net+dino_320,mobilenet_v2,mean,40.0,0.765
imagenet,independent,u2net+dino_320,mobilenet_v2,mean,45.0,0.755
imagenet,independent,u2net+dino_320,mobilenet_v2,mean,50.0,0.731
imagenet,independent,u2net+dino_320,mobilenet_v2,mean,55.0,0.719
imagenet,independent,u2net+dino_320,mobilenet_v2,mean,60.0,0.713
imagenet,independent,u2net+dino_320,mobilenet_v2,mean,65.0,0.684
imagenet,independent,u2net+dino_320,mobilenet_v2,mean,70.0,0.646
imagenet,independent,u2net+dino_320,mobilenet_v2,mean,75.0,0.607
imagenet,independent,u2net+dino_320,mobilenet_v2,mean,80.0,0.548
imagenet,independent,u2net+dino_320,mobilenet_v2,mean,85.0,0.443
imagenet,independent,u2net+dino_320,mobilenet_v2,mean,90.0,0.332
imagenet,independent,u2net+dino_320,mobilenet_v2,mean,95.0,0.166
imagenet,independent,u2net+dino_320,mobilenet_v2,mean,100.0,0.003
imagenet,independent,u2net+dino_320,mobilenet_v2,random_noise,0.0,0.801
imagenet,independent,u2net+dino_320,mobilenet_v2,random_noise,5.0,0.789
imagenet,independent,u2net+dino_320,mobilenet_v2,random_noise,10.0,0.773
imagenet,independent,u2net+dino_320,mobilenet_v2,random_noise,15.0,0.759
imagenet,independent,u2net+dino_320,mobilenet_v2,random_noise,20.0,0.747
imagenet,independent,u2net+dino_320,mobilenet_v2,random_noise,25.0,0.747
imagenet,independent,u2net+dino_320,mobilenet_v2,random_noise,30.0,0.733
imagenet,independent,u2net+dino_320,mobilenet_v2,random_noise,35.0,0.721
imagenet,independent,u2net+dino_320,mobilenet_v2,random_noise,40.0,0.716
imagenet,independent,u2net+dino_320,mobilenet_v2,random_noise,45.0,0.681
imagenet,independent,u2net+dino_320,mobilenet_v2,random_noise,50.0,0.66
imagenet,independent,u2net+dino_320,mobilenet_v2,random_noise,55.0,0.637
imagenet,independent,u2net+dino_320,mobilenet_v2,random_noise,60.0,0.607
imagenet,independent,u2net+dino_320,mobilenet_v2,random_noise,65.0,0.56
imagenet,independent,u2net+dino_320,mobilenet_v2,random_noise,70.0,0.515
imagenet,independent,u2net+dino_320,mobilenet_v2,random_noise,75.0,0.461
imagenet,independent,u2net+dino_320,mobilenet_v2,random_noise,80.0,0.392
imagenet,independent,u2net+dino_320,mobilenet_v2,random_noise,85.0,0.28
imagenet,independent,u2net+dino_320,mobilenet_v2,random_noise,90.0,0.17
imagenet,independent,u2net+dino_320,mobilenet_v2,random_noise,95.0,0.066
imagenet,independent,u2net+dino_320,mobilenet_v2,random_noise,100.0,0.001
imagenet,independent,u2net+dino_320,mobilenet_v2,white,0.0,0.801
imagenet,independent,u2net+dino_320,mobilenet_v2,white,5.0,0.776
imagenet,independent,u2net+dino_320,mobilenet_v2,white,10.0,0.764
imagenet,independent,u2net+dino_320,mobilenet_v2,white,15.0,0.758
imagenet,independent,u2net+dino_320,mobilenet_v2,white,20.0,0.753
imagenet,independent,u2net+dino_320,mobilenet_v2,white,25.0,0.751
imagenet,independent,u2net+dino_320,mobilenet_v2,white,30.0,0.738
imagenet,independent,u2net+dino_320,mobilenet_v2,white,35.0,0.738
imagenet,independent,u2net+dino_320,mobilenet_v2,white,40.0,0.72
imagenet,independent,u2net+dino_320,mobilenet_v2,white,45.0,0.715
imagenet,independent,u2net+dino_320,mobilenet_v2,white,50.0,0.697
imagenet,independent,u2net+dino_320,mobilenet_v2,white,55.0,0.671
imagenet,independent,u2net+dino_320,mobilenet_v2,white,60.0,0.653
imagenet,independent,u2net+dino_320,mobilenet_v2,white,65.0,0.613
imagenet,independent,u2net+dino_320,mobilenet_v2,white,70.0,0.56
imagenet,independent,u2net+dino_320,mobilenet_v2,white,75.0,0.521
imagenet,independent,u2net+dino_320,mobilenet_v2,white,80.0,0.446
imagenet,independent,u2net+dino_320,mobilenet_v2,white,85.0,0.357
imagenet,independent,u2net+dino_320,mobilenet_v2,white,90.0,0.246
imagenet,independent,u2net+dino_320,mobilenet_v2,white,95.0,0.095
imagenet,independent,u2net+dino_320,mobilenet_v2,white,100.0,0.001
imagenet,independent,u2net+dino_320,resnet50,black,0.0,0.92
imagenet,independent,u2net+dino_320,resnet50,black,5.0,0.917
imagenet,independent,u2net+dino_320,resnet50,black,10.0,0.922
imagenet,independent,u2net+dino_320,resnet50,black,15.0,0.914
imagenet,independent,u2net+dino_320,resnet50,black,20.0,0.903
imagenet,independent,u2net+dino_320,resnet50,black,25.0,0.901
imagenet,independent,u2net+dino_320,resnet50,black,30.0,0.9
imagenet,independent,u2net+dino_320,resnet50,black,35.0,0.893
imagenet,independent,u2net+dino_320,resnet50,black,40.0,0.892
imagenet,independent,u2net+dino_320,resnet50,black,45.0,0.872
imagenet,independent,u2net+dino_320,resnet50,black,50.0,0.86
imagenet,independent,u2net+dino_320,resnet50,black,55.0,0.844
imagenet,independent,u2net+dino_320,resnet50,black,60.0,0.824
imagenet,independent,u2net+dino_320,resnet50,black,65.0,0.796
imagenet,independent,u2net+dino_320,resnet50,black,70.0,0.764
imagenet,independent,u2net+dino_320,resnet50,black,75.0,0.721
imagenet,independent,u2net+dino_320,resnet50,black,80.0,0.665
imagenet,independent,u2net+dino_320,resnet50,black,85.0,0.561
imagenet,independent,u2net+dino_320,resnet50,black,90.0,0.423
imagenet,independent,u2net+dino_320,resnet50,black,95.0,0.219
imagenet,independent,u2net+dino_320,resnet50,black,100.0,0.001
imagenet,independent,u2net+dino_320,resnet50,blur,0.0,0.92
imagenet,independent,u2net+dino_320,resnet50,blur,5.0,0.92
imagenet,independent,u2net+dino_320,resnet50,blur,10.0,0.914
imagenet,independent,u2net+dino_320,resnet50,blur,15.0,0.913
imagenet,independent,u2net+dino_320,resnet50,blur,20.0,0.913
imagenet,independent,u2net+dino_320,resnet50,blur,25.0,0.908
imagenet,independent,u2net+dino_320,resnet50,blur,30.0,0.903
imagenet,independent,u2net+dino_320,resnet50,blur,35.0,0.902
imagenet,independent,u2net+dino_320,resnet50,blur,40.0,0.895
imagenet,independent,u2net+dino_320,resnet50,blur,45.0,0.893
imagenet,independent,u2net+dino_320,resnet50,blur,50.0,0.88
imagenet,independent,u2net+dino_320,resnet50,blur,55.0,0.863
imagenet,independent,u2net+dino_320,resnet50,blur,60.0,0.841
imagenet,independent,u2net+dino_320,resnet50,blur,65.0,0.817
imagenet,independent,u2net+dino_320,resnet50,blur,70.0,0.785
imagenet,independent,u2net+dino_320,resnet50,blur,75.0,0.738
imagenet,independent,u2net+dino_320,resnet50,blur,80.0,0.677
imagenet,independent,u2net+dino_320,resnet50,blur,85.0,0.583
imagenet,independent,u2net+dino_320,resnet50,blur,90.0,0.435
imagenet,independent,u2net+dino_320,resnet50,blur,95.0,0.257
imagenet,independent,u2net+dino_320,resnet50,blur,100.0,0.163
imagenet,independent,u2net+dino_320,resnet50,gray,0.0,0.92
imagenet,independent,u2net+dino_320,resnet50,gray,5.0,0.922
imagenet,independent,u2net+dino_320,resnet50,gray,10.0,0.912
imagenet,independent,u2net+dino_320,resnet50,gray,15.0,0.907
imagenet,independent,u2net+dino_320,resnet50,gray,20.0,0.9
imagenet,independent,u2net+dino_320,resnet50,gray,25.0,0.899
imagenet,independent,u2net+dino_320,resnet50,gray,30.0,0.894
imagenet,independent,u2net+dino_320,resnet50,gray,35.0,0.876
imagenet,independent,u2net+dino_320,resnet50,gray,40.0,0.872
imagenet,independent,u2net+dino_320,resnet50,gray,45.0,0.858
imagenet,independent,u2net+dino_320,resnet50,gray,50.0,0.848
imagenet,independent,u2net+dino_320,resnet50,gray,55.0,0.835
imagenet,independent,u2net+dino_320,resnet50,gray,60.0,0.816
imagenet,independent,u2net+dino_320,resnet50,gray,65.0,0.794
imagenet,independent,u2net+dino_320,resnet50,gray,70.0,0.748
imagenet,independent,u2net+dino_320,resnet50,gray,75.0,0.703
imagenet,independent,u2net+dino_320,resnet50,gray,80.0,0.635
imagenet,independent,u2net+dino_320,resnet50,gray,85.0,0.526
imagenet,independent,u2net+dino_320,resnet50,gray,90.0,0.39
imagenet,independent,u2net+dino_320,resnet50,gray,95.0,0.186
imagenet,independent,u2net+dino_320,resnet50,gray,100.0,0.001
imagenet,independent,u2net+dino_320,resnet50,mean,0.0,0.92
imagenet,independent,u2net+dino_320,resnet50,mean,5.0,0.924
imagenet,independent,u2net+dino_320,resnet50,mean,10.0,0.915
imagenet,independent,u2net+dino_320,resnet50,mean,15.0,0.913
imagenet,independent,u2net+dino_320,resnet50,mean,20.0,0.904
imagenet,independent,u2net+dino_320,resnet50,mean,25.0,0.905
imagenet,independent,u2net+dino_320,resnet50,mean,30.0,0.901
imagenet,independent,u2net+dino_320,resnet50,mean,35.0,0.9
imagenet,independent,u2net+dino_320,resnet50,mean,40.0,0.892
imagenet,independent,u2net+dino_320,resnet50,mean,45.0,0.879
imagenet,independent,u2net+dino_320,resnet50,mean,50.0,0.867
imagenet,independent,u2net+dino_320,resnet50,mean,55.0,0.86
imagenet,independent,u2net+dino_320,resnet50,mean,60.0,0.834
imagenet,independent,u2net+dino_320,resnet50,mean,65.0,0.806
imagenet,independent,u2net+dino_320,resnet50,mean,70.0,0.764
imagenet,independent,u2net+dino_320,resnet50,mean,75.0,0.707
imagenet,independent,u2net+dino_320,resnet50,mean,80.0,0.646
imagenet,independent,u2net+dino_320,resnet50,mean,85.0,0.535
imagenet,independent,u2net+dino_320,resnet50,mean,90.0,0.406
imagenet,independent,u2net+dino_320,resnet50,mean,95.0,0.187
imagenet,independent,u2net+dino_320,resnet50,mean,100.0,0.006
imagenet,independent,u2net+dino_320,resnet50,random_noise,0.0,0.92
imagenet,independent,u2net+dino_320,resnet50,random_noise,5.0,0.919
imagenet,independent,u2net+dino_320,resnet50,random_noise,10.0,0.911
imagenet,independent,u2net+dino_320,resnet50,random_noise,15.0,0.898
imagenet,independent,u2net+dino_320,resnet50,random_noise,20.0,0.895
imagenet,independent,u2net+dino_320,resnet50,random_noise,25.0,0.881
imagenet,independent,u2net+dino_320,resnet50,random_noise,30.0,0.871
imagenet,independent,u2net+dino_320,resnet50,random_noise,35.0,0.863
imagenet,independent,u2net+dino_320,resnet50,random_noise,40.0,0.854
imagenet,independent,u2net+dino_320,resnet50,random_noise,45.0,0.839
imagenet,independent,u2net+dino_320,resnet50,random_noise,50.0,0.826
imagenet,independent,u2net+dino_320,resnet50,random_noise,55.0,0.797
imagenet,independent,u2net+dino_320,resnet50,random_noise,60.0,0.763
imagenet,independent,u2net+dino_320,resnet50,random_noise,65.0,0.719
imagenet,independent,u2net+dino_320,resnet50,random_noise,70.0,0.684
imagenet,independent,u2net+dino_320,resnet50,random_noise,75.0,0.636
imagenet,independent,u2net+dino_320,resnet50,random_noise,80.0,0.542
imagenet,independent,u2net+dino_320,resnet50,random_noise,85.0,0.409
imagenet,independent,u2net+dino_320,resnet50,random_noise,90.0,0.273
imagenet,independent,u2net+dino_320,resnet50,random_noise,95.0,0.106
imagenet,independent,u2net+dino_320,resnet50,random_noise,100.0,0.001
imagenet,independent,u2net+dino_320,resnet50,white,0.0,0.92
imagenet,independent,u2net+dino_320,resnet50,white,5.0,0.915
imagenet,independent,u2net+dino_320,resnet50,white,10.0,0.904
imagenet,independent,u2net+dino_320,resnet50,white,15.0,0.899
imagenet,independent,u2net+dino_320,resnet50,white,20.0,0.892
imagenet,independent,u2net+dino_320,resnet50,white,25.0,0.882
imagenet,independent,u2net+dino_320,resnet50,white,30.0,0.879
imagenet,independent,u2net+dino_320,resnet50,white,35.0,0.867
imagenet,independent,u2net+dino_320,resnet50,white,40.0,0.856
imagenet,independent,u2net+dino_320,resnet50,white,45.0,0.841
imagenet,independent,u2net+dino_320,resnet50,white,50.0,0.818
imagenet,independent,u2net+dino_320,resnet50,white,55.0,0.799
imagenet,independent,u2net+dino_320,resnet50,white,60.0,0.772
imagenet,independent,u2net+dino_320,resnet50,white,65.0,0.74
imagenet,independent,u2net+dino_320,resnet50,white,70.0,0.697
imagenet,independent,u2net+dino_320,resnet50,white,75.0,0.645
imagenet,independent,u2net+dino_320,resnet50,white,80.0,0.571
imagenet,independent,u2net+dino_320,resnet50,white,85.0,0.443
imagenet,independent,u2net+dino_320,resnet50,white,90.0,0.305
imagenet,independent,u2net+dino_320,resnet50,white,95.0,0.127
imagenet,independent,u2net+dino_320,resnet50,white,100.0,0.001
imagenet,independent,u2net+dino_320,vgg16,black,0.0,0.818
imagenet,independent,u2net+dino_320,vgg16,black,5.0,0.71
imagenet,independent,u2net+dino_320,vgg16,black,10.0,0.676
imagenet,independent,u2net+dino_320,vgg16,black,15.0,0.648
imagenet,independent,u2net+dino_320,vgg16,black,20.0,0.612
imagenet,independent,u2net+dino_320,vgg16,black,25.0,0.586
imagenet,independent,u2net+dino_320,vgg16,black,30.0,0.555
imagenet,independent,u2net+dino_320,vgg16,black,35.0,0.542
imagenet,independent,u2net+dino_320,vgg16,black,40.0,0.522
imagenet,independent,u2net+dino_320,vgg16,black,45.0,0.495
imagenet,independent,u2net+dino_320,vgg16,black,50.0,0.474
imagenet,independent,u2net+dino_320,vgg16,black,55.0,0.445
imagenet,independent,u2net+dino_320,vgg16,black,60.0,0.395
imagenet,independent,u2net+dino_320,vgg16,black,65.0,0.363
imagenet,independent,u2net+dino_320,vgg16,black,70.0,0.318
imagenet,independent,u2net+dino_320,vgg16,black,75.0,0.266
imagenet,independent,u2net+dino_320,vgg16,black,80.0,0.211
imagenet,independent,u2net+dino_320,vgg16,black,85.0,0.16
imagenet,independent,u2net+dino_320,vgg16,black,90.0,0.103
imagenet,independent,u2net+dino_320,vgg16,black,95.0,0.036
imagenet,independent,u2net+dino_320,vgg16,black,100.0,0.001
imagenet,independent,u2net+dino_320,vgg16,blur,0.0,0.818
imagenet,independent,u2net+dino_320,vgg16,blur,5.0,0.814
imagenet,independent,u2net+dino_320,vgg16,blur,10.0,0.812
imagenet,independent,u2net+dino_320,vgg16,blur,15.0,0.811
imagenet,independent,u2net+dino_320,vgg16,blur,20.0,0.796
imagenet,independent,u2net+dino_320,vgg16,blur,25.0,0.791
imagenet,independent,u2net+dino_320,vgg16,blur,30.0,0.771
imagenet,independent,u2net+dino_320,vgg16,blur,35.0,0.758
imagenet,independent,u2net+dino_320,vgg16,blur,40.0,0.737
imagenet,independent,u2net+dino_320,vgg16,blur,45.0,0.73
imagenet,independent,u2net+dino_320,vgg16,blur,50.0,0.709
imagenet,independent,u2net+dino_320,vgg16,blur,55.0,0.697
imagenet,independent,u2net+dino_320,vgg16,blur,60.0,0.658
imagenet,independent,u2net+dino_320,vgg16,blur,65.0,0.634
imagenet,independent,u2net+dino_320,vgg16,blur,70.0,0.581
imagenet,independent,u2net+dino_320,vgg16,blur,75.0,0.526
imagenet,independent,u2net+dino_320,vgg16,blur,80.0,0.483
imagenet,independent,u2net+dino_320,vgg16,blur,85.0,0.4
imagenet,independent,u2net+dino_320,vgg16,blur,90.0,0.288
imagenet,independent,u2net+dino_320,vgg16,blur,95.0,0.142
imagenet,independent,u2net+dino_320,vgg16,blur,100.0,0.034
imagenet,independent,u2net+dino_320,vgg16,gray,0.0,0.818
imagenet,independent,u2net+dino_320,vgg16,gray,5.0,0.79
imagenet,independent,u2net+dino_320,vgg16,gray,10.0,0.748
imagenet,independent,u2net+dino_320,vgg16,gray,15.0,0.737
imagenet,independent,u2net+dino_320,vgg16,gray,20.0,0.708
imagenet,independent,u2net+dino_320,vgg16,gray,25.0,0.672
imagenet,independent,u2net+dino_320,vgg16,gray,30.0,0.658
imagenet,independent,u2net+dino_320,vgg16,gray,35.0,0.643
imagenet,independent,u2net+dino_320,vgg16,gray,40.0,0.623
imagenet,independent,u2net+dino_320,vgg16,gray,45.0,0.607
imagenet,independent,u2net+dino_320,vgg16,gray,50.0,0.57
imagenet,independent,u2net+dino_320,vgg16,gray,55.0,0.559
imagenet,independent,u2net+dino_320,vgg16,gray,60.0,0.514
imagenet,independent,u2net+dino_320,vgg16,gray,65.0,0.48
imagenet,independent,u2net+dino_320,vgg16,gray,70.0,0.433
imagenet,independent,u2net+dino_320,vgg16,gray,75.0,0.381
imagenet,independent,u2net+dino_320,vgg16,gray,80.0,0.333
imagenet,independent,u2net+dino_320,vgg16,gray,85.0,0.259
imagenet,independent,u2net+dino_320,vgg16,gray,90.0,0.162
imagenet,independent,u2net+dino_320,vgg16,gray,95.0,0.071
imagenet,independent,u2net+dino_320,vgg16,gray,100.0,0.001
imagenet,independent,u2net+dino_320,vgg16,mean,0.0,0.818
imagenet,independent,u2net+dino_320,vgg16,mean,5.0,0.799
imagenet,independent,u2net+dino_320,vgg16,mean,10.0,0.776
imagenet,independent,u2net+dino_320,vgg16,mean,15.0,0.765
imagenet,independent,u2net+dino_320,vgg16,mean,20.0,0.74
imagenet,independent,u2net+dino_320,vgg16,mean,25.0,0.713
imagenet,independent,u2net+dino_320,vgg16,mean,30.0,0.694
imagenet,independent,u2net+dino_320,vgg16,mean,35.0,0.68
imagenet,independent,u2net+dino_320,vgg16,mean,40.0,0.666
imagenet,independent,u2net+dino_320,vgg16,mean,45.0,0.656
imagenet,independent,u2net+dino_320,vgg16,mean,50.0,0.635
imagenet,independent,u2net+dino_320,vgg16,mean,55.0,0.612
imagenet,independent,u2net+dino_320,vgg16,mean,60.0,0.569
imagenet,independent,u2net+dino_320,vgg16,mean,65.0,0.52
imagenet,independent,u2net+dino_320,vgg16,mean,70.0,0.479
imagenet,independent,u2net+dino_320,vgg16,mean,75.0,0.429
imagenet,independent,u2net+dino_320,vgg16,mean,80.0,0.351
imagenet,independent,u2net+dino_320,vgg16,mean,85.0,0.285
imagenet,independent,u2net+dino_320,vgg16,mean,90.0,0.187
imagenet,independent,u2net+dino_320,vgg16,mean,95.0,0.08
imagenet,independent,u2net+dino_320,vgg16,mean,100.0,0.002
imagenet,independent,u2net+dino_320,vgg16,random_noise,0.0,0.818
imagenet,independent,u2net+dino_320,vgg16,random_noise,5.0,0.787
imagenet,independent,u2net+dino_320,vgg16,random_noise,10.0,0.749
imagenet,independent,u2net+dino_320,vgg16,random_noise,15.0,0.737
imagenet,independent,u2net+dino_320,vgg16,random_noise,20.0,0.722
imagenet,independent,u2net+dino_320,vgg16,random_noise,25.0,0.686
imagenet,independent,u2net+dino_320,vgg16,random_noise,30.0,0.67
imagenet,independent,u2net+dino_320,vgg16,random_noise,35.0,0.654
imagenet,independent,u2net+dino_320,vgg16,random_noise,40.0,0.64
imagenet,independent,u2net+dino_320,vgg16,random_noise,45.0,0.614
imagenet,independent,u2net+dino_320,vgg16,random_noise,50.0,0.588
imagenet,independent,u2net+dino_320,vgg16,random_noise,55.0,0.569
imagenet,independent,u2net+dino_320,vgg16,random_noise,60.0,0.543
imagenet,independent,u2net+dino_320,vgg16,random_noise,65.0,0.49
imagenet,independent,u2net+dino_320,vgg16,random_noise,70.0,0.449
imagenet,independent,u2net+dino_320,vgg16,random_noise,75.0,0.416
imagenet,independent,u2net+dino_320,vgg16,random_noise,80.0,0.372
imagenet,independent,u2net+dino_320,vgg16,random_noise,85.0,0.3
imagenet,independent,u2net+dino_320,vgg16,random_noise,90.0,0.206
imagenet,independent,u2net+dino_320,vgg16,random_noise,95.0,0.079
imagenet,independent,u2net+dino_320,vgg16,random_noise,100.0,0.001
imagenet,independent,u2net+dino_320,vgg16,white,0.0,0.818
imagenet,independent,u2net+dino_320,vgg16,white,5.0,0.754
imagenet,independent,u2net+dino_320,vgg16,white,10.0,0.715
imagenet,independent,u2net+dino_320,vgg16,white,15.0,0.684
imagenet,independent,u2net+dino_320,vgg16,white,20.0,0.65
imagenet,independent,u2net+dino_320,vgg16,white,25.0,0.615
imagenet,independent,u2net+dino_320,vgg16,white,30.0,0.599
imagenet,independent,u2net+dino_320,vgg16,white,35.0,0.57
imagenet,independent,u2net+dino_320,vgg16,white,40.0,0.557
imagenet,independent,u2net+dino_320,vgg16,white,45.0,0.535
imagenet,independent,u2net+dino_320,vgg16,white,50.0,0.516
imagenet,independent,u2net+dino_320,vgg16,white,55.0,0.502
imagenet,independent,u2net+dino_320,vgg16,white,60.0,0.466
imagenet,independent,u2net+dino_320,vgg16,white,65.0,0.421
imagenet,independent,u2net+dino_320,vgg16,white,70.0,0.364
imagenet,independent,u2net+dino_320,vgg16,white,75.0,0.324
imagenet,independent,u2net+dino_320,vgg16,white,80.0,0.259
imagenet,independent,u2net+dino_320,vgg16,white,85.0,0.187
imagenet,independent,u2net+dino_320,vgg16,white,90.0,0.121
imagenet,independent,u2net+dino_320,vgg16,white,95.0,0.051
imagenet,independent,u2net+dino_320,vgg16,white,100.0,0.001
imagenet,mobilenet_v2,grad_cam,resnet50,black,0.0,0.92
imagenet,mobilenet_v2,grad_cam,resnet50,black,5.0,0.919
imagenet,mobilenet_v2,grad_cam,resnet50,black,10.0,0.917
imagenet,mobilenet_v2,grad_cam,resnet50,black,15.0,0.926
imagenet,mobilenet_v2,grad_cam,resnet50,black,20.0,0.926
imagenet,mobilenet_v2,grad_cam,resnet50,black,25.0,0.927
imagenet,mobilenet_v2,grad_cam,resnet50,black,30.0,0.928
imagenet,mobilenet_v2,grad_cam,resnet50,black,35.0,0.926
imagenet,mobilenet_v2,grad_cam,resnet50,black,40.0,0.926
imagenet,mobilenet_v2,grad_cam,resnet50,black,45.0,0.921
imagenet,mobilenet_v2,grad_cam,resnet50,black,50.0,0.924
imagenet,mobilenet_v2,grad_cam,resnet50,black,55.0,0.915
imagenet,mobilenet_v2,grad_cam,resnet50,black,60.0,0.909
imagenet,mobilenet_v2,grad_cam,resnet50,black,65.0,0.9
imagenet,mobilenet_v2,grad_cam,resnet50,black,70.0,0.882
imagenet,mobilenet_v2,grad_cam,resnet50,black,75.0,0.859
imagenet,mobilenet_v2,grad_cam,resnet50,black,80.0,0.834
imagenet,mobilenet_v2,grad_cam,resnet50,black,85.0,0.79
imagenet,mobilenet_v2,grad_cam,resnet50,black,90.0,0.69
imagenet,mobilenet_v2,grad_cam,resnet50,black,95.0,0.422
imagenet,mobilenet_v2,grad_cam,resnet50,black,100.0,0.001
imagenet,mobilenet_v2,grad_cam,resnet50,blur,0.0,0.92
imagenet,mobilenet_v2,grad_cam,resnet50,blur,5.0,0.919
imagenet,mobilenet_v2,grad_cam,resnet50,blur,10.0,0.92
imagenet,mobilenet_v2,grad_cam,resnet50,blur,15.0,0.922
imagenet,mobilenet_v2,grad_cam,resnet50,blur,20.0,0.921
imagenet,mobilenet_v2,grad_cam,resnet50,blur,25.0,0.922
imagenet,mobilenet_v2,grad_cam,resnet50,blur,30.0,0.916
imagenet,mobilenet_v2,grad_cam,resnet50,blur,35.0,0.914
imagenet,mobilenet_v2,grad_cam,resnet50,blur,40.0,0.912
imagenet,mobilenet_v2,grad_cam,resnet50,blur,45.0,0.907
imagenet,mobilenet_v2,grad_cam,resnet50,blur,50.0,0.897
imagenet,mobilenet_v2,grad_cam,resnet50,blur,55.0,0.885
imagenet,mobilenet_v2,grad_cam,resnet50,blur,60.0,0.867
imagenet,mobilenet_v2,grad_cam,resnet50,blur,65.0,0.845
imagenet,mobilenet_v2,grad_cam,resnet50,blur,70.0,0.809
imagenet,mobilenet_v2,grad_cam,resnet50,blur,75.0,0.768
imagenet,mobilenet_v2,grad_cam,resnet50,blur,80.0,0.731
imagenet,mobilenet_v2,grad_cam,resnet50,blur,85.0,0.637
imagenet,mobilenet_v2,grad_cam,resnet50,blur,90.0,0.486
imagenet,mobilenet_v2,grad_cam,resnet50,blur,95.0,0.284
imagenet,mobilenet_v2,grad_cam,resnet50,blur,100.0,0.163
imagenet,mobilenet_v2,grad_cam,resnet50,gray,0.0,0.92
imagenet,mobilenet_v2,grad_cam,resnet50,gray,5.0,0.917
imagenet,mobilenet_v2,grad_cam,resnet50,gray,10.0,0.916
imagenet,mobilenet_v2,grad_cam,resnet50,gray,15.0,0.923
imagenet,mobilenet_v2,grad_cam,resnet50,gray,20.0,0.925
imagenet,mobilenet_v2,grad_cam,resnet50,gray,25.0,0.927
imagenet,mobilenet_v2,grad_cam,resnet50,gray,30.0,0.93
imagenet,mobilenet_v2,grad_cam,resnet50,gray,35.0,0.927
imagenet,mobilenet_v2,grad_cam,resnet50,gray,40.0,0.926
imagenet,mobilenet_v2,grad_cam,resnet50,gray,45.0,0.92
imagenet,mobilenet_v2,grad_cam,resnet50,gray,50.0,0.916
imagenet,mobilenet_v2,grad_cam,resnet50,gray,55.0,0.909
imagenet,mobilenet_v2,grad_cam,resnet50,gray,60.0,0.901
imagenet,mobilenet_v2,grad_cam,resnet50,gray,65.0,0.879
imagenet,mobilenet_v2,grad_cam,resnet50,gray,70.0,0.85
imagenet,mobilenet_v2,grad_cam,resnet50,gray,75.0,0.82
imagenet,mobilenet_v2,grad_cam,resnet50,gray,80.0,0.767
imagenet,mobilenet_v2,grad_cam,resnet50,gray,85.0,0.677
imagenet,mobilenet_v2,grad_cam,resnet50,gray,90.0,0.566
imagenet,mobilenet_v2,grad_cam,resnet50,gray,95.0,0.271
imagenet,mobilenet_v2,grad_cam,resnet50,gray,100.0,0.001
imagenet,mobilenet_v2,grad_cam,resnet50,mean,0.0,0.92
imagenet,mobilenet_v2,grad_cam,resnet50,mean,5.0,0.919
imagenet,mobilenet_v2,grad_cam,resnet50,mean,10.0,0.917
imagenet,mobilenet_v2,grad_cam,resnet50,mean,15.0,0.922
imagenet,mobilenet_v2,grad_cam,resnet50,mean,20.0,0.922
imagenet,mobilenet_v2,grad_cam,resnet50,mean,25.0,0.927
imagenet,mobilenet_v2,grad_cam,resnet50,mean,30.0,0.927
imagenet,mobilenet_v2,grad_cam,resnet50,mean,35.0,0.93
imagenet,mobilenet_v2,grad_cam,resnet50,mean,40.0,0.925
imagenet,mobilenet_v2,grad_cam,resnet50,mean,45.0,0.915
imagenet,mobilenet_v2,grad_cam,resnet50,mean,50.0,0.913
imagenet,mobilenet_v2,grad_cam,resnet50,mean,55.0,0.908
imagenet,mobilenet_v2,grad_cam,resnet50,mean,60.0,0.896
imagenet,mobilenet_v2,grad_cam,resnet50,mean,65.0,0.871
imagenet,mobilenet_v2,grad_cam,resnet50,mean,70.0,0.847
imagenet,mobilenet_v2,grad_cam,resnet50,mean,75.0,0.818
imagenet,mobilenet_v2,grad_cam,resnet50,mean,80.0,0.767
imagenet,mobilenet_v2,grad_cam,resnet50,mean,85.0,0.671
imagenet,mobilenet_v2,grad_cam,resnet50,mean,90.0,0.537
imagenet,mobilenet_v2,grad_cam,resnet50,mean,95.0,0.252
imagenet,mobilenet_v2,grad_cam,resnet50,mean,100.0,0.006
imagenet,mobilenet_v2,grad_cam,resnet50,random_noise,0.0,0.92
imagenet,mobilenet_v2,grad_cam,resnet50,random_noise,5.0,0.919
imagenet,mobilenet_v2,grad_cam,resnet50,random_noise,10.0,0.921
imagenet,mobilenet_v2,grad_cam,resnet50,random_noise,15.0,0.921
imagenet,mobilenet_v2,grad_cam,resnet50,random_noise,20.0,0.922
imagenet,mobilenet_v2,grad_cam,resnet50,random_noise,25.0,0.924
imagenet,mobilenet_v2,grad_cam,resnet50,random_noise,30.0,0.917
imagenet,mobilenet_v2,grad_cam,resnet50,random_noise,35.0,0.91
imagenet,mobilenet_v2,grad_cam,resnet50,random_noise,40.0,0.908
imagenet,mobilenet_v2,grad_cam,resnet50,random_noise,45.0,0.888
imagenet,mobilenet_v2,grad_cam,resnet50,random_noise,50.0,0.884
imagenet,mobilenet_v2,grad_cam,resnet50,random_noise,55.0,0.872
imagenet,mobilenet_v2,grad_cam,resnet50,random_noise,60.0,0.834
imagenet,mobilenet_v2,grad_cam,resnet50,random_noise,65.0,0.796
imagenet,mobilenet_v2,grad_cam,resnet50,random_noise,70.0,0.755
imagenet,mobilenet_v2,grad_cam,resnet50,random_noise,75.0,0.705
imagenet,mobilenet_v2,grad_cam,resnet50,random_noise,80.0,0.63
imagenet,mobilenet_v2,grad_cam,resnet50,random_noise,85.0,0.509
imagenet,mobilenet_v2,grad_cam,resnet50,random_noise,90.0,0.318
imagenet,mobilenet_v2,grad_cam,resnet50,random_noise,95.0,0.101
imagenet,mobilenet_v2,grad_cam,resnet50,random_noise,100.0,0.001
imagenet,mobilenet_v2,grad_cam,resnet50,white,0.0,0.92
imagenet,mobilenet_v2,grad_cam,resnet50,white,5.0,0.918
imagenet,mobilenet_v2,grad_cam,resnet50,white,10.0,0.919
imagenet,mobilenet_v2,grad_cam,resnet50,white,15.0,0.926
imagenet,mobilenet_v2,grad_cam,resnet50,white,20.0,0.923
imagenet,mobilenet_v2,grad_cam,resnet50,white,25.0,0.924
imagenet,mobilenet_v2,grad_cam,resnet50,white,30.0,0.922
imagenet,mobilenet_v2,grad_cam,resnet50,white,35.0,0.918
imagenet,mobilenet_v2,grad_cam,resnet50,white,40.0,0.922
imagenet,mobilenet_v2,grad_cam,resnet50,white,45.0,0.914
imagenet,mobilenet_v2,grad_cam,resnet50,white,50.0,0.912
imagenet,mobilenet_v2,grad_cam,resnet50,white,55.0,0.895
imagenet,mobilenet_v2,grad_cam,resnet50,white,60.0,0.881
imagenet,mobilenet_v2,grad_cam,resnet50,white,65.0,0.864
imagenet,mobilenet_v2,grad_cam,resnet50,white,70.0,0.826
imagenet,mobilenet_v2,grad_cam,resnet50,white,75.0,0.798
imagenet,mobilenet_v2,grad_cam,resnet50,white,80.0,0.738
imagenet,mobilenet_v2,grad_cam,resnet50,white,85.0,0.643
imagenet,mobilenet_v2,grad_cam,resnet50,white,90.0,0.504
imagenet,mobilenet_v2,grad_cam,resnet50,white,95.0,0.2
imagenet,mobilenet_v2,grad_cam,resnet50,white,100.0,0.001
imagenet,mobilenet_v2,grad_cam,vgg16,black,0.0,0.818
imagenet,mobilenet_v2,grad_cam,vgg16,black,5.0,0.78
imagenet,mobilenet_v2,grad_cam,vgg16,black,10.0,0.77
imagenet,mobilenet_v2,grad_cam,vgg16,black,15.0,0.757
imagenet,mobilenet_v2,grad_cam,vgg16,black,20.0,0.732
imagenet,mobilenet_v2,grad_cam,vgg16,black,25.0,0.73
imagenet,mobilenet_v2,grad_cam,vgg16,black,30.0,0.719
imagenet,mobilenet_v2,grad_cam,vgg16,black,35.0,0.716
imagenet,mobilenet_v2,grad_cam,vgg16,black,40.0,0.689
imagenet,mobilenet_v2,grad_cam,vgg16,black,45.0,0.644
imagenet,mobilenet_v2,grad_cam,vgg16,black,50.0,0.631
imagenet,mobilenet_v2,grad_cam,vgg16,black,55.0,0.592
imagenet,mobilenet_v2,grad_cam,vgg16,black,60.0,0.546
imagenet,mobilenet_v2,grad_cam,vgg16,black,65.0,0.493
imagenet,mobilenet_v2,grad_cam,vgg16,black,70.0,0.458
imagenet,mobilenet_v2,grad_cam,vgg16,black,75.0,0.387
imagenet,mobilenet_v2,grad_cam,vgg16,black,80.0,0.307
imagenet,mobilenet_v2,grad_cam,vgg16,black,85.0,0.222
imagenet,mobilenet_v2,grad_cam,vgg16,black,90.0,0.118
imagenet,mobilenet_v2,grad_cam,vgg16,black,95.0,0.034
imagenet,mobilenet_v2,grad_cam,vgg16,black,100.0,0.001
imagenet,mobilenet_v2,grad_cam,vgg16,blur,0.0,0.818
imagenet,mobilenet_v2,grad_cam,vgg16,blur,5.0,0.811
imagenet,mobilenet_v2,grad_cam,vgg16,blur,10.0,0.807
imagenet,mobilenet_v2,grad_cam,vgg16,blur,15.0,0.806
imagenet,mobilenet_v2,grad_cam,vgg16,blur,20.0,0.795
imagenet,mobilenet_v2,grad_cam,vgg16,blur,25.0,0.796
imagenet,mobilenet_v2,grad_cam,vgg16,blur,30.0,0.788
imagenet,mobilenet_v2,grad_cam,vgg16,blur,35.0,0.783
imagenet,mobilenet_v2,grad_cam,vgg16,blur,40.0,0.765
imagenet,mobilenet_v2,grad_cam,vgg16,blur,45.0,0.743
imagenet,mobilenet_v2,grad_cam,vgg16,blur,50.0,0.727
imagenet,mobilenet_v2,grad_cam,vgg16,blur,55.0,0.7
imagenet,mobilenet_v2,grad_cam,vgg16,blur,60.0,0.682
imagenet,mobilenet_v2,grad_cam,vgg16,blur,65.0,0.657
imagenet,mobilenet_v2,grad_cam,vgg16,blur,70.0,0.63
imagenet,mobilenet_v2,grad_cam,vgg16,blur,75.0,0.588
imagenet,mobilenet_v2,grad_cam,vgg16,blur,80.0,0.515
imagenet,mobilenet_v2,grad_cam,vgg16,blur,85.0,0.431
imagenet,mobilenet_v2,grad_cam,vgg16,blur,90.0,0.331
imagenet,mobilenet_v2,grad_cam,vgg16,blur,95.0,0.151
imagenet,mobilenet_v2,grad_cam,vgg16,blur,100.0,0.034
imagenet,mobilenet_v2,grad_cam,vgg16,gray,0.0,0.818
imagenet,mobilenet_v2,grad_cam,vgg16,gray,5.0,0.801
imagenet,mobilenet_v2,grad_cam,vgg16,gray,10.0,0.785
imagenet,mobilenet_v2,grad_cam,vgg16,gray,15.0,0.771
imagenet,mobilenet_v2,grad_cam,vgg16,gray,20.0,0.761
imagenet,mobilenet_v2,grad_cam,vgg16,gray,25.0,0.743
imagenet,mobilenet_v2,grad_cam,vgg16,gray,30.0,0.742
imagenet,mobilenet_v2,grad_cam,vgg16,gray,35.0,0.723
imagenet,mobilenet_v2,grad_cam,vgg16,gray,40.0,0.692
imagenet,mobilenet_v2,grad_cam,vgg16,gray,45.0,0.675
imagenet,mobilenet_v2,grad_cam,vgg16,gray,50.0,0.66
imagenet,mobilenet_v2,grad_cam,vgg16,gray,55.0,0.622
imagenet,mobilenet_v2,grad_cam,vgg16,gray,60.0,0.585
imagenet,mobilenet_v2,grad_cam,vgg16,gray,65.0,0.564
imagenet,mobilenet_v2,grad_cam,vgg16,gray,70.0,0.51
imagenet,mobilenet_v2,grad_cam,vgg16,gray,75.0,0.452
imagenet,mobilenet_v2,grad_cam,vgg16,gray,80.0,0.375
imagenet,mobilenet_v2,grad_cam,vgg16,gray,85.0,0.291
imagenet,mobilenet_v2,grad_cam,vgg16,gray,90.0,0.185
imagenet,mobilenet_v2,grad_cam,vgg16,gray,95.0,0.07
imagenet,mobilenet_v2,grad_cam,vgg16,gray,100.0,0.001
imagenet,mobilenet_v2,grad_cam,vgg16,mean,0.0,0.818
imagenet,mobilenet_v2,grad_cam,vgg16,mean,5.0,0.803
imagenet,mobilenet_v2,grad_cam,vgg16,mean,10.0,0.792
imagenet,mobilenet_v2,grad_cam,vgg16,mean,15.0,0.779
imagenet,mobilenet_v2,grad_cam,vgg16,mean,20.0,0.775
imagenet,mobilenet_v2,grad_cam,vgg16,mean,25.0,0.76
imagenet,mobilenet_v2,grad_cam,vgg16,mean,30.0,0.754
imagenet,mobilenet_v2,grad_cam,vgg16,mean,35.0,0.742
imagenet,mobilenet_v2,grad_cam,vgg16,mean,40.0,0.721
imagenet,mobilenet_v2,grad_cam,vgg16,mean,45.0,0.698
imagenet,mobilenet_v2,grad_cam,vgg16,mean,50.0,0.682
imagenet,mobilenet_v2,grad_cam,vgg16,mean,55.0,0.65
imagenet,mobilenet_v2,grad_cam,vgg16,mean,60.0,0.618
imagenet,mobilenet_v2,grad_cam,vgg16,mean,65.0,0.587
imagenet,mobilenet_v2,grad_cam,vgg16,mean,70.0,0.536
imagenet,mobilenet_v2,grad_cam,vgg16,mean,75.0,0.482
imagenet,mobilenet_v2,grad_cam,vgg16,mean,80.0,0.403
imagenet,mobilenet_v2,grad_cam,vgg16,mean,85.0,0.31
imagenet,mobilenet_v2,grad_cam,vgg16,mean,90.0,0.199
imagenet,mobilenet_v2,grad_cam,vgg16,mean,95.0,0.074
imagenet,mobilenet_v2,grad_cam,vgg16,mean,100.0,0.002
imagenet,mobilenet_v2,grad_cam,vgg16,random_noise,0.0,0.818
imagenet,mobilenet_v2,grad_cam,vgg16,random_noise,5.0,0.796
imagenet,mobilenet_v2,grad_cam,vgg16,random_noise,10.0,0.789
imagenet,mobilenet_v2,grad_cam,vgg16,random_noise,15.0,0.77
imagenet,mobilenet_v2,grad_cam,vgg16,random_noise,20.0,0.763
imagenet,mobilenet_v2,grad_cam,vgg16,random_noise,25.0,0.746
imagenet,mobilenet_v2,grad_cam,vgg16,random_noise,30.0,0.738
imagenet,mobilenet_v2,grad_cam,vgg16,random_noise,35.0,0.73
imagenet,mobilenet_v2,grad_cam,vgg16,random_noise,40.0,0.712
imagenet,mobilenet_v2,grad_cam,vgg16,random_noise,45.0,0.685
imagenet,mobilenet_v2,grad_cam,vgg16,random_noise,50.0,0.664
imagenet,mobilenet_v2,grad_cam,vgg16,random_noise,55.0,0.651
imagenet,mobilenet_v2,grad_cam,vgg16,random_noise,60.0,0.618
imagenet,mobilenet_v2,grad_cam,vgg16,random_noise,65.0,0.586
imagenet,mobilenet_v2,grad_cam,vgg16,random_noise,70.0,0.548
imagenet,mobilenet_v2,grad_cam,vgg16,random_noise,75.0,0.502
imagenet,mobilenet_v2,grad_cam,vgg16,random_noise,80.0,0.419
imagenet,mobilenet_v2,grad_cam,vgg16,random_noise,85.0,0.311
imagenet,mobilenet_v2,grad_cam,vgg16,random_noise,90.0,0.21
imagenet,mobilenet_v2,grad_cam,vgg16,random_noise,95.0,0.078
imagenet,mobilenet_v2,grad_cam,vgg16,random_noise,100.0,0.001
imagenet,mobilenet_v2,grad_cam,vgg16,white,0.0,0.818
imagenet,mobilenet_v2,grad_cam,vgg16,white,5.0,0.796
imagenet,mobilenet_v2,grad_cam,vgg16,white,10.0,0.781
imagenet,mobilenet_v2,grad_cam,vgg16,white,15.0,0.759
imagenet,mobilenet_v2,grad_cam,vgg16,white,20.0,0.749
imagenet,mobilenet_v2,grad_cam,vgg16,white,25.0,0.725
imagenet,mobilenet_v2,grad_cam,vgg16,white,30.0,0.721
imagenet,mobilenet_v2,grad_cam,vgg16,white,35.0,0.697
imagenet,mobilenet_v2,grad_cam,vgg16,white,40.0,0.673
imagenet,mobilenet_v2,grad_cam,vgg16,white,45.0,0.656
imagenet,mobilenet_v2,grad_cam,vgg16,white,50.0,0.635
imagenet,mobilenet_v2,grad_cam,vgg16,white,55.0,0.607
imagenet,mobilenet_v2,grad_cam,vgg16,white,60.0,0.563
imagenet,mobilenet_v2,grad_cam,vgg16,white,65.0,0.536
imagenet,mobilenet_v2,grad_cam,vgg16,white,70.0,0.487
imagenet,mobilenet_v2,grad_cam,vgg16,white,75.0,0.441
imagenet,mobilenet_v2,grad_cam,vgg16,white,80.0,0.348
imagenet,mobilenet_v2,grad_cam,vgg16,white,85.0,0.251
imagenet,mobilenet_v2,grad_cam,vgg16,white,90.0,0.157
imagenet,mobilenet_v2,grad_cam,vgg16,white,95.0,0.051
imagenet,mobilenet_v2,grad_cam,vgg16,white,100.0,0.001
imagenet,mobilenet_v2,gradientshap,resnet50,black,0.0,0.92
imagenet,mobilenet_v2,gradientshap,resnet50,black,5.0,0.85
imagenet,mobilenet_v2,gradientshap,resnet50,black,10.0,0.761
imagenet,mobilenet_v2,gradientshap,resnet50,black,15.0,0.697
imagenet,mobilenet_v2,gradientshap,resnet50,black,20.0,0.62
imagenet,mobilenet_v2,gradientshap,resnet50,black,25.0,0.565
imagenet,mobilenet_v2,gradientshap,resnet50,black,30.0,0.508
imagenet,mobilenet_v2,gradientshap,resnet50,black,35.0,0.44
imagenet,mobilenet_v2,gradientshap,resnet50,black,40.0,0.384
imagenet,mobilenet_v2,gradientshap,resnet50,black,45.0,0.337
imagenet,mobilenet_v2,gradientshap,resnet50,black,50.0,0.297
imagenet,mobilenet_v2,gradientshap,resnet50,black,55.0,0.24
imagenet,mobilenet_v2,gradientshap,resnet50,black,60.0,0.222
imagenet,mobilenet_v2,gradientshap,resnet50,black,65.0,0.162
imagenet,mobilenet_v2,gradientshap,resnet50,black,70.0,0.128
imagenet,mobilenet_v2,gradientshap,resnet50,black,75.0,0.086
imagenet,mobilenet_v2,gradientshap,resnet50,black,80.0,0.06
imagenet,mobilenet_v2,gradientshap,resnet50,black,85.0,0.038
imagenet,mobilenet_v2,gradientshap,resnet50,black,90.0,0.015
imagenet,mobilenet_v2,gradientshap,resnet50,black,95.0,0.003
imagenet,mobilenet_v2,gradientshap,resnet50,black,100.0,0.001
imagenet,mobilenet_v2,gradientshap,resnet50,blur,0.0,0.92
imagenet,mobilenet_v2,gradientshap,resnet50,blur,5.0,0.913
imagenet,mobilenet_v2,gradientshap,resnet50,blur,10.0,0.899
imagenet,mobilenet_v2,gradientshap,resnet50,blur,15.0,0.878
imagenet,mobilenet_v2,gradientshap,resnet50,blur,20.0,0.86
imagenet,mobilenet_v2,gradientshap,resnet50,blur,25.0,0.842
imagenet,mobilenet_v2,gradientshap,resnet50,blur,30.0,0.812
imagenet,mobilenet_v2,gradientshap,resnet50,blur,35.0,0.778
imagenet,mobilenet_v2,gradientshap,resnet50,blur,40.0,0.752
imagenet,mobilenet_v2,gradientshap,resnet50,blur,45.0,0.713
imagenet,mobilenet_v2,gradientshap,resnet50,blur,50.0,0.66
imagenet,mobilenet_v2,gradientshap,resnet50,blur,55.0,0.601
imagenet,mobilenet_v2,gradientshap,resnet50,blur,60.0,0.533
imagenet,mobilenet_v2,gradientshap,resnet50,blur,65.0,0.471
imagenet,mobilenet_v2,gradientshap,resnet50,blur,70.0,0.4
imagenet,mobilenet_v2,gradientshap,resnet50,blur,75.0,0.332
imagenet,mobilenet_v2,gradientshap,resnet50,blur,80.0,0.27
imagenet,mobilenet_v2,gradientshap,resnet50,blur,85.0,0.213
imagenet,mobilenet_v2,gradientshap,resnet50,blur,90.0,0.171
imagenet,mobilenet_v2,gradientshap,resnet50,blur,95.0,0.105
imagenet,mobilenet_v2,gradientshap,resnet50,blur,100.0,0.163
imagenet,mobilenet_v2,gradientshap,resnet50,gray,0.0,0.92
imagenet,mobilenet_v2,gradientshap,resnet50,gray,5.0,0.895
imagenet,mobilenet_v2,gradientshap,resnet50,gray,10.0,0.859
imagenet,mobilenet_v2,gradientshap,resnet50,gray,15.0,0.817
imagenet,mobilenet_v2,gradientshap,resnet50,gray,20.0,0.788
imagenet,mobilenet_v2,gradientshap,resnet50,gray,25.0,0.76
imagenet,mobilenet_v2,gradientshap,resnet50,gray,30.0,0.711
imagenet,mobilenet_v2,gradientshap,resnet50,gray,35.0,0.663
imagenet,mobilenet_v2,gradientshap,resnet50,gray,40.0,0.612
imagenet,mobilenet_v2,gradientshap,resnet50,gray,45.0,0.583
imagenet,mobilenet_v2,gradientshap,resnet50,gray,50.0,0.524
imagenet,mobilenet_v2,gradientshap,resnet50,gray,55.0,0.47
imagenet,mobilenet_v2,gradientshap,resnet50,gray,60.0,0.429
imagenet,mobilenet_v2,gradientshap,resnet50,gray,65.0,0.371
imagenet,mobilenet_v2,gradientshap,resnet50,gray,70.0,0.319
imagenet,mobilenet_v2,gradientshap,resnet50,gray,75.0,0.253
imagenet,mobilenet_v2,gradientshap,resnet50,gray,80.0,0.2
imagenet,mobilenet_v2,gradientshap,resnet50,gray,85.0,0.131
imagenet,mobilenet_v2,gradientshap,resnet50,gray,90.0,0.076
imagenet,mobilenet_v2,gradientshap,resnet50,gray,95.0,0.022
imagenet,mobilenet_v2,gradientshap,resnet50,gray,100.0,0.001
imagenet,mobilenet_v2,gradientshap,resnet50,mean,0.0,0.92
imagenet,mobilenet_v2,gradientshap,resnet50,mean,5.0,0.896
imagenet,mobilenet_v2,gradientshap,resnet50,mean,10.0,0.867
imagenet,mobilenet_v2,gradientshap,resnet50,mean,15.0,0.841
imagenet,mobilenet_v2,gradientshap,resnet50,mean,20.0,0.808
imagenet,mobilenet_v2,gradientshap,resnet50,mean,25.0,0.786
imagenet,mobilenet_v2,gradientshap,resnet50,mean,30.0,0.75
imagenet,mobilenet_v2,gradientshap,resnet50,mean,35.0,0.719
imagenet,mobilenet_v2,gradientshap,resnet50,mean,40.0,0.674
imagenet,mobilenet_v2,gradientshap,resnet50,mean,45.0,0.63
imagenet,mobilenet_v2,gradientshap,resnet50,mean,50.0,0.555
imagenet,mobilenet_v2,gradientshap,resnet50,mean,55.0,0.509
imagenet,mobilenet_v2,gradientshap,resnet50,mean,60.0,0.47
imagenet,mobilenet_v2,gradientshap,resnet50,mean,65.0,0.409
imagenet,mobilenet_v2,gradientshap,resnet50,mean,70.0,0.362
imagenet,mobilenet_v2,gradientshap,resnet50,mean,75.0,0.281
imagenet,mobilenet_v2,gradientshap,resnet50,mean,80.0,0.23
imagenet,mobilenet_v2,gradientshap,resnet50,mean,85.0,0.16
imagenet,mobilenet_v2,gradientshap,resnet50,mean,90.0,0.093
imagenet,mobilenet_v2,gradientshap,resnet50,mean,95.0,0.031
imagenet,mobilenet_v2,gradientshap,resnet50,mean,100.0,0.006
imagenet,mobilenet_v2,gradientshap,resnet50,random_noise,0.0,0.92
imagenet,mobilenet_v2,gradientshap,resnet50,random_noise,5.0,0.896
imagenet,mobilenet_v2,gradientshap,resnet50,random_noise,10.0,0.861
imagenet,mobilenet_v2,gradientshap,resnet50,random_noise,15.0,0.83
imagenet,mobilenet_v2,gradientshap,resnet50,random_noise,20.0,0.798
imagenet,mobilenet_v2,gradientshap,resnet50,random_noise,25.0,0.763
imagenet,mobilenet_v2,gradientshap,resnet50,random_noise,30.0,0.717
imagenet,mobilenet_v2,gradientshap,resnet50,random_noise,35.0,0.683
imagenet,mobilenet_v2,gradientshap,resnet50,random_noise,40.0,0.628
imagenet,mobilenet_v2,gradientshap,resnet50,random_noise,45.0,0.569
imagenet,mobilenet_v2,gradientshap,resnet50,random_noise,50.0,0.512
imagenet,mobilenet_v2,gradientshap,resnet50,random_noise,55.0,0.458
imagenet,mobilenet_v2,gradientshap,resnet50,random_noise,60.0,0.386
imagenet,mobilenet_v2,gradientshap,resnet50,random_noise,65.0,0.338
imagenet,mobilenet_v2,gradientshap,resnet50,random_noise,70.0,0.27
imagenet,mobilenet_v2,gradientshap,resnet50,random_noise,75.0,0.205
imagenet,mobilenet_v2,gradientshap,resnet50,random_noise,80.0,0.143
imagenet,mobilenet_v2,gradientshap,resnet50,random_noise,85.0,0.1
imagenet,mobilenet_v2,gradientshap,resnet50,random_noise,90.0,0.059
imagenet,mobilenet_v2,gradientshap,resnet50,random_noise,95.0,0.015
imagenet,mobilenet_v2,gradientshap,resnet50,random_noise,100.0,0.001
imagenet,mobilenet_v2,gradientshap,resnet50,white,0.0,0.92
imagenet,mobilenet_v2,gradientshap,resnet50,white,5.0,0.82
imagenet,mobilenet_v2,gradientshap,resnet50,white,10.0,0.736
imagenet,mobilenet_v2,gradientshap,resnet50,white,15.0,0.664
imagenet,mobilenet_v2,gradientshap,resnet50,white,20.0,0.581
imagenet,mobilenet_v2,gradientshap,resnet50,white,25.0,0.515
imagenet,mobilenet_v2,gradientshap,resnet50,white,30.0,0.442
imagenet,mobilenet_v2,gradientshap,resnet50,white,35.0,0.384
imagenet,mobilenet_v2,gradientshap,resnet50,white,40.0,0.329
imagenet,mobilenet_v2,gradientshap,resnet50,white,45.0,0.281
imagenet,mobilenet_v2,gradientshap,resnet50,white,50.0,0.242
imagenet,mobilenet_v2,gradientshap,resnet50,white,55.0,0.228
imagenet,mobilenet_v2,gradientshap,resnet50,white,60.0,0.186
imagenet,mobilenet_v2,gradientshap,resnet50,white,65.0,0.15
imagenet,mobilenet_v2,gradientshap,resnet50,white,70.0,0.111
imagenet,mobilenet_v2,gradientshap,resnet50,white,75.0,0.076
imagenet,mobilenet_v2,gradientshap,resnet50,white,80.0,0.062
imagenet,mobilenet_v2,gradientshap,resnet50,white,85.0,0.034
imagenet,mobilenet_v2,gradientshap,resnet50,white,90.0,0.019
imagenet,mobilenet_v2,gradientshap,resnet50,white,95.0,0.008
imagenet,mobilenet_v2,gradientshap,resnet50,white,100.0,0.001
imagenet,mobilenet_v2,gradientshap,vgg16,black,0.0,0.818
imagenet,mobilenet_v2,gradientshap,vgg16,black,5.0,0.404
imagenet,mobilenet_v2,gradientshap,vgg16,black,10.0,0.285
imagenet,mobilenet_v2,gradientshap,vgg16,black,15.0,0.226
imagenet,mobilenet_v2,gradientshap,vgg16,black,20.0,0.173
imagenet,mobilenet_v2,gradientshap,vgg16,black,25.0,0.14
imagenet,mobilenet_v2,gradientshap,vgg16,black,30.0,0.108
imagenet,mobilenet_v2,gradientshap,vgg16,black,35.0,0.083
imagenet,mobilenet_v2,gradientshap,vgg16,black,40.0,0.063
imagenet,mobilenet_v2,gradientshap,vgg16,black,45.0,0.047
imagenet,mobilenet_v2,gradientshap,vgg16,black,50.0,0.036
imagenet,mobilenet_v2,gradientshap,vgg16,black,55.0,0.025
imagenet,mobilenet_v2,gradientshap,vgg16,black,60.0,0.019
imagenet,mobilenet_v2,gradientshap,vgg16,black,65.0,0.011
imagenet,mobilenet_v2,gradientshap,vgg16,black,70.0,0.006
imagenet,mobilenet_v2,gradientshap,vgg16,black,75.0,0.007
imagenet,mobilenet_v2,gradientshap,vgg16,black,80.0,0.001
imagenet,mobilenet_v2,gradientshap,vgg16,black,85.0,0.002
imagenet,mobilenet_v2,gradientshap,vgg16,black,90.0,0.001
imagenet,mobilenet_v2,gradientshap,vgg16,black,95.0,0.0
imagenet,mobilenet_v2,gradientshap,vgg16,black,100.0,0.001
imagenet,mobilenet_v2,gradientshap,vgg16,blur,0.0,0.818
imagenet,mobilenet_v2,gradientshap,vgg16,blur,5.0,0.805
imagenet,mobilenet_v2,gradientshap,vgg16,blur,10.0,0.774
imagenet,mobilenet_v2,gradientshap,vgg16,blur,15.0,0.747
imagenet,mobilenet_v2,gradientshap,vgg16,blur,20.0,0.702
imagenet,mobilenet_v2,gradientshap,vgg16,blur,25.0,0.671
imagenet,mobilenet_v2,gradientshap,vgg16,blur,30.0,0.625
imagenet,mobilenet_v2,gradientshap,vgg16,blur,35.0,0.595
imagenet,mobilenet_v2,gradientshap,vgg16,blur,40.0,0.53
imagenet,mobilenet_v2,gradientshap,vgg16,blur,45.0,0.489
imagenet,mobilenet_v2,gradientshap,vgg16,blur,50.0,0.43
imagenet,mobilenet_v2,gradientshap,vgg16,blur,55.0,0.369
imagenet,mobilenet_v2,gradientshap,vgg16,blur,60.0,0.301
imagenet,mobilenet_v2,gradientshap,vgg16,blur,65.0,0.247
imagenet,mobilenet_v2,gradientshap,vgg16,blur,70.0,0.2
imagenet,mobilenet_v2,gradientshap,vgg16,blur,75.0,0.15
imagenet,mobilenet_v2,gradientshap,vgg16,blur,80.0,0.096
imagenet,mobilenet_v2,gradientshap,vgg16,blur,85.0,0.065
imagenet,mobilenet_v2,gradientshap,vgg16,blur,90.0,0.029
imagenet,mobilenet_v2,gradientshap,vgg16,blur,95.0,0.015
imagenet,mobilenet_v2,gradientshap,vgg16,blur,100.0,0.034
imagenet,mobilenet_v2,gradientshap,vgg16,gray,0.0,0.818
imagenet,mobilenet_v2,gradientshap,vgg16,gray,5.0,0.716
imagenet,mobilenet_v2,gradientshap,vgg16,gray,10.0,0.631
imagenet,mobilenet_v2,gradientshap,vgg16,gray,15.0,0.564
imagenet,mobilenet_v2,gradientshap,vgg16,gray,20.0,0.496
imagenet,mobilenet_v2,gradientshap,vgg16,gray,25.0,0.451
imagenet,mobilenet_v2,gradientshap,vgg16,gray,30.0,0.39
imagenet,mobilenet_v2,gradientshap,vgg16,gray,35.0,0.331
imagenet,mobilenet_v2,gradientshap,vgg16,gray,40.0,0.285
imagenet,mobilenet_v2,gradientshap,vgg16,gray,45.0,0.251
imagenet,mobilenet_v2,gradientshap,vgg16,gray,50.0,0.202
imagenet,mobilenet_v2,gradientshap,vgg16,gray,55.0,0.163
imagenet,mobilenet_v2,gradientshap,vgg16,gray,60.0,0.125
imagenet,mobilenet_v2,gradientshap,vgg16,gray,65.0,0.101
imagenet,mobilenet_v2,gradientshap,vgg16,gray,70.0,0.07
imagenet,mobilenet_v2,gradientshap,vgg16,gray,75.0,0.053
imagenet,mobilenet_v2,gradientshap,vgg16,gray,80.0,0.033
imagenet,mobilenet_v2,gradientshap,vgg16,gray,85.0,0.02
imagenet,mobilenet_v2,gradientshap,vgg16,gray,90.0,0.008
imagenet,mobilenet_v2,gradientshap,vgg16,gray,95.0,0.002
imagenet,mobilenet_v2,gradientshap,vgg16,gray,100.0,0.001
imagenet,mobilenet_v2,gradientshap,vgg16,mean,0.0,0.818
imagenet,mobilenet_v2,gradientshap,vgg16,mean,5.0,0.739
imagenet,mobilenet_v2,gradientshap,vgg16,mean,10.0,0.682
imagenet,mobilenet_v2,gradientshap,vgg16,mean,15.0,0.634
imagenet,mobilenet_v2,gradientshap,vgg16,mean,20.0,0.567
imagenet,mobilenet_v2,gradientshap,vgg16,mean,25.0,0.527
imagenet,mobilenet_v2,gradientshap,vgg16,mean,30.0,0.469
imagenet,mobilenet_v2,gradientshap,vgg16,mean,35.0,0.403
imagenet,mobilenet_v2,gradientshap,vgg16,mean,40.0,0.354
imagenet,mobilenet_v2,gradientshap,vgg16,mean,45.0,0.297
imagenet,mobilenet_v2,gradientshap,vgg16,mean,50.0,0.25
imagenet,mobilenet_v2,gradientshap,vgg16,mean,55.0,0.214
imagenet,mobilenet_v2,gradientshap,vgg16,mean,60.0,0.161
imagenet,mobilenet_v2,gradientshap,vgg16,mean,65.0,0.127
imagenet,mobilenet_v2,gradientshap,vgg16,mean,70.0,0.096
imagenet,mobilenet_v2,gradientshap,vgg16,mean,75.0,0.073
imagenet,mobilenet_v2,gradientshap,vgg16,mean,80.0,0.043
imagenet,mobilenet_v2,gradientshap,vgg16,mean,85.0,0.025
imagenet,mobilenet_v2,gradientshap,vgg16,mean,90.0,0.011
imagenet,mobilenet_v2,gradientshap,vgg16,mean,95.0,0.003
imagenet,mobilenet_v2,gradientshap,vgg16,mean,100.0,0.002
imagenet,mobilenet_v2,gradientshap,vgg16,random_noise,0.0,0.818
imagenet,mobilenet_v2,gradientshap,vgg16,random_noise,5.0,0.695
imagenet,mobilenet_v2,gradientshap,vgg16,random_noise,10.0,0.617
imagenet,mobilenet_v2,gradientshap,vgg16,random_noise,15.0,0.555
imagenet,mobilenet_v2,gradientshap,vgg16,random_noise,20.0,0.483
imagenet,mobilenet_v2,gradientshap,vgg16,random_noise,25.0,0.441
imagenet,mobilenet_v2,gradientshap,vgg16,random_noise,30.0,0.388
imagenet,mobilenet_v2,gradientshap,vgg16,random_noise,35.0,0.336
imagenet,mobilenet_v2,gradientshap,vgg16,random_noise,40.0,0.301
imagenet,mobilenet_v2,gradientshap,vgg16,random_noise,45.0,0.258
imagenet,mobilenet_v2,gradientshap,vgg16,random_noise,50.0,0.229
imagenet,mobilenet_v2,gradientshap,vgg16,random_noise,55.0,0.191
imagenet,mobilenet_v2,gradientshap,vgg16,random_noise,60.0,0.15
imagenet,mobilenet_v2,gradientshap,vgg16,random_noise,65.0,0.128
imagenet,mobilenet_v2,gradientshap,vgg16,random_noise,70.0,0.084
imagenet,mobilenet_v2,gradientshap,vgg16,random_noise,75.0,0.058
imagenet,mobilenet_v2,gradientshap,vgg16,random_noise,80.0,0.049
imagenet,mobilenet_v2,gradientshap,vgg16,random_noise,85.0,0.031
imagenet,mobilenet_v2,gradientshap,vgg16,random_noise,90.0,0.013
imagenet,mobilenet_v2,gradientshap,vgg16,random_noise,95.0,0.002
imagenet,mobilenet_v2,gradientshap,vgg16,random_noise,100.0,0.001
imagenet,mobilenet_v2,gradientshap,vgg16,white,0.0,0.818
imagenet,mobilenet_v2,gradientshap,vgg16,white,5.0,0.404
imagenet,mobilenet_v2,gradientshap,vgg16,white,10.0,0.29
imagenet,mobilenet_v2,gradientshap,vgg16,white,15.0,0.217
imagenet,mobilenet_v2,gradientshap,vgg16,white,20.0,0.168
imagenet,mobilenet_v2,gradientshap,vgg16,white,25.0,0.132
imagenet,mobilenet_v2,gradientshap,vgg16,white,30.0,0.113
imagenet,mobilenet_v2,gradientshap,vgg16,white,35.0,0.096
imagenet,mobilenet_v2,gradientshap,vgg16,white,40.0,0.088
imagenet,mobilenet_v2,gradientshap,vgg16,white,45.0,0.059
imagenet,mobilenet_v2,gradientshap,vgg16,white,50.0,0.052
imagenet,mobilenet_v2,gradientshap,vgg16,white,55.0,0.044
imagenet,mobilenet_v2,gradientshap,vgg16,white,60.0,0.03
imagenet,mobilenet_v2,gradientshap,vgg16,white,65.0,0.028
imagenet,mobilenet_v2,gradientshap,vgg16,white,70.0,0.023
imagenet,mobilenet_v2,gradientshap,vgg16,white,75.0,0.014
imagenet,mobilenet_v2,gradientshap,vgg16,white,80.0,0.008
imagenet,mobilenet_v2,gradientshap,vgg16,white,85.0,0.005
imagenet,mobilenet_v2,gradientshap,vgg16,white,90.0,0.002
imagenet,mobilenet_v2,gradientshap,vgg16,white,95.0,0.001
imagenet,mobilenet_v2,gradientshap,vgg16,white,100.0,0.001
imagenet,mobilenet_v2,inputxgradient,resnet50,black,0.0,0.92
imagenet,mobilenet_v2,inputxgradient,resnet50,black,5.0,0.834
imagenet,mobilenet_v2,inputxgradient,resnet50,black,10.0,0.743
imagenet,mobilenet_v2,inputxgradient,resnet50,black,15.0,0.657
imagenet,mobilenet_v2,inputxgradient,resnet50,black,20.0,0.588
imagenet,mobilenet_v2,inputxgradient,resnet50,black,25.0,0.514
imagenet,mobilenet_v2,inputxgradient,resnet50,black,30.0,0.449
imagenet,mobilenet_v2,inputxgradient,resnet50,black,35.0,0.396
imagenet,mobilenet_v2,inputxgradient,resnet50,black,40.0,0.348
imagenet,mobilenet_v2,inputxgradient,resnet50,black,45.0,0.307
imagenet,mobilenet_v2,inputxgradient,resnet50,black,50.0,0.268
imagenet,mobilenet_v2,inputxgradient,resnet50,black,55.0,0.212
imagenet,mobilenet_v2,inputxgradient,resnet50,black,60.0,0.176
imagenet,mobilenet_v2,inputxgradient,resnet50,black,65.0,0.134
imagenet,mobilenet_v2,inputxgradient,resnet50,black,70.0,0.093
imagenet,mobilenet_v2,inputxgradient,resnet50,black,75.0,0.062
imagenet,mobilenet_v2,inputxgradient,resnet50,black,80.0,0.025
imagenet,mobilenet_v2,inputxgradient,resnet50,black,85.0,0.021
imagenet,mobilenet_v2,inputxgradient,resnet50,black,90.0,0.006
imagenet,mobilenet_v2,inputxgradient,resnet50,black,95.0,0.002
imagenet,mobilenet_v2,inputxgradient,resnet50,black,100.0,0.001
imagenet,mobilenet_v2,inputxgradient,resnet50,blur,0.0,0.92
imagenet,mobilenet_v2,inputxgradient,resnet50,blur,5.0,0.909
imagenet,mobilenet_v2,inputxgradient,resnet50,blur,10.0,0.887
imagenet,mobilenet_v2,inputxgradient,resnet50,blur,15.0,0.869
imagenet,mobilenet_v2,inputxgradient,resnet50,blur,20.0,0.841
imagenet,mobilenet_v2,inputxgradient,resnet50,blur,25.0,0.811
imagenet,mobilenet_v2,inputxgradient,resnet50,blur,30.0,0.782
imagenet,mobilenet_v2,inputxgradient,resnet50,blur,35.0,0.74
imagenet,mobilenet_v2,inputxgradient,resnet50,blur,40.0,0.701
imagenet,mobilenet_v2,inputxgradient,resnet50,blur,45.0,0.652
imagenet,mobilenet_v2,inputxgradient,resnet50,blur,50.0,0.592
imagenet,mobilenet_v2,inputxgradient,resnet50,blur,55.0,0.512
imagenet,mobilenet_v2,inputxgradient,resnet50,blur,60.0,0.453
imagenet,mobilenet_v2,inputxgradient,resnet50,blur,65.0,0.413
imagenet,mobilenet_v2,inputxgradient,resnet50,blur,70.0,0.348
imagenet,mobilenet_v2,inputxgradient,resnet50,blur,75.0,0.295
imagenet,mobilenet_v2,inputxgradient,resnet50,blur,80.0,0.229
imagenet,mobilenet_v2,inputxgradient,resnet50,blur,85.0,0.162
imagenet,mobilenet_v2,inputxgradient,resnet50,blur,90.0,0.12
imagenet,mobilenet_v2,inputxgradient,resnet50,blur,95.0,0.083
imagenet,mobilenet_v2,inputxgradient,resnet50,blur,100.0,0.163
imagenet,mobilenet_v2,inputxgradient,resnet50,gray,0.0,0.92
imagenet,mobilenet_v2,inputxgradient,resnet50,gray,5.0,0.887
imagenet,mobilenet_v2,inputxgradient,resnet50,gray,10.0,0.836
imagenet,mobilenet_v2,inputxgradient,resnet50,gray,15.0,0.812
imagenet,mobilenet_v2,inputxgradient,resnet50,gray,20.0,0.773
imagenet,mobilenet_v2,inputxgradient,resnet50,gray,25.0,0.736
imagenet,mobilenet_v2,inputxgradient,resnet50,gray,30.0,0.682
imagenet,mobilenet_v2,inputxgradient,resnet50,gray,35.0,0.628
imagenet,mobilenet_v2,inputxgradient,resnet50,gray,40.0,0.581
imagenet,mobilenet_v2,inputxgradient,resnet50,gray,45.0,0.53
imagenet,mobilenet_v2,inputxgradient,resnet50,gray,50.0,0.47
imagenet,mobilenet_v2,inputxgradient,resnet50,gray,55.0,0.415
imagenet,mobilenet_v2,inputxgradient,resnet50,gray,60.0,0.36
imagenet,mobilenet_v2,inputxgradient,resnet50,gray,65.0,0.298
imagenet,mobilenet_v2,inputxgradient,resnet50,gray,70.0,0.24
imagenet,mobilenet_v2,inputxgradient,resnet50,gray,75.0,0.191
imagenet,mobilenet_v2,inputxgradient,resnet50,gray,80.0,0.14
imagenet,mobilenet_v2,inputxgradient,resnet50,gray,85.0,0.099
imagenet,mobilenet_v2,inputxgradient,resnet50,gray,90.0,0.055
imagenet,mobilenet_v2,inputxgradient,resnet50,gray,95.0,0.014
imagenet,mobilenet_v2,inputxgradient,resnet50,gray,100.0,0.001
imagenet,mobilenet_v2,inputxgradient,resnet50,mean,0.0,0.92
imagenet,mobilenet_v2,inputxgradient,resnet50,mean,5.0,0.892
imagenet,mobilenet_v2,inputxgradient,resnet50,mean,10.0,0.86
imagenet,mobilenet_v2,inputxgradient,resnet50,mean,15.0,0.824
imagenet,mobilenet_v2,inputxgradient,resnet50,mean,20.0,0.789
imagenet,mobilenet_v2,inputxgradient,resnet50,mean,25.0,0.762
imagenet,mobilenet_v2,inputxgradient,resnet50,mean,30.0,0.718
imagenet,mobilenet_v2,inputxgradient,resnet50,mean,35.0,0.663
imagenet,mobilenet_v2,inputxgradient,resnet50,mean,40.0,0.621
imagenet,mobilenet_v2,inputxgradient,resnet50,mean,45.0,0.569
imagenet,mobilenet_v2,inputxgradient,resnet50,mean,50.0,0.517
imagenet,mobilenet_v2,inputxgradient,resnet50,mean,55.0,0.452
imagenet,mobilenet_v2,inputxgradient,resnet50,mean,60.0,0.402
imagenet,mobilenet_v2,inputxgradient,resnet50,mean,65.0,0.334
imagenet,mobilenet_v2,inputxgradient,resnet50,mean,70.0,0.281
imagenet,mobilenet_v2,inputxgradient,resnet50,mean,75.0,0.222
imagenet,mobilenet_v2,inputxgradient,resnet50,mean,80.0,0.162
imagenet,mobilenet_v2,inputxgradient,resnet50,mean,85.0,0.106
imagenet,mobilenet_v2,inputxgradient,resnet50,mean,90.0,0.057
imagenet,mobilenet_v2,inputxgradient,resnet50,mean,95.0,0.015
imagenet,mobilenet_v2,inputxgradient,resnet50,mean,100.0,0.006
imagenet,mobilenet_v2,inputxgradient,resnet50,random_noise,0.0,0.92
imagenet,mobilenet_v2,inputxgradient,resnet50,random_noise,5.0,0.892
imagenet,mobilenet_v2,inputxgradient,resnet50,random_noise,10.0,0.843
imagenet,mobilenet_v2,inputxgradient,resnet50,random_noise,15.0,0.814
imagenet,mobilenet_v2,inputxgradient,resnet50,random_noise,20.0,0.775
imagenet,mobilenet_v2,inputxgradient,resnet50,random_noise,25.0,0.751
imagenet,mobilenet_v2,inputxgradient,resnet50,random_noise,30.0,0.694
imagenet,mobilenet_v2,inputxgradient,resnet50,random_noise,35.0,0.641
imagenet,mobilenet_v2,inputxgradient,resnet50,random_noise,40.0,0.569
imagenet,mobilenet_v2,inputxgradient,resnet50,random_noise,45.0,0.506
imagenet,mobilenet_v2,inputxgradient,resnet50,random_noise,50.0,0.432
imagenet,mobilenet_v2,inputxgradient,resnet50,random_noise,55.0,0.387
imagenet,mobilenet_v2,inputxgradient,resnet50,random_noise,60.0,0.332
imagenet,mobilenet_v2,inputxgradient,resnet50,random_noise,65.0,0.261
imagenet,mobilenet_v2,inputxgradient,resnet50,random_noise,70.0,0.198
imagenet,mobilenet_v2,inputxgradient,resnet50,random_noise,75.0,0.145
imagenet,mobilenet_v2,inputxgradient,resnet50,random_noise,80.0,0.102
imagenet,mobilenet_v2,inputxgradient,resnet50,random_noise,85.0,0.074
imagenet,mobilenet_v2,inputxgradient,resnet50,random_noise,90.0,0.032
imagenet,mobilenet_v2,inputxgradient,resnet50,random_noise,95.0,0.005
imagenet,mobilenet_v2,inputxgradient,resnet50,random_noise,100.0,0.001
imagenet,mobilenet_v2,inputxgradient,resnet50,white,0.0,0.92
imagenet,mobilenet_v2,inputxgradient,resnet50,white,5.0,0.803
imagenet,mobilenet_v2,inputxgradient,resnet50,white,10.0,0.718
imagenet,mobilenet_v2,inputxgradient,resnet50,white,15.0,0.633
imagenet,mobilenet_v2,inputxgradient,resnet50,white,20.0,0.546
imagenet,mobilenet_v2,inputxgradient,resnet50,white,25.0,0.475
imagenet,mobilenet_v2,inputxgradient,resnet50,white,30.0,0.407
imagenet,mobilenet_v2,inputxgradient,resnet50,white,35.0,0.34
imagenet,mobilenet_v2,inputxgradient,resnet50,white,40.0,0.314
imagenet,mobilenet_v2,inputxgradient,resnet50,white,45.0,0.259
imagenet,mobilenet_v2,inputxgradient,resnet50,white,50.0,0.214
imagenet,mobilenet_v2,inputxgradient,resnet50,white,55.0,0.184
imagenet,mobilenet_v2,inputxgradient,resnet50,white,60.0,0.152
imagenet,mobilenet_v2,inputxgradient,resnet50,white,65.0,0.123
imagenet,mobilenet_v2,inputxgradient,resnet50,white,70.0,0.099
imagenet,mobilenet_v2,inputxgradient,resnet50,white,75.0,0.062
imagenet,mobilenet_v2,inputxgradient,resnet50,white,80.0,0.044
imagenet,mobilenet_v2,inputxgradient,resnet50,white,85.0,0.022
imagenet,mobilenet_v2,inputxgradient,resnet50,white,90.0,0.017
imagenet,mobilenet_v2,inputxgradient,resnet50,white,95.0,0.011
imagenet,mobilenet_v2,inputxgradient,resnet50,white,100.0,0.001
imagenet,mobilenet_v2,inputxgradient,vgg16,black,0.0,0.818
imagenet,mobilenet_v2,inputxgradient,vgg16,black,5.0,0.395
imagenet,mobilenet_v2,inputxgradient,vgg16,black,10.0,0.267
imagenet,mobilenet_v2,inputxgradient,vgg16,black,15.0,0.19
imagenet,mobilenet_v2,inputxgradient,vgg16,black,20.0,0.137
imagenet,mobilenet_v2,inputxgradient,vgg16,black,25.0,0.098
imagenet,mobilenet_v2,inputxgradient,vgg16,black,30.0,0.078
imagenet,mobilenet_v2,inputxgradient,vgg16,black,35.0,0.061
imagenet,mobilenet_v2,inputxgradient,vgg16,black,40.0,0.055
imagenet,mobilenet_v2,inputxgradient,vgg16,black,45.0,0.036
imagenet,mobilenet_v2,inputxgradient,vgg16,black,50.0,0.025
imagenet,mobilenet_v2,inputxgradient,vgg16,black,55.0,0.014
imagenet,mobilenet_v2,inputxgradient,vgg16,black,60.0,0.008
imagenet,mobilenet_v2,inputxgradient,vgg16,black,65.0,0.005
imagenet,mobilenet_v2,inputxgradient,vgg16,black,70.0,0.004
imagenet,mobilenet_v2,inputxgradient,vgg16,black,75.0,0.002
imagenet,mobilenet_v2,inputxgradient,vgg16,black,80.0,0.0
imagenet,mobilenet_v2,inputxgradient,vgg16,black,85.0,0.0
imagenet,mobilenet_v2,inputxgradient,vgg16,black,90.0,0.001
imagenet,mobilenet_v2,inputxgradient,vgg16,black,95.0,0.001
imagenet,mobilenet_v2,inputxgradient,vgg16,black,100.0,0.001
imagenet,mobilenet_v2,inputxgradient,vgg16,blur,0.0,0.818
imagenet,mobilenet_v2,inputxgradient,vgg16,blur,5.0,0.797
imagenet,mobilenet_v2,inputxgradient,vgg16,blur,10.0,0.77
imagenet,mobilenet_v2,inputxgradient,vgg16,blur,15.0,0.725
imagenet,mobilenet_v2,inputxgradient,vgg16,blur,20.0,0.686
imagenet,mobilenet_v2,inputxgradient,vgg16,blur,25.0,0.635
imagenet,mobilenet_v2,inputxgradient,vgg16,blur,30.0,0.588
imagenet,mobilenet_v2,inputxgradient,vgg16,blur,35.0,0.545
imagenet,mobilenet_v2,inputxgradient,vgg16,blur,40.0,0.487
imagenet,mobilenet_v2,inputxgradient,vgg16,blur,45.0,0.414
imagenet,mobilenet_v2,inputxgradient,vgg16,blur,50.0,0.36
imagenet,mobilenet_v2,inputxgradient,vgg16,blur,55.0,0.295
imagenet,mobilenet_v2,inputxgradient,vgg16,blur,60.0,0.242
imagenet,mobilenet_v2,inputxgradient,vgg16,blur,65.0,0.189
imagenet,mobilenet_v2,inputxgradient,vgg16,blur,70.0,0.129
imagenet,mobilenet_v2,inputxgradient,vgg16,blur,75.0,0.094
imagenet,mobilenet_v2,inputxgradient,vgg16,blur,80.0,0.059
imagenet,mobilenet_v2,inputxgradient,vgg16,blur,85.0,0.037
imagenet,mobilenet_v2,inputxgradient,vgg16,blur,90.0,0.016
imagenet,mobilenet_v2,inputxgradient,vgg16,blur,95.0,0.013
imagenet,mobilenet_v2,inputxgradient,vgg16,blur,100.0,0.034
imagenet,mobilenet_v2,inputxgradient,vgg16,gray,0.0,0.818
imagenet,mobilenet_v2,inputxgradient,vgg16,gray,5.0,0.713
imagenet,mobilenet_v2,inputxgradient,vgg16,gray,10.0,0.625
imagenet,mobilenet_v2,inputxgradient,vgg16,gray,15.0,0.546
imagenet,mobilenet_v2,inputxgradient,vgg16,gray,20.0,0.482
imagenet,mobilenet_v2,inputxgradient,vgg16,gray,25.0,0.414
imagenet,mobilenet_v2,inputxgradient,vgg16,gray,30.0,0.351
imagenet,mobilenet_v2,inputxgradient,vgg16,gray,35.0,0.294
imagenet,mobilenet_v2,inputxgradient,vgg16,gray,40.0,0.256
imagenet,mobilenet_v2,inputxgradient,vgg16,gray,45.0,0.206
imagenet,mobilenet_v2,inputxgradient,vgg16,gray,50.0,0.153
imagenet,mobilenet_v2,inputxgradient,vgg16,gray,55.0,0.118
imagenet,mobilenet_v2,inputxgradient,vgg16,gray,60.0,0.084
imagenet,mobilenet_v2,inputxgradient,vgg16,gray,65.0,0.07
imagenet,mobilenet_v2,inputxgradient,vgg16,gray,70.0,0.05
imagenet,mobilenet_v2,inputxgradient,vgg16,gray,75.0,0.034
imagenet,mobilenet_v2,inputxgradient,vgg16,gray,80.0,0.021
imagenet,mobilenet_v2,inputxgradient,vgg16,gray,85.0,0.011
imagenet,mobilenet_v2,inputxgradient,vgg16,gray,90.0,0.004
imagenet,mobilenet_v2,inputxgradient,vgg16,gray,95.0,0.002
imagenet,mobilenet_v2,inputxgradient,vgg16,gray,100.0,0.001
imagenet,mobilenet_v2,inputxgradient,vgg16,mean,0.0,0.818
imagenet,mobilenet_v2,inputxgradient,vgg16,mean,5.0,0.744
imagenet,mobilenet_v2,inputxgradient,vgg16,mean,10.0,0.667
imagenet,mobilenet_v2,inputxgradient,vgg16,mean,15.0,0.599
imagenet,mobilenet_v2,inputxgradient,vgg16,mean,20.0,0.535
imagenet,mobilenet_v2,inputxgradient,vgg16,mean,25.0,0.479
imagenet,mobilenet_v2,inputxgradient,vgg16,mean,30.0,0.41
imagenet,mobilenet_v2,inputxgradient,vgg16,mean,35.0,0.36
imagenet,mobilenet_v2,inputxgradient,vgg16,mean,40.0,0.307
imagenet,mobilenet_v2,inputxgradient,vgg16,mean,45.0,0.256
imagenet,mobilenet_v2,inputxgradient,vgg16,mean,50.0,0.216
imagenet,mobilenet_v2,inputxgradient,vgg16,mean,55.0,0.158
imagenet,mobilenet_v2,inputxgradient,vgg16,mean,60.0,0.123
imagenet,mobilenet_v2,inputxgradient,vgg16,mean,65.0,0.084
imagenet,mobilenet_v2,inputxgradient,vgg16,mean,70.0,0.064
imagenet,mobilenet_v2,inputxgradient,vgg16,mean,75.0,0.05
imagenet,mobilenet_v2,inputxgradient,vgg16,mean,80.0,0.033
imagenet,mobilenet_v2,inputxgradient,vgg16,mean,85.0,0.014
imagenet,mobilenet_v2,inputxgradient,vgg16,mean,90.0,0.005
imagenet,mobilenet_v2,inputxgradient,vgg16,mean,95.0,0.002
imagenet,mobilenet_v2,inputxgradient,vgg16,mean,100.0,0.002
imagenet,mobilenet_v2,inputxgradient,vgg16,random_noise,0.0,0.818
imagenet,mobilenet_v2,inputxgradient,vgg16,random_noise,5.0,0.699
imagenet,mobilenet_v2,inputxgradient,vgg16,random_noise,10.0,0.606
imagenet,mobilenet_v2,inputxgradient,vgg16,random_noise,15.0,0.532
imagenet,mobilenet_v2,inputxgradient,vgg16,random_noise,20.0,0.472
imagenet,mobilenet_v2,inputxgradient,vgg16,random_noise,25.0,0.415
imagenet,mobilenet_v2,inputxgradient,vgg16,random_noise,30.0,0.358
imagenet,mobilenet_v2,inputxgradient,vgg16,random_noise,35.0,0.306
imagenet,mobilenet_v2,inputxgradient,vgg16,random_noise,40.0,0.271
imagenet,mobilenet_v2,inputxgradient,vgg16,random_noise,45.0,0.233
imagenet,mobilenet_v2,inputxgradient,vgg16,random_noise,50.0,0.2
imagenet,mobilenet_v2,inputxgradient,vgg16,random_noise,55.0,0.148
imagenet,mobilenet_v2,inputxgradient,vgg16,random_noise,60.0,0.115
imagenet,mobilenet_v2,inputxgradient,vgg16,random_noise,65.0,0.086
imagenet,mobilenet_v2,inputxgradient,vgg16,random_noise,70.0,0.07
imagenet,mobilenet_v2,inputxgradient,vgg16,random_noise,75.0,0.047
imagenet,mobilenet_v2,inputxgradient,vgg16,random_noise,80.0,0.031
imagenet,mobilenet_v2,inputxgradient,vgg16,random_noise,85.0,0.018
imagenet,mobilenet_v2,inputxgradient,vgg16,random_noise,90.0,0.008
imagenet,mobilenet_v2,inputxgradient,vgg16,random_noise,95.0,0.001
imagenet,mobilenet_v2,inputxgradient,vgg16,random_noise,100.0,0.001
imagenet,mobilenet_v2,inputxgradient,vgg16,white,0.0,0.818
imagenet,mobilenet_v2,inputxgradient,vgg16,white,5.0,0.399
imagenet,mobilenet_v2,inputxgradient,vgg16,white,10.0,0.264
imagenet,mobilenet_v2,inputxgradient,vgg16,white,15.0,0.191
imagenet,mobilenet_v2,inputxgradient,vgg16,white,20.0,0.145
imagenet,mobilenet_v2,inputxgradient,vgg16,white,25.0,0.121
imagenet,mobilenet_v2,inputxgradient,vgg16,white,30.0,0.091
imagenet,mobilenet_v2,inputxgradient,vgg16,white,35.0,0.071
imagenet,mobilenet_v2,inputxgradient,vgg16,white,40.0,0.055
imagenet,mobilenet_v2,inputxgradient,vgg16,white,45.0,0.042
imagenet,mobilenet_v2,inputxgradient,vgg16,white,50.0,0.036
imagenet,mobilenet_v2,inputxgradient,vgg16,white,55.0,0.023
imagenet,mobilenet_v2,inputxgradient,vgg16,white,60.0,0.019
imagenet,mobilenet_v2,inputxgradient,vgg16,white,65.0,0.012
imagenet,mobilenet_v2,inputxgradient,vgg16,white,70.0,0.011
imagenet,mobilenet_v2,inputxgradient,vgg16,white,75.0,0.004
imagenet,mobilenet_v2,inputxgradient,vgg16,white,80.0,0.004
imagenet,mobilenet_v2,inputxgradient,vgg16,white,85.0,0.002
imagenet,mobilenet_v2,inputxgradient,vgg16,white,90.0,0.002
imagenet,mobilenet_v2,inputxgradient,vgg16,white,95.0,0.001
imagenet,mobilenet_v2,inputxgradient,vgg16,white,100.0,0.001
imagenet,mobilenet_v2,integrated_gradients,resnet50,black,0.0,0.92
imagenet,mobilenet_v2,integrated_gradients,resnet50,black,5.0,0.856
imagenet,mobilenet_v2,integrated_gradients,resnet50,black,10.0,0.772
imagenet,mobilenet_v2,integrated_gradients,resnet50,black,15.0,0.699
imagenet,mobilenet_v2,integrated_gradients,resnet50,black,20.0,0.63
imagenet,mobilenet_v2,integrated_gradients,resnet50,black,25.0,0.576
imagenet,mobilenet_v2,integrated_gradients,resnet50,black,30.0,0.499
imagenet,mobilenet_v2,integrated_gradients,resnet50,black,35.0,0.444
imagenet,mobilenet_v2,integrated_gradients,resnet50,black,40.0,0.391
imagenet,mobilenet_v2,integrated_gradients,resnet50,black,45.0,0.357
imagenet,mobilenet_v2,integrated_gradients,resnet50,black,50.0,0.317
imagenet,mobilenet_v2,integrated_gradients,resnet50,black,55.0,0.265
imagenet,mobilenet_v2,integrated_gradients,resnet50,black,60.0,0.227
imagenet,mobilenet_v2,integrated_gradients,resnet50,black,65.0,0.189
imagenet,mobilenet_v2,integrated_gradients,resnet50,black,70.0,0.153
imagenet,mobilenet_v2,integrated_gradients,resnet50,black,75.0,0.102
imagenet,mobilenet_v2,integrated_gradients,resnet50,black,80.0,0.068
imagenet,mobilenet_v2,integrated_gradients,resnet50,black,85.0,0.042
imagenet,mobilenet_v2,integrated_gradients,resnet50,black,90.0,0.02
imagenet,mobilenet_v2,integrated_gradients,resnet50,black,95.0,0.004
imagenet,mobilenet_v2,integrated_gradients,resnet50,black,100.0,0.001
imagenet,mobilenet_v2,integrated_gradients,resnet50,blur,0.0,0.92
imagenet,mobilenet_v2,integrated_gradients,resnet50,blur,5.0,0.911
imagenet,mobilenet_v2,integrated_gradients,resnet50,blur,10.0,0.895
imagenet,mobilenet_v2,integrated_gradients,resnet50,blur,15.0,0.883
imagenet,mobilenet_v2,integrated_gradients,resnet50,blur,20.0,0.861
imagenet,mobilenet_v2,integrated_gradients,resnet50,blur,25.0,0.85
imagenet,mobilenet_v2,integrated_gradients,resnet50,blur,30.0,0.813
imagenet,mobilenet_v2,integrated_gradients,resnet50,blur,35.0,0.79
imagenet,mobilenet_v2,integrated_gradients,resnet50,blur,40.0,0.76
imagenet,mobilenet_v2,integrated_gradients,resnet50,blur,45.0,0.727
imagenet,mobilenet_v2,integrated_gradients,resnet50,blur,50.0,0.684
imagenet,mobilenet_v2,integrated_gradients,resnet50,blur,55.0,0.629
imagenet,mobilenet_v2,integrated_gradients,resnet50,blur,60.0,0.573
imagenet,mobilenet_v2,integrated_gradients,resnet50,blur,65.0,0.507
imagenet,mobilenet_v2,integrated_gradients,resnet50,blur,70.0,0.444
imagenet,mobilenet_v2,integrated_gradients,resnet50,blur,75.0,0.372
imagenet,mobilenet_v2,integrated_gradients,resnet50,blur,80.0,0.296
imagenet,mobilenet_v2,integrated_gradients,resnet50,blur,85.0,0.229
imagenet,mobilenet_v2,integrated_gradients,resnet50,blur,90.0,0.169
imagenet,mobilenet_v2,integrated_gradients,resnet50,blur,95.0,0.115
imagenet,mobilenet_v2,integrated_gradients,resnet50,blur,100.0,0.163
imagenet,mobilenet_v2,integrated_gradients,resnet50,gray,0.0,0.92
imagenet,mobilenet_v2,integrated_gradients,resnet50,gray,5.0,0.891
imagenet,mobilenet_v2,integrated_gradients,resnet50,gray,10.0,0.858
imagenet,mobilenet_v2,integrated_gradients,resnet50,gray,15.0,0.829
imagenet,mobilenet_v2,integrated_gradients,resnet50,gray,20.0,0.802
imagenet,mobilenet_v2,integrated_gradients,resnet50,gray,25.0,0.772
imagenet,mobilenet_v2,integrated_gradients,resnet50,gray,30.0,0.731
imagenet,mobilenet_v2,integrated_gradients,resnet50,gray,35.0,0.693
imagenet,mobilenet_v2,integrated_gradients,resnet50,gray,40.0,0.644
imagenet,mobilenet_v2,integrated_gradients,resnet50,gray,45.0,0.601
imagenet,mobilenet_v2,integrated_gradients,resnet50,gray,50.0,0.557
imagenet,mobilenet_v2,integrated_gradients,resnet50,gray,55.0,0.501
imagenet,mobilenet_v2,integrated_gradients,resnet50,gray,60.0,0.45
imagenet,mobilenet_v2,integrated_gradients,resnet50,gray,65.0,0.406
imagenet,mobilenet_v2,integrated_gradients,resnet50,gray,70.0,0.353
imagenet,mobilenet_v2,integrated_gradients,resnet50,gray,75.0,0.301
imagenet,mobilenet_v2,integrated_gradients,resnet50,gray,80.0,0.229
imagenet,mobilenet_v2,integrated_gradients,resnet50,gray,85.0,0.169
imagenet,mobilenet_v2,integrated_gradients,resnet50,gray,90.0,0.094
imagenet,mobilenet_v2,integrated_gradients,resnet50,gray,95.0,0.03
imagenet,mobilenet_v2,integrated_gradients,resnet50,gray,100.0,0.001
imagenet,mobilenet_v2,integrated_gradients,resnet50,mean,0.0,0.92
imagenet,mobilenet_v2,integrated_gradients,resnet50,mean,5.0,0.903
imagenet,mobilenet_v2,integrated_gradients,resnet50,mean,10.0,0.868
imagenet,mobilenet_v2,integrated_gradients,resnet50,mean,15.0,0.842
imagenet,mobilenet_v2,integrated_gradients,resnet50,mean,20.0,0.823
imagenet,mobilenet_v2,integrated_gradients,resnet50,mean,25.0,0.791
imagenet,mobilenet_v2,integrated_gradients,resnet50,mean,30.0,0.753
imagenet,mobilenet_v2,integrated_gradients,resnet50,mean,35.0,0.724
imagenet,mobilenet_v2,integrated_gradients,resnet50,mean,40.0,0.696
imagenet,mobilenet_v2,integrated_gradients,resnet50,mean,45.0,0.655
imagenet,mobilenet_v2,integrated_gradients,resnet50,mean,50.0,0.601
imagenet,mobilenet_v2,integrated_gradients,resnet50,mean,55.0,0.547
imagenet,mobilenet_v2,integrated_gradients,resnet50,mean,60.0,0.507
imagenet,mobilenet_v2,integrated_gradients,resnet50,mean,65.0,0.442
imagenet,mobilenet_v2,integrated_gradients,resnet50,mean,70.0,0.378
imagenet,mobilenet_v2,integrated_gradients,resnet50,mean,75.0,0.32
imagenet,mobilenet_v2,integrated_gradients,resnet50,mean,80.0,0.257
imagenet,mobilenet_v2,integrated_gradients,resnet50,mean,85.0,0.168
imagenet,mobilenet_v2,integrated_gradients,resnet50,mean,90.0,0.104
imagenet,mobilenet_v2,integrated_gradients,resnet50,mean,95.0,0.033
imagenet,mobilenet_v2,integrated_gradients,resnet50,mean,100.0,0.006
imagenet,mobilenet_v2,integrated_gradients,resnet50,random_noise,0.0,0.92
imagenet,mobilenet_v2,integrated_gradients,resnet50,random_noise,5.0,0.894
imagenet,mobilenet_v2,integrated_gradients,resnet50,random_noise,10.0,0.858
imagenet,mobilenet_v2,integrated_gradients,resnet50,random_noise,15.0,0.834
imagenet,mobilenet_v2,integrated_gradients,resnet50,random_noise,20.0,0.81
imagenet,mobilenet_v2,integrated_gradients,resnet50,random_noise,25.0,0.78
imagenet,mobilenet_v2,integrated_gradients,resnet50,random_noise,30.0,0.742
imagenet,mobilenet_v2,integrated_gradients,resnet50,random_noise,35.0,0.691
imagenet,mobilenet_v2,integrated_gradients,resnet50,random_noise,40.0,0.65
imagenet,mobilenet_v2,integrated_gradients,resnet50,random_noise,45.0,0.596
imagenet,mobilenet_v2,integrated_gradients,resnet50,random_noise,50.0,0.534
imagenet,mobilenet_v2,integrated_gradients,resnet50,random_noise,55.0,0.487
imagenet,mobilenet_v2,integrated_gradients,resnet50,random_noise,60.0,0.433
imagenet,mobilenet_v2,integrated_gradients,resnet50,random_noise,65.0,0.359
imagenet,mobilenet_v2,integrated_gradients,resnet50,random_noise,70.0,0.305
imagenet,mobilenet_v2,integrated_gradients,resnet50,random_noise,75.0,0.255
imagenet,mobilenet_v2,integrated_gradients,resnet50,random_noise,80.0,0.18
imagenet,mobilenet_v2,integrated_gradients,resnet50,random_noise,85.0,0.121
imagenet,mobilenet_v2,integrated_gradients,resnet50,random_noise,90.0,0.062
imagenet,mobilenet_v2,integrated_gradients,resnet50,random_noise,95.0,0.016
imagenet,mobilenet_v2,integrated_gradients,resnet50,random_noise,100.0,0.001
imagenet,mobilenet_v2,integrated_gradients,resnet50,white,0.0,0.92
imagenet,mobilenet_v2,integrated_gradients,resnet50,white,5.0,0.835
imagenet,mobilenet_v2,integrated_gradients,resnet50,white,10.0,0.755
imagenet,mobilenet_v2,integrated_gradients,resnet50,white,15.0,0.661
imagenet,mobilenet_v2,integrated_gradients,resnet50,white,20.0,0.585
imagenet,mobilenet_v2,integrated_gradients,resnet50,white,25.0,0.523
imagenet,mobilenet_v2,integrated_gradients,resnet50,white,30.0,0.461
imagenet,mobilenet_v2,integrated_gradients,resnet50,white,35.0,0.406
imagenet,mobilenet_v2,integrated_gradients,resnet50,white,40.0,0.348
imagenet,mobilenet_v2,integrated_gradients,resnet50,white,45.0,0.31
imagenet,mobilenet_v2,integrated_gradients,resnet50,white,50.0,0.264
imagenet,mobilenet_v2,integrated_gradients,resnet50,white,55.0,0.221
imagenet,mobilenet_v2,integrated_gradients,resnet50,white,60.0,0.189
imagenet,mobilenet_v2,integrated_gradients,resnet50,white,65.0,0.16
imagenet,mobilenet_v2,integrated_gradients,resnet50,white,70.0,0.132
imagenet,mobilenet_v2,integrated_gradients,resnet50,white,75.0,0.102
imagenet,mobilenet_v2,integrated_gradients,resnet50,white,80.0,0.065
imagenet,mobilenet_v2,integrated_gradients,resnet50,white,85.0,0.043
imagenet,mobilenet_v2,integrated_gradients,resnet50,white,90.0,0.022
imagenet,mobilenet_v2,integrated_gradients,resnet50,white,95.0,0.008
imagenet,mobilenet_v2,integrated_gradients,resnet50,white,100.0,0.001
imagenet,mobilenet_v2,integrated_gradients,vgg16,black,0.0,0.818
imagenet,mobilenet_v2,integrated_gradients,vgg16,black,5.0,0.436
imagenet,mobilenet_v2,integrated_gradients,vgg16,black,10.0,0.302
imagenet,mobilenet_v2,integrated_gradients,vgg16,black,15.0,0.233
imagenet,mobilenet_v2,integrated_gradients,vgg16,black,20.0,0.175
imagenet,mobilenet_v2,integrated_gradients,vgg16,black,25.0,0.149
imagenet,mobilenet_v2,integrated_gradients,vgg16,black,30.0,0.121
imagenet,mobilenet_v2,integrated_gradients,vgg16,black,35.0,0.091
imagenet,mobilenet_v2,integrated_gradients,vgg16,black,40.0,0.076
imagenet,mobilenet_v2,integrated_gradients,vgg16,black,45.0,0.055
imagenet,mobilenet_v2,integrated_gradients,vgg16,black,50.0,0.043
imagenet,mobilenet_v2,integrated_gradients,vgg16,black,55.0,0.029
imagenet,mobilenet_v2,integrated_gradients,vgg16,black,60.0,0.018
imagenet,mobilenet_v2,integrated_gradients,vgg16,black,65.0,0.013
imagenet,mobilenet_v2,integrated_gradients,vgg16,black,70.0,0.008
imagenet,mobilenet_v2,integrated_gradients,vgg16,black,75.0,0.006
imagenet,mobilenet_v2,integrated_gradients,vgg16,black,80.0,0.004
imagenet,mobilenet_v2,integrated_gradients,vgg16,black,85.0,0.001
imagenet,mobilenet_v2,integrated_gradients,vgg16,black,90.0,0.002
imagenet,mobilenet_v2,integrated_gradients,vgg16,black,95.0,0.0
imagenet,mobilenet_v2,integrated_gradients,vgg16,black,100.0,0.001
imagenet,mobilenet_v2,integrated_gradients,vgg16,blur,0.0,0.818
imagenet,mobilenet_v2,integrated_gradients,vgg16,blur,5.0,0.808
imagenet,mobilenet_v2,integrated_gradients,vgg16,blur,10.0,0.787
imagenet,mobilenet_v2,integrated_gradients,vgg16,blur,15.0,0.741
imagenet,mobilenet_v2,integrated_gradients,vgg16,blur,20.0,0.715
imagenet,mobilenet_v2,integrated_gradients,vgg16,blur,25.0,0.687
imagenet,mobilenet_v2,integrated_gradients,vgg16,blur,30.0,0.664
imagenet,mobilenet_v2,integrated_gradients,vgg16,blur,35.0,0.6
imagenet,mobilenet_v2,integrated_gradients,vgg16,blur,40.0,0.55
imagenet,mobilenet_v2,integrated_gradients,vgg16,blur,45.0,0.507
imagenet,mobilenet_v2,integrated_gradients,vgg16,blur,50.0,0.454
imagenet,mobilenet_v2,integrated_gradients,vgg16,blur,55.0,0.419
imagenet,mobilenet_v2,integrated_gradients,vgg16,blur,60.0,0.354
imagenet,mobilenet_v2,integrated_gradients,vgg16,blur,65.0,0.29
imagenet,mobilenet_v2,integrated_gradients,vgg16,blur,70.0,0.223
imagenet,mobilenet_v2,integrated_gradients,vgg16,blur,75.0,0.157
imagenet,mobilenet_v2,integrated_gradients,vgg16,blur,80.0,0.11
imagenet,mobilenet_v2,integrated_gradients,vgg16,blur,85.0,0.068
imagenet,mobilenet_v2,integrated_gradients,vgg16,blur,90.0,0.032
imagenet,mobilenet_v2,integrated_gradients,vgg16,blur,95.0,0.016
imagenet,mobilenet_v2,integrated_gradients,vgg16,blur,100.0,0.034
imagenet,mobilenet_v2,integrated_gradients,vgg16,gray,0.0,0.818
imagenet,mobilenet_v2,integrated_gradients,vgg16,gray,5.0,0.723
imagenet,mobilenet_v2,integrated_gradients,vgg16,gray,10.0,0.64
imagenet,mobilenet_v2,integrated_gradients,vgg16,gray,15.0,0.57
imagenet,mobilenet_v2,integrated_gradients,vgg16,gray,20.0,0.517
imagenet,mobilenet_v2,integrated_gradients,vgg16,gray,25.0,0.471
imagenet,mobilenet_v2,integrated_gradients,vgg16,gray,30.0,0.415
imagenet,mobilenet_v2,integrated_gradients,vgg16,gray,35.0,0.359
imagenet,mobilenet_v2,integrated_gradients,vgg16,gray,40.0,0.302
imagenet,mobilenet_v2,integrated_gradients,vgg16,gray,45.0,0.256
imagenet,mobilenet_v2,integrated_gradients,vgg16,gray,50.0,0.222
imagenet,mobilenet_v2,integrated_gradients,vgg16,gray,55.0,0.191
imagenet,mobilenet_v2,integrated_gradients,vgg16,gray,60.0,0.159
imagenet,mobilenet_v2,integrated_gradients,vgg16,gray,65.0,0.121
imagenet,mobilenet_v2,integrated_gradients,vgg16,gray,70.0,0.089
imagenet,mobilenet_v2,integrated_gradients,vgg16,gray,75.0,0.062
imagenet,mobilenet_v2,integrated_gradients,vgg16,gray,80.0,0.037
imagenet,mobilenet_v2,integrated_gradients,vgg16,gray,85.0,0.026
imagenet,mobilenet_v2,integrated_gradients,vgg16,gray,90.0,0.006
imagenet,mobilenet_v2,integrated_gradients,vgg16,gray,95.0,0.002
imagenet,mobilenet_v2,integrated_gradients,vgg16,gray,100.0,0.001
imagenet,mobilenet_v2,integrated_gradients,vgg16,mean,0.0,0.818
imagenet,mobilenet_v2,integrated_gradients,vgg16,mean,5.0,0.749
imagenet,mobilenet_v2,integrated_gradients,vgg16,mean,10.0,0.686
imagenet,mobilenet_v2,integrated_gradients,vgg16,mean,15.0,0.645
imagenet,mobilenet_v2,integrated_gradients,vgg16,mean,20.0,0.576
imagenet,mobilenet_v2,integrated_gradients,vgg16,mean,25.0,0.537
imagenet,mobilenet_v2,integrated_gradients,vgg16,mean,30.0,0.485
imagenet,mobilenet_v2,integrated_gradients,vgg16,mean,35.0,0.426
imagenet,mobilenet_v2,integrated_gradients,vgg16,mean,40.0,0.37
imagenet,mobilenet_v2,integrated_gradients,vgg16,mean,45.0,0.312
imagenet,mobilenet_v2,integrated_gradients,vgg16,mean,50.0,0.274
imagenet,mobilenet_v2,integrated_gradients,vgg16,mean,55.0,0.23
imagenet,mobilenet_v2,integrated_gradients,vgg16,mean,60.0,0.186
imagenet,mobilenet_v2,integrated_gradients,vgg16,mean,65.0,0.147
imagenet,mobilenet_v2,integrated_gradients,vgg16,mean,70.0,0.106
imagenet,mobilenet_v2,integrated_gradients,vgg16,mean,75.0,0.08
imagenet,mobilenet_v2,integrated_gradients,vgg16,mean,80.0,0.054
imagenet,mobilenet_v2,integrated_gradients,vgg16,mean,85.0,0.026
imagenet,mobilenet_v2,integrated_gradients,vgg16,mean,90.0,0.01
imagenet,mobilenet_v2,integrated_gradients,vgg16,mean,95.0,0.002
imagenet,mobilenet_v2,integrated_gradients,vgg16,mean,100.0,0.002
imagenet,mobilenet_v2,integrated_gradients,vgg16,random_noise,0.0,0.818
imagenet,mobilenet_v2,integrated_gradients,vgg16,random_noise,5.0,0.711
imagenet,mobilenet_v2,integrated_gradients,vgg16,random_noise,10.0,0.622
imagenet,mobilenet_v2,integrated_gradients,vgg16,random_noise,15.0,0.557
imagenet,mobilenet_v2,integrated_gradients,vgg16,random_noise,20.0,0.498
imagenet,mobilenet_v2,integrated_gradients,vgg16,random_noise,25.0,0.457
imagenet,mobilenet_v2,integrated_gradients,vgg16,random_noise,30.0,0.412
imagenet,mobilenet_v2,integrated_gradients,vgg16,random_noise,35.0,0.374
imagenet,mobilenet_v2,integrated_gradients,vgg16,random_noise,40.0,0.319
imagenet,mobilenet_v2,integrated_gradients,vgg16,random_noise,45.0,0.281
imagenet,mobilenet_v2,integrated_gradients,vgg16,random_noise,50.0,0.242
imagenet,mobilenet_v2,integrated_gradients,vgg16,random_noise,55.0,0.212
imagenet,mobilenet_v2,integrated_gradients,vgg16,random_noise,60.0,0.181
imagenet,mobilenet_v2,integrated_gradients,vgg16,random_noise,65.0,0.143
imagenet,mobilenet_v2,integrated_gradients,vgg16,random_noise,70.0,0.115
imagenet,mobilenet_v2,integrated_gradients,vgg16,random_noise,75.0,0.081
imagenet,mobilenet_v2,integrated_gradients,vgg16,random_noise,80.0,0.05
imagenet,mobilenet_v2,integrated_gradients,vgg16,random_noise,85.0,0.039
imagenet,mobilenet_v2,integrated_gradients,vgg16,random_noise,90.0,0.017
imagenet,mobilenet_v2,integrated_gradients,vgg16,random_noise,95.0,0.003
imagenet,mobilenet_v2,integrated_gradients,vgg16,random_noise,100.0,0.001
imagenet,mobilenet_v2,integrated_gradients,vgg16,white,0.0,0.818
imagenet,mobilenet_v2,integrated_gradients,vgg16,white,5.0,0.426
imagenet,mobilenet_v2,integrated_gradients,vgg16,white,10.0,0.298
imagenet,mobilenet_v2,integrated_gradients,vgg16,white,15.0,0.225
imagenet,mobilenet_v2,integrated_gradients,vgg16,white,20.0,0.173
imagenet,mobilenet_v2,integrated_gradients,vgg16,white,25.0,0.146
imagenet,mobilenet_v2,integrated_gradients,vgg16,white,30.0,0.11
imagenet,mobilenet_v2,integrated_gradients,vgg16,white,35.0,0.099
imagenet,mobilenet_v2,integrated_gradients,vgg16,white,40.0,0.081
imagenet,mobilenet_v2,integrated_gradients,vgg16,white,45.0,0.071
imagenet,mobilenet_v2,integrated_gradients,vgg16,white,50.0,0.057
imagenet,mobilenet_v2,integrated_gradients,vgg16,white,55.0,0.047
imagenet,mobilenet_v2,integrated_gradients,vgg16,white,60.0,0.04
imagenet,mobilenet_v2,integrated_gradients,vgg16,white,65.0,0.031
imagenet,mobilenet_v2,integrated_gradients,vgg16,white,70.0,0.018
imagenet,mobilenet_v2,integrated_gradients,vgg16,white,75.0,0.015
imagenet,mobilenet_v2,integrated_gradients,vgg16,white,80.0,0.008
imagenet,mobilenet_v2,integrated_gradients,vgg16,white,85.0,0.003
imagenet,mobilenet_v2,integrated_gradients,vgg16,white,90.0,0.001
imagenet,mobilenet_v2,integrated_gradients,vgg16,white,95.0,0.001
imagenet,mobilenet_v2,integrated_gradients,vgg16,white,100.0,0.001
imagenet,mobilenet_v2,saliency,resnet50,black,0.0,0.92
imagenet,mobilenet_v2,saliency,resnet50,black,5.0,0.849
imagenet,mobilenet_v2,saliency,resnet50,black,10.0,0.763
imagenet,mobilenet_v2,saliency,resnet50,black,15.0,0.67
imagenet,mobilenet_v2,saliency,resnet50,black,20.0,0.573
imagenet,mobilenet_v2,saliency,resnet50,black,25.0,0.483
imagenet,mobilenet_v2,saliency,resnet50,black,30.0,0.413
imagenet,mobilenet_v2,saliency,resnet50,black,35.0,0.341
imagenet,mobilenet_v2,saliency,resnet50,black,40.0,0.296
imagenet,mobilenet_v2,saliency,resnet50,black,45.0,0.232
imagenet,mobilenet_v2,saliency,resnet50,black,50.0,0.193
imagenet,mobilenet_v2,saliency,resnet50,black,55.0,0.147
imagenet,mobilenet_v2,saliency,resnet50,black,60.0,0.115
imagenet,mobilenet_v2,saliency,resnet50,black,65.0,0.078
imagenet,mobilenet_v2,saliency,resnet50,black,70.0,0.054
imagenet,mobilenet_v2,saliency,resnet50,black,75.0,0.036
imagenet,mobilenet_v2,saliency,resnet50,black,80.0,0.023
imagenet,mobilenet_v2,saliency,resnet50,black,85.0,0.011
imagenet,mobilenet_v2,saliency,resnet50,black,90.0,0.007
imagenet,mobilenet_v2,saliency,resnet50,black,95.0,0.002
imagenet,mobilenet_v2,saliency,resnet50,black,100.0,0.001
imagenet,mobilenet_v2,saliency,resnet50,blur,0.0,0.92
imagenet,mobilenet_v2,saliency,resnet50,blur,5.0,0.912
imagenet,mobilenet_v2,saliency,resnet50,blur,10.0,0.885
imagenet,mobilenet_v2,saliency,resnet50,blur,15.0,0.868
imagenet,mobilenet_v2,saliency,resnet50,blur,20.0,0.843
imagenet,mobilenet_v2,saliency,resnet50,blur,25.0,0.798
imagenet,mobilenet_v2,saliency,resnet50,blur,30.0,0.75
imagenet,mobilenet_v2,saliency,resnet50,blur,35.0,0.706
imagenet,mobilenet_v2,saliency,resnet50,blur,40.0,0.655
imagenet,mobilenet_v2,saliency,resnet50,blur,45.0,0.608
imagenet,mobilenet_v2,saliency,resnet50,blur,50.0,0.539
imagenet,mobilenet_v2,saliency,resnet50,blur,55.0,0.486
imagenet,mobilenet_v2,saliency,resnet50,blur,60.0,0.416
imagenet,mobilenet_v2,saliency,resnet50,blur,65.0,0.362
imagenet,mobilenet_v2,saliency,resnet50,blur,70.0,0.319
imagenet,mobilenet_v2,saliency,resnet50,blur,75.0,0.249
imagenet,mobilenet_v2,saliency,resnet50,blur,80.0,0.18
imagenet,mobilenet_v2,saliency,resnet50,blur,85.0,0.148
imagenet,mobilenet_v2,saliency,resnet50,blur,90.0,0.099
imagenet,mobilenet_v2,saliency,resnet50,blur,95.0,0.09
imagenet,mobilenet_v2,saliency,resnet50,blur,100.0,0.163
imagenet,mobilenet_v2,saliency,resnet50,gray,0.0,0.92
imagenet,mobilenet_v2,saliency,resnet50,gray,5.0,0.865
imagenet,mobilenet_v2,saliency,resnet50,gray,10.0,0.831
imagenet,mobilenet_v2,saliency,resnet50,gray,15.0,0.763
imagenet,mobilenet_v2,saliency,resnet50,gray,20.0,0.702
imagenet,mobilenet_v2,saliency,resnet50,gray,25.0,0.65
imagenet,mobilenet_v2,saliency,resnet50,gray,30.0,0.578
imagenet,mobilenet_v2,saliency,resnet50,gray,35.0,0.519
imagenet,mobilenet_v2,saliency,resnet50,gray,40.0,0.458
imagenet,mobilenet_v2,saliency,resnet50,gray,45.0,0.395
imagenet,mobilenet_v2,saliency,resnet50,gray,50.0,0.346
imagenet,mobilenet_v2,saliency,resnet50,gray,55.0,0.293
imagenet,mobilenet_v2,saliency,resnet50,gray,60.0,0.251
imagenet,mobilenet_v2,saliency,resnet50,gray,65.0,0.206
imagenet,mobilenet_v2,saliency,resnet50,gray,70.0,0.175
imagenet,mobilenet_v2,saliency,resnet50,gray,75.0,0.127
imagenet,mobilenet_v2,saliency,resnet50,gray,80.0,0.102
imagenet,mobilenet_v2,saliency,resnet50,gray,85.0,0.06
imagenet,mobilenet_v2,saliency,resnet50,gray,90.0,0.026
imagenet,mobilenet_v2,saliency,resnet50,gray,95.0,0.004
imagenet,mobilenet_v2,saliency,resnet50,gray,100.0,0.001
imagenet,mobilenet_v2,saliency,resnet50,mean,0.0,0.92
imagenet,mobilenet_v2,saliency,resnet50,mean,5.0,0.883
imagenet,mobilenet_v2,saliency,resnet50,mean,10.0,0.851
imagenet,mobilenet_v2,saliency,resnet50,mean,15.0,0.804
imagenet,mobilenet_v2,saliency,resnet50,mean,20.0,0.755
imagenet,mobilenet_v2,saliency,resnet50,mean,25.0,0.695
imagenet,mobilenet_v2,saliency,resnet50,mean,30.0,0.637
imagenet,mobilenet_v2,saliency,resnet50,mean,35.0,0.572
imagenet,mobilenet_v2,saliency,resnet50,mean,40.0,0.523
imagenet,mobilenet_v2,saliency,resnet50,mean,45.0,0.448
imagenet,mobilenet_v2,saliency,resnet50,mean,50.0,0.408
imagenet,mobilenet_v2,saliency,resnet50,mean,55.0,0.339
imagenet,mobilenet_v2,saliency,resnet50,mean,60.0,0.297
imagenet,mobilenet_v2,saliency,resnet50,mean,65.0,0.249
imagenet,mobilenet_v2,saliency,resnet50,mean,70.0,0.207
imagenet,mobilenet_v2,saliency,resnet50,mean,75.0,0.145
imagenet,mobilenet_v2,saliency,resnet50,mean,80.0,0.094
imagenet,mobilenet_v2,saliency,resnet50,mean,85.0,0.066
imagenet,mobilenet_v2,saliency,resnet50,mean,90.0,0.035
imagenet,mobilenet_v2,saliency,resnet50,mean,95.0,0.011
imagenet,mobilenet_v2,saliency,resnet50,mean,100.0,0.006
imagenet,mobilenet_v2,saliency,resnet50,random_noise,0.0,0.92
imagenet,mobilenet_v2,saliency,resnet50,random_noise,5.0,0.872
imagenet,mobilenet_v2,saliency,resnet50,random_noise,10.0,0.836
imagenet,mobilenet_v2,saliency,resnet50,random_noise,15.0,0.781
imagenet,mobilenet_v2,saliency,resnet50,random_noise,20.0,0.714
imagenet,mobilenet_v2,saliency,resnet50,random_noise,25.0,0.649
imagenet,mobilenet_v2,saliency,resnet50,random_noise,30.0,0.576
imagenet,mobilenet_v2,saliency,resnet50,random_noise,35.0,0.516
imagenet,mobilenet_v2,saliency,resnet50,random_noise,40.0,0.462
imagenet,mobilenet_v2,saliency,resnet50,random_noise,45.0,0.395
imagenet,mobilenet_v2,saliency,resnet50,random_noise,50.0,0.336
imagenet,mobilenet_v2,saliency,resnet50,random_noise,55.0,0.277
imagenet,mobilenet_v2,saliency,resnet50,random_noise,60.0,0.226
imagenet,mobilenet_v2,saliency,resnet50,random_noise,65.0,0.178
imagenet,mobilenet_v2,saliency,resnet50,random_noise,70.0,0.148
imagenet,mobilenet_v2,saliency,resnet50,random_noise,75.0,0.102
imagenet,mobilenet_v2,saliency,resnet50,random_noise,80.0,0.065
imagenet,mobilenet_v2,saliency,resnet50,random_noise,85.0,0.041
imagenet,mobilenet_v2,saliency,resnet50,random_noise,90.0,0.015
imagenet,mobilenet_v2,saliency,resnet50,random_noise,95.0,0.002
imagenet,mobilenet_v2,saliency,resnet50,random_noise,100.0,0.001
imagenet,mobilenet_v2,saliency,resnet50,white,0.0,0.92
imagenet,mobilenet_v2,saliency,resnet50,white,5.0,0.816
imagenet,mobilenet_v2,saliency,resnet50,white,10.0,0.708
imagenet,mobilenet_v2,saliency,resnet50,white,15.0,0.597
imagenet,mobilenet_v2,saliency,resnet50,white,20.0,0.504
imagenet,mobilenet_v2,saliency,resnet50,white,25.0,0.428
imagenet,mobilenet_v2,saliency,resnet50,white,30.0,0.361
imagenet,mobilenet_v2,saliency,resnet50,white,35.0,0.295
imagenet,mobilenet_v2,saliency,resnet50,white,40.0,0.232
imagenet,mobilenet_v2,saliency,resnet50,white,45.0,0.188
imagenet,mobilenet_v2,saliency,resnet50,white,50.0,0.156
imagenet,mobilenet_v2,saliency,resnet50,white,55.0,0.118
imagenet,mobilenet_v2,saliency,resnet50,white,60.0,0.085
imagenet,mobilenet_v2,saliency,resnet50,white,65.0,0.062
imagenet,mobilenet_v2,saliency,resnet50,white,70.0,0.048
imagenet,mobilenet_v2,saliency,resnet50,white,75.0,0.031
imagenet,mobilenet_v2,saliency,resnet50,white,80.0,0.023
imagenet,mobilenet_v2,saliency,resnet50,white,85.0,0.007
imagenet,mobilenet_v2,saliency,resnet50,white,90.0,0.007
imagenet,mobilenet_v2,saliency,resnet50,white,95.0,0.001
imagenet,mobilenet_v2,saliency,resnet50,white,100.0,0.001
imagenet,mobilenet_v2,saliency,vgg16,black,0.0,0.818
imagenet,mobilenet_v2,saliency,vgg16,black,5.0,0.408
imagenet,mobilenet_v2,saliency,vgg16,black,10.0,0.293
imagenet,mobilenet_v2,saliency,vgg16,black,15.0,0.212
imagenet,mobilenet_v2,saliency,vgg16,black,20.0,0.15
imagenet,mobilenet_v2,saliency,vgg16,black,25.0,0.119
imagenet,mobilenet_v2,saliency,vgg16,black,30.0,0.084
imagenet,mobilenet_v2,saliency,vgg16,black,35.0,0.056
imagenet,mobilenet_v2,saliency,vgg16,black,40.0,0.038
imagenet,mobilenet_v2,saliency,vgg16,black,45.0,0.021
imagenet,mobilenet_v2,saliency,vgg16,black,50.0,0.015
imagenet,mobilenet_v2,saliency,vgg16,black,55.0,0.014
imagenet,mobilenet_v2,saliency,vgg16,black,60.0,0.01
imagenet,mobilenet_v2,saliency,vgg16,black,65.0,0.004
imagenet,mobilenet_v2,saliency,vgg16,black,70.0,0.002
imagenet,mobilenet_v2,saliency,vgg16,black,75.0,0.002
imagenet,mobilenet_v2,saliency,vgg16,black,80.0,0.001
imagenet,mobilenet_v2,saliency,vgg16,black,85.0,0.0
imagenet,mobilenet_v2,saliency,vgg16,black,90.0,0.0
imagenet,mobilenet_v2,saliency,vgg16,black,95.0,0.0
imagenet,mobilenet_v2,saliency,vgg16,black,100.0,0.001
imagenet,mobilenet_v2,saliency,vgg16,blur,0.0,0.818
imagenet,mobilenet_v2,saliency,vgg16,blur,5.0,0.792
imagenet,mobilenet_v2,saliency,vgg16,blur,10.0,0.743
imagenet,mobilenet_v2,saliency,vgg16,blur,15.0,0.707
imagenet,mobilenet_v2,saliency,vgg16,blur,20.0,0.662
imagenet,mobilenet_v2,saliency,vgg16,blur,25.0,0.616
imagenet,mobilenet_v2,saliency,vgg16,blur,30.0,0.565
imagenet,mobilenet_v2,saliency,vgg16,blur,35.0,0.513
imagenet,mobilenet_v2,saliency,vgg16,blur,40.0,0.461
imagenet,mobilenet_v2,saliency,vgg16,blur,45.0,0.405
imagenet,mobilenet_v2,saliency,vgg16,blur,50.0,0.357
imagenet,mobilenet_v2,saliency,vgg16,blur,55.0,0.294
imagenet,mobilenet_v2,saliency,vgg16,blur,60.0,0.248
imagenet,mobilenet_v2,saliency,vgg16,blur,65.0,0.187
imagenet,mobilenet_v2,saliency,vgg16,blur,70.0,0.132
imagenet,mobilenet_v2,saliency,vgg16,blur,75.0,0.093
imagenet,mobilenet_v2,saliency,vgg16,blur,80.0,0.056
imagenet,mobilenet_v2,saliency,vgg16,blur,85.0,0.036
imagenet,mobilenet_v2,saliency,vgg16,blur,90.0,0.018
imagenet,mobilenet_v2,saliency,vgg16,blur,95.0,0.011
imagenet,mobilenet_v2,saliency,vgg16,blur,100.0,0.034
imagenet,mobilenet_v2,saliency,vgg16,gray,0.0,0.818
imagenet,mobilenet_v2,saliency,vgg16,gray,5.0,0.641
imagenet,mobilenet_v2,saliency,vgg16,gray,10.0,0.541
imagenet,mobilenet_v2,saliency,vgg16,gray,15.0,0.458
imagenet,mobilenet_v2,saliency,vgg16,gray,20.0,0.401
imagenet,mobilenet_v2,saliency,vgg16,gray,25.0,0.343
imagenet,mobilenet_v2,saliency,vgg16,gray,30.0,0.277
imagenet,mobilenet_v2,saliency,vgg16,gray,35.0,0.23
imagenet,mobilenet_v2,saliency,vgg16,gray,40.0,0.186
imagenet,mobilenet_v2,saliency,vgg16,gray,45.0,0.156
imagenet,mobilenet_v2,saliency,vgg16,gray,50.0,0.13
imagenet,mobilenet_v2,saliency,vgg16,gray,55.0,0.101
imagenet,mobilenet_v2,saliency,vgg16,gray,60.0,0.08
imagenet,mobilenet_v2,saliency,vgg16,gray,65.0,0.058
imagenet,mobilenet_v2,saliency,vgg16,gray,70.0,0.038
imagenet,mobilenet_v2,saliency,vgg16,gray,75.0,0.025
imagenet,mobilenet_v2,saliency,vgg16,gray,80.0,0.016
imagenet,mobilenet_v2,saliency,vgg16,gray,85.0,0.006
imagenet,mobilenet_v2,saliency,vgg16,gray,90.0,0.004
imagenet,mobilenet_v2,saliency,vgg16,gray,95.0,0.001
imagenet,mobilenet_v2,saliency,vgg16,gray,100.0,0.001
imagenet,mobilenet_v2,saliency,vgg16,mean,0.0,0.818
imagenet,mobilenet_v2,saliency,vgg16,mean,5.0,0.691
imagenet,mobilenet_v2,saliency,vgg16,mean,10.0,0.612
imagenet,mobilenet_v2,saliency,vgg16,mean,15.0,0.536
imagenet,mobilenet_v2,saliency,vgg16,mean,20.0,0.487
imagenet,mobilenet_v2,saliency,vgg16,mean,25.0,0.415
imagenet,mobilenet_v2,saliency,vgg16,mean,30.0,0.354
imagenet,mobilenet_v2,saliency,vgg16,mean,35.0,0.3
imagenet,mobilenet_v2,saliency,vgg16,mean,40.0,0.234
imagenet,mobilenet_v2,saliency,vgg16,mean,45.0,0.189
imagenet,mobilenet_v2,saliency,vgg16,mean,50.0,0.155
imagenet,mobilenet_v2,saliency,vgg16,mean,55.0,0.12
imagenet,mobilenet_v2,saliency,vgg16,mean,60.0,0.093
imagenet,mobilenet_v2,saliency,vgg16,mean,65.0,0.068
imagenet,mobilenet_v2,saliency,vgg16,mean,70.0,0.055
imagenet,mobilenet_v2,saliency,vgg16,mean,75.0,0.031
imagenet,mobilenet_v2,saliency,vgg16,mean,80.0,0.019
imagenet,mobilenet_v2,saliency,vgg16,mean,85.0,0.007
imagenet,mobilenet_v2,saliency,vgg16,mean,90.0,0.003
imagenet,mobilenet_v2,saliency,vgg16,mean,95.0,0.001
imagenet,mobilenet_v2,saliency,vgg16,mean,100.0,0.002
imagenet,mobilenet_v2,saliency,vgg16,random_noise,0.0,0.818
imagenet,mobilenet_v2,saliency,vgg16,random_noise,5.0,0.632
imagenet,mobilenet_v2,saliency,vgg16,random_noise,10.0,0.525
imagenet,mobilenet_v2,saliency,vgg16,random_noise,15.0,0.451
imagenet,mobilenet_v2,saliency,vgg16,random_noise,20.0,0.397
imagenet,mobilenet_v2,saliency,vgg16,random_noise,25.0,0.337
imagenet,mobilenet_v2,saliency,vgg16,random_noise,30.0,0.272
imagenet,mobilenet_v2,saliency,vgg16,random_noise,35.0,0.234
imagenet,mobilenet_v2,saliency,vgg16,random_noise,40.0,0.188
imagenet,mobilenet_v2,saliency,vgg16,random_noise,45.0,0.166
imagenet,mobilenet_v2,saliency,vgg16,random_noise,50.0,0.134
imagenet,mobilenet_v2,saliency,vgg16,random_noise,55.0,0.117
imagenet,mobilenet_v2,saliency,vgg16,random_noise,60.0,0.089
imagenet,mobilenet_v2,saliency,vgg16,random_noise,65.0,0.075
imagenet,mobilenet_v2,saliency,vgg16,random_noise,70.0,0.05
imagenet,mobilenet_v2,saliency,vgg16,random_noise,75.0,0.026
imagenet,mobilenet_v2,saliency,vgg16,random_noise,80.0,0.019
imagenet,mobilenet_v2,saliency,vgg16,random_noise,85.0,0.011
imagenet,mobilenet_v2,saliency,vgg16,random_noise,90.0,0.003
imagenet,mobilenet_v2,saliency,vgg16,random_noise,95.0,0.002
imagenet,mobilenet_v2,saliency,vgg16,random_noise,100.0,0.001
imagenet,mobilenet_v2,saliency,vgg16,white,0.0,0.818
imagenet,mobilenet_v2,saliency,vgg16,white,5.0,0.385
imagenet,mobilenet_v2,saliency,vgg16,white,10.0,0.269
imagenet,mobilenet_v2,saliency,vgg16,white,15.0,0.187
imagenet,mobilenet_v2,saliency,vgg16,white,20.0,0.132
imagenet,mobilenet_v2,saliency,vgg16,white,25.0,0.105
imagenet,mobilenet_v2,saliency,vgg16,white,30.0,0.071
imagenet,mobilenet_v2,saliency,vgg16,white,35.0,0.061
imagenet,mobilenet_v2,saliency,vgg16,white,40.0,0.041
imagenet,mobilenet_v2,saliency,vgg16,white,45.0,0.033
imagenet,mobilenet_v2,saliency,vgg16,white,50.0,0.024
imagenet,mobilenet_v2,saliency,vgg16,white,55.0,0.019
imagenet,mobilenet_v2,saliency,vgg16,white,60.0,0.013
imagenet,mobilenet_v2,saliency,vgg16,white,65.0,0.008
imagenet,mobilenet_v2,saliency,vgg16,white,70.0,0.007
imagenet,mobilenet_v2,saliency,vgg16,white,75.0,0.004
imagenet,mobilenet_v2,saliency,vgg16,white,80.0,0.004
imagenet,mobilenet_v2,saliency,vgg16,white,85.0,0.003
imagenet,mobilenet_v2,saliency,vgg16,white,90.0,0.001
imagenet,mobilenet_v2,saliency,vgg16,white,95.0,0.001
imagenet,mobilenet_v2,saliency,vgg16,white,100.0,0.001
imagenet,mobilenet_v2,smoothgrad,resnet50,black,0.0,0.92
imagenet,mobilenet_v2,smoothgrad,resnet50,black,5.0,0.91
imagenet,mobilenet_v2,smoothgrad,resnet50,black,10.0,0.904
imagenet,mobilenet_v2,smoothgrad,resnet50,black,15.0,0.886
imagenet,mobilenet_v2,smoothgrad,resnet50,black,20.0,0.855
imagenet,mobilenet_v2,smoothgrad,resnet50,black,25.0,0.831
imagenet,mobilenet_v2,smoothgrad,resnet50,black,30.0,0.776
imagenet,mobilenet_v2,smoothgrad,resnet50,black,35.0,0.746
imagenet,mobilenet_v2,smoothgrad,resnet50,black,40.0,0.683
imagenet,mobilenet_v2,smoothgrad,resnet50,black,45.0,0.614
imagenet,mobilenet_v2,smoothgrad,resnet50,black,50.0,0.556
imagenet,mobilenet_v2,smoothgrad,resnet50,black,55.0,0.484
imagenet,mobilenet_v2,smoothgrad,resnet50,black,60.0,0.414
imagenet,mobilenet_v2,smoothgrad,resnet50,black,65.0,0.336
imagenet,mobilenet_v2,smoothgrad,resnet50,black,70.0,0.258
imagenet,mobilenet_v2,smoothgrad,resnet50,black,75.0,0.204
imagenet,mobilenet_v2,smoothgrad,resnet50,black,80.0,0.135
imagenet,mobilenet_v2,smoothgrad,resnet50,black,85.0,0.072
imagenet,mobilenet_v2,smoothgrad,resnet50,black,90.0,0.021
imagenet,mobilenet_v2,smoothgrad,resnet50,black,95.0,0.006
imagenet,mobilenet_v2,smoothgrad,resnet50,black,100.0,0.001
imagenet,mobilenet_v2,smoothgrad,resnet50,blur,0.0,0.92
imagenet,mobilenet_v2,smoothgrad,resnet50,blur,5.0,0.92
imagenet,mobilenet_v2,smoothgrad,resnet50,blur,10.0,0.916
imagenet,mobilenet_v2,smoothgrad,resnet50,blur,15.0,0.908
imagenet,mobilenet_v2,smoothgrad,resnet50,blur,20.0,0.892
imagenet,mobilenet_v2,smoothgrad,resnet50,blur,25.0,0.885
imagenet,mobilenet_v2,smoothgrad,resnet50,blur,30.0,0.868
imagenet,mobilenet_v2,smoothgrad,resnet50,blur,35.0,0.834
imagenet,mobilenet_v2,smoothgrad,resnet50,blur,40.0,0.827
imagenet,mobilenet_v2,smoothgrad,resnet50,blur,45.0,0.804
imagenet,mobilenet_v2,smoothgrad,resnet50,blur,50.0,0.771
imagenet,mobilenet_v2,smoothgrad,resnet50,blur,55.0,0.721
imagenet,mobilenet_v2,smoothgrad,resnet50,blur,60.0,0.684
imagenet,mobilenet_v2,smoothgrad,resnet50,blur,65.0,0.632
imagenet,mobilenet_v2,smoothgrad,resnet50,blur,70.0,0.565
imagenet,mobilenet_v2,smoothgrad,resnet50,blur,75.0,0.492
imagenet,mobilenet_v2,smoothgrad,resnet50,blur,80.0,0.401
imagenet,mobilenet_v2,smoothgrad,resnet50,blur,85.0,0.317
imagenet,mobilenet_v2,smoothgrad,resnet50,blur,90.0,0.234
imagenet,mobilenet_v2,smoothgrad,resnet50,blur,95.0,0.132
imagenet,mobilenet_v2,smoothgrad,resnet50,blur,100.0,0.163
imagenet,mobilenet_v2,smoothgrad,resnet50,gray,0.0,0.92
imagenet,mobilenet_v2,smoothgrad,resnet50,gray,5.0,0.918
imagenet,mobilenet_v2,smoothgrad,resnet50,gray,10.0,0.913
imagenet,mobilenet_v2,smoothgrad,resnet50,gray,15.0,0.888
imagenet,mobilenet_v2,smoothgrad,resnet50,gray,20.0,0.873
imagenet,mobilenet_v2,smoothgrad,resnet50,gray,25.0,0.851
imagenet,mobilenet_v2,smoothgrad,resnet50,gray,30.0,0.826
imagenet,mobilenet_v2,smoothgrad,resnet50,gray,35.0,0.792
imagenet,mobilenet_v2,smoothgrad,resnet50,gray,40.0,0.764
imagenet,mobilenet_v2,smoothgrad,resnet50,gray,45.0,0.725
imagenet,mobilenet_v2,smoothgrad,resnet50,gray,50.0,0.672
imagenet,mobilenet_v2,smoothgrad,resnet50,gray,55.0,0.611
imagenet,mobilenet_v2,smoothgrad,resnet50,gray,60.0,0.544
imagenet,mobilenet_v2,smoothgrad,resnet50,gray,65.0,0.472
imagenet,mobilenet_v2,smoothgrad,resnet50,gray,70.0,0.4
imagenet,mobilenet_v2,smoothgrad,resnet50,gray,75.0,0.336
imagenet,mobilenet_v2,smoothgrad,resnet50,gray,80.0,0.274
imagenet,mobilenet_v2,smoothgrad,resnet50,gray,85.0,0.198
imagenet,mobilenet_v2,smoothgrad,resnet50,gray,90.0,0.115
imagenet,mobilenet_v2,smoothgrad,resnet50,gray,95.0,0.037
imagenet,mobilenet_v2,smoothgrad,resnet50,gray,100.0,0.001
imagenet,mobilenet_v2,smoothgrad,resnet50,mean,0.0,0.92
imagenet,mobilenet_v2,smoothgrad,resnet50,mean,5.0,0.918
imagenet,mobilenet_v2,smoothgrad,resnet50,mean,10.0,0.907
imagenet,mobilenet_v2,smoothgrad,resnet50,mean,15.0,0.896
imagenet,mobilenet_v2,smoothgrad,resnet50,mean,20.0,0.885
imagenet,mobilenet_v2,smoothgrad,resnet50,mean,25.0,0.866
imagenet,mobilenet_v2,smoothgrad,resnet50,mean,30.0,0.841
imagenet,mobilenet_v2,smoothgrad,resnet50,mean,35.0,0.814
imagenet,mobilenet_v2,smoothgrad,resnet50,mean,40.0,0.783
imagenet,mobilenet_v2,smoothgrad,resnet50,mean,45.0,0.744
imagenet,mobilenet_v2,smoothgrad,resnet50,mean,50.0,0.708
imagenet,mobilenet_v2,smoothgrad,resnet50,mean,55.0,0.646
imagenet,mobilenet_v2,smoothgrad,resnet50,mean,60.0,0.601
imagenet,mobilenet_v2,smoothgrad,resnet50,mean,65.0,0.514
imagenet,mobilenet_v2,smoothgrad,resnet50,mean,70.0,0.455
imagenet,mobilenet_v2,smoothgrad,resnet50,mean,75.0,0.386
imagenet,mobilenet_v2,smoothgrad,resnet50,mean,80.0,0.302
imagenet,mobilenet_v2,smoothgrad,resnet50,mean,85.0,0.22
imagenet,mobilenet_v2,smoothgrad,resnet50,mean,90.0,0.127
imagenet,mobilenet_v2,smoothgrad,resnet50,mean,95.0,0.038
imagenet,mobilenet_v2,smoothgrad,resnet50,mean,100.0,0.006
imagenet,mobilenet_v2,smoothgrad,resnet50,random_noise,0.0,0.92
imagenet,mobilenet_v2,smoothgrad,resnet50,random_noise,5.0,0.918
imagenet,mobilenet_v2,smoothgrad,resnet50,random_noise,10.0,0.912
imagenet,mobilenet_v2,smoothgrad,resnet50,random_noise,15.0,0.889
imagenet,mobilenet_v2,smoothgrad,resnet50,random_noise,20.0,0.87
imagenet,mobilenet_v2,smoothgrad,resnet50,random_noise,25.0,0.866
imagenet,mobilenet_v2,smoothgrad,resnet50,random_noise,30.0,0.827
imagenet,mobilenet_v2,smoothgrad,resnet50,random_noise,35.0,0.803
imagenet,mobilenet_v2,smoothgrad,resnet50,random_noise,40.0,0.759
imagenet,mobilenet_v2,smoothgrad,resnet50,random_noise,45.0,0.713
imagenet,mobilenet_v2,smoothgrad,resnet50,random_noise,50.0,0.656
imagenet,mobilenet_v2,smoothgrad,resnet50,random_noise,55.0,0.599
imagenet,mobilenet_v2,smoothgrad,resnet50,random_noise,60.0,0.528
imagenet,mobilenet_v2,smoothgrad,resnet50,random_noise,65.0,0.452
imagenet,mobilenet_v2,smoothgrad,resnet50,random_noise,70.0,0.39
imagenet,mobilenet_v2,smoothgrad,resnet50,random_noise,75.0,0.313
imagenet,mobilenet_v2,smoothgrad,resnet50,random_noise,80.0,0.237
imagenet,mobilenet_v2,smoothgrad,resnet50,random_noise,85.0,0.17
imagenet,mobilenet_v2,smoothgrad,resnet50,random_noise,90.0,0.083
imagenet,mobilenet_v2,smoothgrad,resnet50,random_noise,95.0,0.034
imagenet,mobilenet_v2,smoothgrad,resnet50,random_noise,100.0,0.001
imagenet,mobilenet_v2,smoothgrad,resnet50,white,0.0,0.92
imagenet,mobilenet_v2,smoothgrad,resnet50,white,5.0,0.918
imagenet,mobilenet_v2,smoothgrad,resnet50,white,10.0,0.901
imagenet,mobilenet_v2,smoothgrad,resnet50,white,15.0,0.864
imagenet,mobilenet_v2,smoothgrad,resnet50,white,20.0,0.848
imagenet,mobilenet_v2,smoothgrad,resnet50,white,25.0,0.796
imagenet,mobilenet_v2,smoothgrad,resnet50,white,30.0,0.765
imagenet,mobilenet_v2,smoothgrad,resnet50,white,35.0,0.717
imagenet,mobilenet_v2,smoothgrad,resnet50,white,40.0,0.661
imagenet,mobilenet_v2,smoothgrad,resnet50,white,45.0,0.608
imagenet,mobilenet_v2,smoothgrad,resnet50,white,50.0,0.563
imagenet,mobilenet_v2,smoothgrad,resnet50,white,55.0,0.475
imagenet,mobilenet_v2,smoothgrad,resnet50,white,60.0,0.408
imagenet,mobilenet_v2,smoothgrad,resnet50,white,65.0,0.332
imagenet,mobilenet_v2,smoothgrad,resnet50,white,70.0,0.269
imagenet,mobilenet_v2,smoothgrad,resnet50,white,75.0,0.206
imagenet,mobilenet_v2,smoothgrad,resnet50,white,80.0,0.134
imagenet,mobilenet_v2,smoothgrad,resnet50,white,85.0,0.078
imagenet,mobilenet_v2,smoothgrad,resnet50,white,90.0,0.031
imagenet,mobilenet_v2,smoothgrad,resnet50,white,95.0,0.014
imagenet,mobilenet_v2,smoothgrad,resnet50,white,100.0,0.001
imagenet,mobilenet_v2,smoothgrad,vgg16,black,0.0,0.818
imagenet,mobilenet_v2,smoothgrad,vgg16,black,5.0,0.693
imagenet,mobilenet_v2,smoothgrad,vgg16,black,10.0,0.594
imagenet,mobilenet_v2,smoothgrad,vgg16,black,15.0,0.493
imagenet,mobilenet_v2,smoothgrad,vgg16,black,20.0,0.434
imagenet,mobilenet_v2,smoothgrad,vgg16,black,25.0,0.369
imagenet,mobilenet_v2,smoothgrad,vgg16,black,30.0,0.318
imagenet,mobilenet_v2,smoothgrad,vgg16,black,35.0,0.263
imagenet,mobilenet_v2,smoothgrad,vgg16,black,40.0,0.23
imagenet,mobilenet_v2,smoothgrad,vgg16,black,45.0,0.183
imagenet,mobilenet_v2,smoothgrad,vgg16,black,50.0,0.148
imagenet,mobilenet_v2,smoothgrad,vgg16,black,55.0,0.116
imagenet,mobilenet_v2,smoothgrad,vgg16,black,60.0,0.085
imagenet,mobilenet_v2,smoothgrad,vgg16,black,65.0,0.061
imagenet,mobilenet_v2,smoothgrad,vgg16,black,70.0,0.037
imagenet,mobilenet_v2,smoothgrad,vgg16,black,75.0,0.024
imagenet,mobilenet_v2,smoothgrad,vgg16,black,80.0,0.012
imagenet,mobilenet_v2,smoothgrad,vgg16,black,85.0,0.003
imagenet,mobilenet_v2,smoothgrad,vgg16,black,90.0,0.0
imagenet,mobilenet_v2,smoothgrad,vgg16,black,95.0,0.001
imagenet,mobilenet_v2,smoothgrad,vgg16,black,100.0,0.001
imagenet,mobilenet_v2,smoothgrad,vgg16,blur,0.0,0.818
imagenet,mobilenet_v2,smoothgrad,vgg16,blur,5.0,0.817
imagenet,mobilenet_v2,smoothgrad,vgg16,blur,10.0,0.811
imagenet,mobilenet_v2,smoothgrad,vgg16,blur,15.0,0.799
imagenet,mobilenet_v2,smoothgrad,vgg16,blur,20.0,0.778
imagenet,mobilenet_v2,smoothgrad,vgg16,blur,25.0,0.747
imagenet,mobilenet_v2,smoothgrad,vgg16,blur,30.0,0.707
imagenet,mobilenet_v2,smoothgrad,vgg16,blur,35.0,0.677
imagenet,mobilenet_v2,smoothgrad,vgg16,blur,40.0,0.639
imagenet,mobilenet_v2,smoothgrad,vgg16,blur,45.0,0.592
imagenet,mobilenet_v2,smoothgrad,vgg16,blur,50.0,0.554
imagenet,mobilenet_v2,smoothgrad,vgg16,blur,55.0,0.513
imagenet,mobilenet_v2,smoothgrad,vgg16,blur,60.0,0.457
imagenet,mobilenet_v2,smoothgrad,vgg16,blur,65.0,0.395
imagenet,mobilenet_v2,smoothgrad,vgg16,blur,70.0,0.338
imagenet,mobilenet_v2,smoothgrad,vgg16,blur,75.0,0.271
imagenet,mobilenet_v2,smoothgrad,vgg16,blur,80.0,0.217
imagenet,mobilenet_v2,smoothgrad,vgg16,blur,85.0,0.132
imagenet,mobilenet_v2,smoothgrad,vgg16,blur,90.0,0.074
imagenet,mobilenet_v2,smoothgrad,vgg16,blur,95.0,0.021
imagenet,mobilenet_v2,smoothgrad,vgg16,blur,100.0,0.034
imagenet,mobilenet_v2,smoothgrad,vgg16,gray,0.0,0.818
imagenet,mobilenet_v2,smoothgrad,vgg16,gray,5.0,0.768
imagenet,mobilenet_v2,smoothgrad,vgg16,gray,10.0,0.718
imagenet,mobilenet_v2,smoothgrad,vgg16,gray,15.0,0.673
imagenet,mobilenet_v2,smoothgrad,vgg16,gray,20.0,0.628
imagenet,mobilenet_v2,smoothgrad,vgg16,gray,25.0,0.566
imagenet,mobilenet_v2,smoothgrad,vgg16,gray,30.0,0.507
imagenet,mobilenet_v2,smoothgrad,vgg16,gray,35.0,0.453
imagenet,mobilenet_v2,smoothgrad,vgg16,gray,40.0,0.403
imagenet,mobilenet_v2,smoothgrad,vgg16,gray,45.0,0.353
imagenet,mobilenet_v2,smoothgrad,vgg16,gray,50.0,0.313
imagenet,mobilenet_v2,smoothgrad,vgg16,gray,55.0,0.272
imagenet,mobilenet_v2,smoothgrad,vgg16,gray,60.0,0.235
imagenet,mobilenet_v2,smoothgrad,vgg16,gray,65.0,0.205
imagenet,mobilenet_v2,smoothgrad,vgg16,gray,70.0,0.169
imagenet,mobilenet_v2,smoothgrad,vgg16,gray,75.0,0.125
imagenet,mobilenet_v2,smoothgrad,vgg16,gray,80.0,0.096
imagenet,mobilenet_v2,smoothgrad,vgg16,gray,85.0,0.057
imagenet,mobilenet_v2,smoothgrad,vgg16,gray,90.0,0.021
imagenet,mobilenet_v2,smoothgrad,vgg16,gray,95.0,0.006
imagenet,mobilenet_v2,smoothgrad,vgg16,gray,100.0,0.001
imagenet,mobilenet_v2,smoothgrad,vgg16,mean,0.0,0.818
imagenet,mobilenet_v2,smoothgrad,vgg16,mean,5.0,0.787
imagenet,mobilenet_v2,smoothgrad,vgg16,mean,10.0,0.767
imagenet,mobilenet_v2,smoothgrad,vgg16,mean,15.0,0.718
imagenet,mobilenet_v2,smoothgrad,vgg16,mean,20.0,0.681
imagenet,mobilenet_v2,smoothgrad,vgg16,mean,25.0,0.638
imagenet,mobilenet_v2,smoothgrad,vgg16,mean,30.0,0.583
imagenet,mobilenet_v2,smoothgrad,vgg16,mean,35.0,0.531
imagenet,mobilenet_v2,smoothgrad,vgg16,mean,40.0,0.49
imagenet,mobilenet_v2,smoothgrad,vgg16,mean,45.0,0.434
imagenet,mobilenet_v2,smoothgrad,vgg16,mean,50.0,0.374
imagenet,mobilenet_v2,smoothgrad,vgg16,mean,55.0,0.32
imagenet,mobilenet_v2,smoothgrad,vgg16,mean,60.0,0.269
imagenet,mobilenet_v2,smoothgrad,vgg16,mean,65.0,0.23
imagenet,mobilenet_v2,smoothgrad,vgg16,mean,70.0,0.179
imagenet,mobilenet_v2,smoothgrad,vgg16,mean,75.0,0.146
imagenet,mobilenet_v2,smoothgrad,vgg16,mean,80.0,0.117
imagenet,mobilenet_v2,smoothgrad,vgg16,mean,85.0,0.068
imagenet,mobilenet_v2,smoothgrad,vgg16,mean,90.0,0.029
imagenet,mobilenet_v2,smoothgrad,vgg16,mean,95.0,0.006
imagenet,mobilenet_v2,smoothgrad,vgg16,mean,100.0,0.002
imagenet,mobilenet_v2,smoothgrad,vgg16,random_noise,0.0,0.818
imagenet,mobilenet_v2,smoothgrad,vgg16,random_noise,5.0,0.764
imagenet,mobilenet_v2,smoothgrad,vgg16,random_noise,10.0,0.72
imagenet,mobilenet_v2,smoothgrad,vgg16,random_noise,15.0,0.666
imagenet,mobilenet_v2,smoothgrad,vgg16,random_noise,20.0,0.629
imagenet,mobilenet_v2,smoothgrad,vgg16,random_noise,25.0,0.576
imagenet,mobilenet_v2,smoothgrad,vgg16,random_noise,30.0,0.53
imagenet,mobilenet_v2,smoothgrad,vgg16,random_noise,35.0,0.479
imagenet,mobilenet_v2,smoothgrad,vgg16,random_noise,40.0,0.434
imagenet,mobilenet_v2,smoothgrad,vgg16,random_noise,45.0,0.401
imagenet,mobilenet_v2,smoothgrad,vgg16,random_noise,50.0,0.347
imagenet,mobilenet_v2,smoothgrad,vgg16,random_noise,55.0,0.311
imagenet,mobilenet_v2,smoothgrad,vgg16,random_noise,60.0,0.275
imagenet,mobilenet_v2,smoothgrad,vgg16,random_noise,65.0,0.236
imagenet,mobilenet_v2,smoothgrad,vgg16,random_noise,70.0,0.192
imagenet,mobilenet_v2,smoothgrad,vgg16,random_noise,75.0,0.159
imagenet,mobilenet_v2,smoothgrad,vgg16,random_noise,80.0,0.131
imagenet,mobilenet_v2,smoothgrad,vgg16,random_noise,85.0,0.069
imagenet,mobilenet_v2,smoothgrad,vgg16,random_noise,90.0,0.046
imagenet,mobilenet_v2,smoothgrad,vgg16,random_noise,95.0,0.011
imagenet,mobilenet_v2,smoothgrad,vgg16,random_noise,100.0,0.001
imagenet,mobilenet_v2,smoothgrad,vgg16,white,0.0,0.818
imagenet,mobilenet_v2,smoothgrad,vgg16,white,5.0,0.69
imagenet,mobilenet_v2,smoothgrad,vgg16,white,10.0,0.593
imagenet,mobilenet_v2,smoothgrad,vgg16,white,15.0,0.496
imagenet,mobilenet_v2,smoothgrad,vgg16,white,20.0,0.442
imagenet,mobilenet_v2,smoothgrad,vgg16,white,25.0,0.392
imagenet,mobilenet_v2,smoothgrad,vgg16,white,30.0,0.358
imagenet,mobilenet_v2,smoothgrad,vgg16,white,35.0,0.318
imagenet,mobilenet_v2,smoothgrad,vgg16,white,40.0,0.274
imagenet,mobilenet_v2,smoothgrad,vgg16,white,45.0,0.243
imagenet,mobilenet_v2,smoothgrad,vgg16,white,50.0,0.198
imagenet,mobilenet_v2,smoothgrad,vgg16,white,55.0,0.179
imagenet,mobilenet_v2,smoothgrad,vgg16,white,60.0,0.147
imagenet,mobilenet_v2,smoothgrad,vgg16,white,65.0,0.107
imagenet,mobilenet_v2,smoothgrad,vgg16,white,70.0,0.075
imagenet,mobilenet_v2,smoothgrad,vgg16,white,75.0,0.053
imagenet,mobilenet_v2,smoothgrad,vgg16,white,80.0,0.024
imagenet,mobilenet_v2,smoothgrad,vgg16,white,85.0,0.015
imagenet,mobilenet_v2,smoothgrad,vgg16,white,90.0,0.006
imagenet,mobilenet_v2,smoothgrad,vgg16,white,95.0,0.003
imagenet,mobilenet_v2,smoothgrad,vgg16,white,100.0,0.001
imagenet,resnet50,grad_cam,mobilenet_v2,black,0.0,0.801
imagenet,resnet50,grad_cam,mobilenet_v2,black,5.0,0.797
imagenet,resnet50,grad_cam,mobilenet_v2,black,10.0,0.798
imagenet,resnet50,grad_cam,mobilenet_v2,black,15.0,0.802
imagenet,resnet50,grad_cam,mobilenet_v2,black,20.0,0.801
imagenet,resnet50,grad_cam,mobilenet_v2,black,25.0,0.8
imagenet,resnet50,grad_cam,mobilenet_v2,black,30.0,0.798
imagenet,resnet50,grad_cam,mobilenet_v2,black,35.0,0.793
imagenet,resnet50,grad_cam,mobilenet_v2,black,40.0,0.784
imagenet,resnet50,grad_cam,mobilenet_v2,black,45.0,0.783
imagenet,resnet50,grad_cam,mobilenet_v2,black,50.0,0.773
imagenet,resnet50,grad_cam,mobilenet_v2,black,55.0,0.764
imagenet,resnet50,grad_cam,mobilenet_v2,black,60.0,0.752
imagenet,resnet50,grad_cam,mobilenet_v2,black,65.0,0.731
imagenet,resnet50,grad_cam,mobilenet_v2,black,70.0,0.715
imagenet,resnet50,grad_cam,mobilenet_v2,black,75.0,0.688
imagenet,resnet50,grad_cam,mobilenet_v2,black,80.0,0.649
imagenet,resnet50,grad_cam,mobilenet_v2,black,85.0,0.585
imagenet,resnet50,grad_cam,mobilenet_v2,black,90.0,0.461
imagenet,resnet50,grad_cam,mobilenet_v2,black,95.0,0.243
imagenet,resnet50,grad_cam,mobilenet_v2,black,100.0,0.001
imagenet,resnet50,grad_cam,mobilenet_v2,blur,0.0,0.801
imagenet,resnet50,grad_cam,mobilenet_v2,blur,5.0,0.795
imagenet,resnet50,grad_cam,mobilenet_v2,blur,10.0,0.803
imagenet,resnet50,grad_cam,mobilenet_v2,blur,15.0,0.802
imagenet,resnet50,grad_cam,mobilenet_v2,blur,20.0,0.797
imagenet,resnet50,grad_cam,mobilenet_v2,blur,25.0,0.786
imagenet,resnet50,grad_cam,mobilenet_v2,blur,30.0,0.784
imagenet,resnet50,grad_cam,mobilenet_v2,blur,35.0,0.776
imagenet,resnet50,grad_cam,mobilenet_v2,blur,40.0,0.764
imagenet,resnet50,grad_cam,mobilenet_v2,blur,45.0,0.758
imagenet,resnet50,grad_cam,mobilenet_v2,blur,50.0,0.74
imagenet,resnet50,grad_cam,mobilenet_v2,blur,55.0,0.727
imagenet,resnet50,grad_cam,mobilenet_v2,blur,60.0,0.694
imagenet,resnet50,grad_cam,mobilenet_v2,blur,65.0,0.691
imagenet,resnet50,grad_cam,mobilenet_v2,blur,70.0,0.65
imagenet,resnet50,grad_cam,mobilenet_v2,blur,75.0,0.605
imagenet,resnet50,grad_cam,mobilenet_v2,blur,80.0,0.537
imagenet,resnet50,grad_cam,mobilenet_v2,blur,85.0,0.439
imagenet,resnet50,grad_cam,mobilenet_v2,blur,90.0,0.33
imagenet,resnet50,grad_cam,mobilenet_v2,blur,95.0,0.175
imagenet,resnet50,grad_cam,mobilenet_v2,blur,100.0,0.056
imagenet,resnet50,grad_cam,mobilenet_v2,gray,0.0,0.801
imagenet,resnet50,grad_cam,mobilenet_v2,gray,5.0,0.791
imagenet,resnet50,grad_cam,mobilenet_v2,gray,10.0,0.795
imagenet,resnet50,grad_cam,mobilenet_v2,gray,15.0,0.799
imagenet,resnet50,grad_cam,mobilenet_v2,gray,20.0,0.799
imagenet,resnet50,grad_cam,mobilenet_v2,gray,25.0,0.799
imagenet,resnet50,grad_cam,mobilenet_v2,gray,30.0,0.792
imagenet,resnet50,grad_cam,mobilenet_v2,gray,35.0,0.786
imagenet,resnet50,grad_cam,mobilenet_v2,gray,40.0,0.787
imagenet,resnet50,grad_cam,mobilenet_v2,gray,45.0,0.792
imagenet,resnet50,grad_cam,mobilenet_v2,gray,50.0,0.777
imagenet,resnet50,grad_cam,mobilenet_v2,gray,55.0,0.766
imagenet,resnet50,grad_cam,mobilenet_v2,gray,60.0,0.751
imagenet,resnet50,grad_cam,mobilenet_v2,gray,65.0,0.733
imagenet,resnet50,grad_cam,mobilenet_v2,gray,70.0,0.716
imagenet,resnet50,grad_cam,mobilenet_v2,gray,75.0,0.698
imagenet,resnet50,grad_cam,mobilenet_v2,gray,80.0,0.661
imagenet,resnet50,grad_cam,mobilenet_v2,gray,85.0,0.599
imagenet,resnet50,grad_cam,mobilenet_v2,gray,90.0,0.491
imagenet,resnet50,grad_cam,mobilenet_v2,gray,95.0,0.27
imagenet,resnet50,grad_cam,mobilenet_v2,gray,100.0,0.001
imagenet,resnet50,grad_cam,mobilenet_v2,mean,0.0,0.801
imagenet,resnet50,grad_cam,mobilenet_v2,mean,5.0,0.799
imagenet,resnet50,grad_cam,mobilenet_v2,mean,10.0,0.795
imagenet,resnet50,grad_cam,mobilenet_v2,mean,15.0,0.8
imagenet,resnet50,grad_cam,mobilenet_v2,mean,20.0,0.795
imagenet,resnet50,grad_cam,mobilenet_v2,mean,25.0,0.793
imagenet,resnet50,grad_cam,mobilenet_v2,mean,30.0,0.789
imagenet,resnet50,grad_cam,mobilenet_v2,mean,35.0,0.787
imagenet,resnet50,grad_cam,mobilenet_v2,mean,40.0,0.783
imagenet,resnet50,grad_cam,mobilenet_v2,mean,45.0,0.786
imagenet,resnet50,grad_cam,mobilenet_v2,mean,50.0,0.776
imagenet,resnet50,grad_cam,mobilenet_v2,mean,55.0,0.762
imagenet,resnet50,grad_cam,mobilenet_v2,mean,60.0,0.743
imagenet,resnet50,grad_cam,mobilenet_v2,mean,65.0,0.728
imagenet,resnet50,grad_cam,mobilenet_v2,mean,70.0,0.716
imagenet,resnet50,grad_cam,mobilenet_v2,mean,75.0,0.685
imagenet,resnet50,grad_cam,mobilenet_v2,mean,80.0,0.645
imagenet,resnet50,grad_cam,mobilenet_v2,mean,85.0,0.581
imagenet,resnet50,grad_cam,mobilenet_v2,mean,90.0,0.456
imagenet,resnet50,grad_cam,mobilenet_v2,mean,95.0,0.236
imagenet,resnet50,grad_cam,mobilenet_v2,mean,100.0,0.003
imagenet,resnet50,grad_cam,mobilenet_v2,random_noise,0.0,0.801
imagenet,resnet50,grad_cam,mobilenet_v2,random_noise,5.0,0.792
imagenet,resnet50,grad_cam,mobilenet_v2,random_noise,10.0,0.802
imagenet,resnet50,grad_cam,mobilenet_v2,random_noise,15.0,0.795
imagenet,resnet50,grad_cam,mobilenet_v2,random_noise,20.0,0.783
imagenet,resnet50,grad_cam,mobilenet_v2,random_noise,25.0,0.774
imagenet,resnet50,grad_cam,mobilenet_v2,random_noise,30.0,0.78
imagenet,resnet50,grad_cam,mobilenet_v2,random_noise,35.0,0.769
imagenet,resnet50,grad_cam,mobilenet_v2,random_noise,40.0,0.765
imagenet,resnet50,grad_cam,mobilenet_v2,random_noise,45.0,0.735
imagenet,resnet50,grad_cam,mobilenet_v2,random_noise,50.0,0.718
imagenet,resnet50,grad_cam,mobilenet_v2,random_noise,55.0,0.692
imagenet,resnet50,grad_cam,mobilenet_v2,random_noise,60.0,0.67
imagenet,resnet50,grad_cam,mobilenet_v2,random_noise,65.0,0.619
imagenet,resnet50,grad_cam,mobilenet_v2,random_noise,70.0,0.57
imagenet,resnet50,grad_cam,mobilenet_v2,random_noise,75.0,0.501
imagenet,resnet50,grad_cam,mobilenet_v2,random_noise,80.0,0.415
imagenet,resnet50,grad_cam,mobilenet_v2,random_noise,85.0,0.333
imagenet,resnet50,grad_cam,mobilenet_v2,random_noise,90.0,0.196
imagenet,resnet50,grad_cam,mobilenet_v2,random_noise,95.0,0.067
imagenet,resnet50,grad_cam,mobilenet_v2,random_noise,100.0,0.001
imagenet,resnet50,grad_cam,mobilenet_v2,white,0.0,0.801
imagenet,resnet50,grad_cam,mobilenet_v2,white,5.0,0.795
imagenet,resnet50,grad_cam,mobilenet_v2,white,10.0,0.799
imagenet,resnet50,grad_cam,mobilenet_v2,white,15.0,0.793
imagenet,resnet50,grad_cam,mobilenet_v2,white,20.0,0.789
imagenet,resnet50,grad_cam,mobilenet_v2,white,25.0,0.788
imagenet,resnet50,grad_cam,mobilenet_v2,white,30.0,0.796
imagenet,resnet50,grad_cam,mobilenet_v2,white,35.0,0.782
imagenet,resnet50,grad_cam,mobilenet_v2,white,40.0,0.772
imagenet,resnet50,grad_cam,mobilenet_v2,white,45.0,0.765
imagenet,resnet50,grad_cam,mobilenet_v2,white,50.0,0.761
imagenet,resnet50,grad_cam,mobilenet_v2,white,55.0,0.731
imagenet,resnet50,grad_cam,mobilenet_v2,white,60.0,0.716
imagenet,resnet50,grad_cam,mobilenet_v2,white,65.0,0.682
imagenet,resnet50,grad_cam,mobilenet_v2,white,70.0,0.652
imagenet,resnet50,grad_cam,mobilenet_v2,white,75.0,0.607
imagenet,resnet50,grad_cam,mobilenet_v2,white,80.0,0.533
imagenet,resnet50,grad_cam,mobilenet_v2,white,85.0,0.452
imagenet,resnet50,grad_cam,mobilenet_v2,white,90.0,0.294
imagenet,resnet50,grad_cam,mobilenet_v2,white,95.0,0.116
imagenet,resnet50,grad_cam,mobilenet_v2,white,100.0,0.001
imagenet,resnet50,grad_cam,vgg16,black,0.0,0.818
imagenet,resnet50,grad_cam,vgg16,black,5.0,0.78
imagenet,resnet50,grad_cam,vgg16,black,10.0,0.756
imagenet,resnet50,grad_cam,vgg16,black,15.0,0.734
imagenet,resnet50,grad_cam,vgg16,black,20.0,0.71
imagenet,resnet50,grad_cam,vgg16,black,25.0,0.709
imagenet,resnet50,grad_cam,vgg16,black,30.0,0.705
imagenet,resnet50,grad_cam,vgg16,black,35.0,0.68
imagenet,resnet50,grad_cam,vgg16,black,40.0,0.64
imagenet,resnet50,grad_cam,vgg16,black,45.0,0.621
imagenet,resnet50,grad_cam,vgg16,black,50.0,0.601
imagenet,resnet50,grad_cam,vgg16,black,55.0,0.556
imagenet,resnet50,grad_cam,vgg16,black,60.0,0.516
imagenet,resnet50,grad_cam,vgg16,black,65.0,0.479
imagenet,resnet50,grad_cam,vgg16,black,70.0,0.427
imagenet,resnet50,grad_cam,vgg16,black,75.0,0.397
imagenet,resnet50,grad_cam,vgg16,black,80.0,0.294
imagenet,resnet50,grad_cam,vgg16,black,85.0,0.224
imagenet,resnet50,grad_cam,vgg16,black,90.0,0.114
imagenet,resnet50,grad_cam,vgg16,black,95.0,0.032
imagenet,resnet50,grad_cam,vgg16,black,100.0,0.001
imagenet,resnet50,grad_cam,vgg16,blur,0.0,0.818
imagenet,resnet50,grad_cam,vgg16,blur,5.0,0.817
imagenet,resnet50,grad_cam,vgg16,blur,10.0,0.814
imagenet,resnet50,grad_cam,vgg16,blur,15.0,0.809
imagenet,resnet50,grad_cam,vgg16,blur,20.0,0.799
imagenet,resnet50,grad_cam,vgg16,blur,25.0,0.796
imagenet,resnet50,grad_cam,vgg16,blur,30.0,0.794
imagenet,resnet50,grad_cam,vgg16,blur,35.0,0.785
imagenet,resnet50,grad_cam,vgg16,blur,40.0,0.77
imagenet,resnet50,grad_cam,vgg16,blur,45.0,0.754
imagenet,resnet50,grad_cam,vgg16,blur,50.0,0.727
imagenet,resnet50,grad_cam,vgg16,blur,55.0,0.709
imagenet,resnet50,grad_cam,vgg16,blur,60.0,0.685
imagenet,resnet50,grad_cam,vgg16,blur,65.0,0.67
imagenet,resnet50,grad_cam,vgg16,blur,70.0,0.634
imagenet,resnet50,grad_cam,vgg16,blur,75.0,0.579
imagenet,resnet50,grad_cam,vgg16,blur,80.0,0.497
imagenet,resnet50,grad_cam,vgg16,blur,85.0,0.41
imagenet,resnet50,grad_cam,vgg16,blur,90.0,0.317
imagenet,resnet50,grad_cam,vgg16,blur,95.0,0.164
imagenet,resnet50,grad_cam,vgg16,blur,100.0,0.034
imagenet,resnet50,grad_cam,vgg16,gray,0.0,0.818
imagenet,resnet50,grad_cam,vgg16,gray,5.0,0.8
imagenet,resnet50,grad_cam,vgg16,gray,10.0,0.788
imagenet,resnet50,grad_cam,vgg16,gray,15.0,0.764
imagenet,resnet50,grad_cam,vgg16,gray,20.0,0.752
imagenet,resnet50,grad_cam,vgg16,gray,25.0,0.754
imagenet,resnet50,grad_cam,vgg16,gray,30.0,0.735
imagenet,resnet50,grad_cam,vgg16,gray,35.0,0.715
imagenet,resnet50,grad_cam,vgg16,gray,40.0,0.687
imagenet,resnet50,grad_cam,vgg16,gray,45.0,0.67
imagenet,resnet50,grad_cam,vgg16,gray,50.0,0.635
imagenet,resnet50,grad_cam,vgg16,gray,55.0,0.62
imagenet,resnet50,grad_cam,vgg16,gray,60.0,0.569
imagenet,resnet50,grad_cam,vgg16,gray,65.0,0.535
imagenet,resnet50,grad_cam,vgg16,gray,70.0,0.495
imagenet,resnet50,grad_cam,vgg16,gray,75.0,0.437
imagenet,resnet50,grad_cam,vgg16,gray,80.0,0.357
imagenet,resnet50,grad_cam,vgg16,gray,85.0,0.282
imagenet,resnet50,grad_cam,vgg16,gray,90.0,0.182
imagenet,resnet50,grad_cam,vgg16,gray,95.0,0.073
imagenet,resnet50,grad_cam,vgg16,gray,100.0,0.001
imagenet,resnet50,grad_cam,vgg16,mean,0.0,0.818
imagenet,resnet50,grad_cam,vgg16,mean,5.0,0.806
imagenet,resnet50,grad_cam,vgg16,mean,10.0,0.798
imagenet,resnet50,grad_cam,vgg16,mean,15.0,0.773
imagenet,resnet50,grad_cam,vgg16,mean,20.0,0.765
imagenet,resnet50,grad_cam,vgg16,mean,25.0,0.772
imagenet,resnet50,grad_cam,vgg16,mean,30.0,0.754
imagenet,resnet50,grad_cam,vgg16,mean,35.0,0.745
imagenet,resnet50,grad_cam,vgg16,mean,40.0,0.71
imagenet,resnet50,grad_cam,vgg16,mean,45.0,0.697
imagenet,resnet50,grad_cam,vgg16,mean,50.0,0.646
imagenet,resnet50,grad_cam,vgg16,mean,55.0,0.64
imagenet,resnet50,grad_cam,vgg16,mean,60.0,0.597
imagenet,resnet50,grad_cam,vgg16,mean,65.0,0.564
imagenet,resnet50,grad_cam,vgg16,mean,70.0,0.522
imagenet,resnet50,grad_cam,vgg16,mean,75.0,0.462
imagenet,resnet50,grad_cam,vgg16,mean,80.0,0.384
imagenet,resnet50,grad_cam,vgg16,mean,85.0,0.306
imagenet,resnet50,grad_cam,vgg16,mean,90.0,0.208
imagenet,resnet50,grad_cam,vgg16,mean,95.0,0.079
imagenet,resnet50,grad_cam,vgg16,mean,100.0,0.002
imagenet,resnet50,grad_cam,vgg16,random_noise,0.0,0.818
imagenet,resnet50,grad_cam,vgg16,random_noise,5.0,0.804
imagenet,resnet50,grad_cam,vgg16,random_noise,10.0,0.782
imagenet,resnet50,grad_cam,vgg16,random_noise,15.0,0.759
imagenet,resnet50,grad_cam,vgg16,random_noise,20.0,0.751
imagenet,resnet50,grad_cam,vgg16,random_noise,25.0,0.752
imagenet,resnet50,grad_cam,vgg16,random_noise,30.0,0.741
imagenet,resnet50,grad_cam,vgg16,random_noise,35.0,0.731
imagenet,resnet50,grad_cam,vgg16,random_noise,40.0,0.705
imagenet,resnet50,grad_cam,vgg16,random_noise,45.0,0.679
imagenet,resnet50,grad_cam,vgg16,random_noise,50.0,0.642
imagenet,resnet50,grad_cam,vgg16,random_noise,55.0,0.625
imagenet,resnet50,grad_cam,vgg16,random_noise,60.0,0.595
imagenet,resnet50,grad_cam,vgg16,random_noise,65.0,0.576
imagenet,resnet50,grad_cam,vgg16,random_noise,70.0,0.533
imagenet,resnet50,grad_cam,vgg16,random_noise,75.0,0.465
imagenet,resnet50,grad_cam,vgg16,random_noise,80.0,0.39
imagenet,resnet50,grad_cam,vgg16,random_noise,85.0,0.307
imagenet,resnet50,grad_cam,vgg16,random_noise,90.0,0.214
imagenet,resnet50,grad_cam,vgg16,random_noise,95.0,0.081
imagenet,resnet50,grad_cam,vgg16,random_noise,100.0,0.001
imagenet,resnet50,grad_cam,vgg16,white,0.0,0.818
imagenet,resnet50,grad_cam,vgg16,white,5.0,0.794
imagenet,resnet50,grad_cam,vgg16,white,10.0,0.776
imagenet,resnet50,grad_cam,vgg16,white,15.0,0.754
imagenet,resnet50,grad_cam,vgg16,white,20.0,0.73
imagenet,resnet50,grad_cam,vgg16,white,25.0,0.725
imagenet,resnet50,grad_cam,vgg16,white,30.0,0.706
imagenet,resnet50,grad_cam,vgg16,white,35.0,0.685
imagenet,resnet50,grad_cam,vgg16,white,40.0,0.669
imagenet,resnet50,grad_cam,vgg16,white,45.0,0.644
imagenet,resnet50,grad_cam,vgg16,white,50.0,0.61
imagenet,resnet50,grad_cam,vgg16,white,55.0,0.577
imagenet,resnet50,grad_cam,vgg16,white,60.0,0.54
imagenet,resnet50,grad_cam,vgg16,white,65.0,0.51
imagenet,resnet50,grad_cam,vgg16,white,70.0,0.462
imagenet,resnet50,grad_cam,vgg16,white,75.0,0.404
imagenet,resnet50,grad_cam,vgg16,white,80.0,0.317
imagenet,resnet50,grad_cam,vgg16,white,85.0,0.257
imagenet,resnet50,grad_cam,vgg16,white,90.0,0.146
imagenet,resnet50,grad_cam,vgg16,white,95.0,0.061
imagenet,resnet50,grad_cam,vgg16,white,100.0,0.001
imagenet,resnet50,gradientshap,mobilenet_v2,black,0.0,0.801
imagenet,resnet50,gradientshap,mobilenet_v2,black,5.0,0.694
imagenet,resnet50,gradientshap,mobilenet_v2,black,10.0,0.609
imagenet,resnet50,gradientshap,mobilenet_v2,black,15.0,0.545
imagenet,resnet50,gradientshap,mobilenet_v2,black,20.0,0.47
imagenet,resnet50,gradientshap,mobilenet_v2,black,25.0,0.415
imagenet,resnet50,gradientshap,mobilenet_v2,black,30.0,0.353
imagenet,resnet50,gradientshap,mobilenet_v2,black,35.0,0.305
imagenet,resnet50,gradientshap,mobilenet_v2,black,40.0,0.251
imagenet,resnet50,gradientshap,mobilenet_v2,black,45.0,0.206
imagenet,resnet50,gradientshap,mobilenet_v2,black,50.0,0.169
imagenet,resnet50,gradientshap,mobilenet_v2,black,55.0,0.132
imagenet,resnet50,gradientshap,mobilenet_v2,black,60.0,0.108
imagenet,resnet50,gradientshap,mobilenet_v2,black,65.0,0.077
imagenet,resnet50,gradientshap,mobilenet_v2,black,70.0,0.058
imagenet,resnet50,gradientshap,mobilenet_v2,black,75.0,0.043
imagenet,resnet50,gradientshap,mobilenet_v2,black,80.0,0.021
imagenet,resnet50,gradientshap,mobilenet_v2,black,85.0,0.016
imagenet,resnet50,gradientshap,mobilenet_v2,black,90.0,0.005
imagenet,resnet50,gradientshap,mobilenet_v2,black,95.0,0.002
imagenet,resnet50,gradientshap,mobilenet_v2,black,100.0,0.001
imagenet,resnet50,gradientshap,mobilenet_v2,blur,0.0,0.801
imagenet,resnet50,gradientshap,mobilenet_v2,blur,5.0,0.769
imagenet,resnet50,gradientshap,mobilenet_v2,blur,10.0,0.746
imagenet,resnet50,gradientshap,mobilenet_v2,blur,15.0,0.732
imagenet,resnet50,gradientshap,mobilenet_v2,blur,20.0,0.695
imagenet,resnet50,gradientshap,mobilenet_v2,blur,25.0,0.666
imagenet,resnet50,gradientshap,mobilenet_v2,blur,30.0,0.631
imagenet,resnet50,gradientshap,mobilenet_v2,blur,35.0,0.595
imagenet,resnet50,gradientshap,mobilenet_v2,blur,40.0,0.556
imagenet,resnet50,gradientshap,mobilenet_v2,blur,45.0,0.51
imagenet,resnet50,gradientshap,mobilenet_v2,blur,50.0,0.441
imagenet,resnet50,gradientshap,mobilenet_v2,blur,55.0,0.371
imagenet,resnet50,gradientshap,mobilenet_v2,blur,60.0,0.301
imagenet,resnet50,gradientshap,mobilenet_v2,blur,65.0,0.242
imagenet,resnet50,gradientshap,mobilenet_v2,blur,70.0,0.196
imagenet,resnet50,gradientshap,mobilenet_v2,blur,75.0,0.148
imagenet,resnet50,gradientshap,mobilenet_v2,blur,80.0,0.104
imagenet,resnet50,gradientshap,mobilenet_v2,blur,85.0,0.072
imagenet,resnet50,gradientshap,mobilenet_v2,blur,90.0,0.044
imagenet,resnet50,gradientshap,mobilenet_v2,blur,95.0,0.032
imagenet,resnet50,gradientshap,mobilenet_v2,blur,100.0,0.056
imagenet,resnet50,gradientshap,mobilenet_v2,gray,0.0,0.801
imagenet,resnet50,gradientshap,mobilenet_v2,gray,5.0,0.741
imagenet,resnet50,gradientshap,mobilenet_v2,gray,10.0,0.691
imagenet,resnet50,gradientshap,mobilenet_v2,gray,15.0,0.661
imagenet,resnet50,gradientshap,mobilenet_v2,gray,20.0,0.591
imagenet,resnet50,gradientshap,mobilenet_v2,gray,25.0,0.541
imagenet,resnet50,gradientshap,mobilenet_v2,gray,30.0,0.509
imagenet,resnet50,gradientshap,mobilenet_v2,gray,35.0,0.471
imagenet,resnet50,gradientshap,mobilenet_v2,gray,40.0,0.419
imagenet,resnet50,gradientshap,mobilenet_v2,gray,45.0,0.355
imagenet,resnet50,gradientshap,mobilenet_v2,gray,50.0,0.309
imagenet,resnet50,gradientshap,mobilenet_v2,gray,55.0,0.252
imagenet,resnet50,gradientshap,mobilenet_v2,gray,60.0,0.218
imagenet,resnet50,gradientshap,mobilenet_v2,gray,65.0,0.166
imagenet,resnet50,gradientshap,mobilenet_v2,gray,70.0,0.118
imagenet,resnet50,gradientshap,mobilenet_v2,gray,75.0,0.08
imagenet,resnet50,gradientshap,mobilenet_v2,gray,80.0,0.048
imagenet,resnet50,gradientshap,mobilenet_v2,gray,85.0,0.027
imagenet,resnet50,gradientshap,mobilenet_v2,gray,90.0,0.019
imagenet,resnet50,gradientshap,mobilenet_v2,gray,95.0,0.004
imagenet,resnet50,gradientshap,mobilenet_v2,gray,100.0,0.001
imagenet,resnet50,gradientshap,mobilenet_v2,mean,0.0,0.801
imagenet,resnet50,gradientshap,mobilenet_v2,mean,5.0,0.743
imagenet,resnet50,gradientshap,mobilenet_v2,mean,10.0,0.712
imagenet,resnet50,gradientshap,mobilenet_v2,mean,15.0,0.672
imagenet,resnet50,gradientshap,mobilenet_v2,mean,20.0,0.625
imagenet,resnet50,gradientshap,mobilenet_v2,mean,25.0,0.587
imagenet,resnet50,gradientshap,mobilenet_v2,mean,30.0,0.545
imagenet,resnet50,gradientshap,mobilenet_v2,mean,35.0,0.511
imagenet,resnet50,gradientshap,mobilenet_v2,mean,40.0,0.484
imagenet,resnet50,gradientshap,mobilenet_v2,mean,45.0,0.428
imagenet,resnet50,gradientshap,mobilenet_v2,mean,50.0,0.383
imagenet,resnet50,gradientshap,mobilenet_v2,mean,55.0,0.326
imagenet,resnet50,gradientshap,mobilenet_v2,mean,60.0,0.263
imagenet,resnet50,gradientshap,mobilenet_v2,mean,65.0,0.197
imagenet,resnet50,gradientshap,mobilenet_v2,mean,70.0,0.146
imagenet,resnet50,gradientshap,mobilenet_v2,mean,75.0,0.104
imagenet,resnet50,gradientshap,mobilenet_v2,mean,80.0,0.076
imagenet,resnet50,gradientshap,mobilenet_v2,mean,85.0,0.038
imagenet,resnet50,gradientshap,mobilenet_v2,mean,90.0,0.021
imagenet,resnet50,gradientshap,mobilenet_v2,mean,95.0,0.009
imagenet,resnet50,gradientshap,mobilenet_v2,mean,100.0,0.003
imagenet,resnet50,gradientshap,mobilenet_v2,random_noise,0.0,0.801
imagenet,resnet50,gradientshap,mobilenet_v2,random_noise,5.0,0.74
imagenet,resnet50,gradientshap,mobilenet_v2,random_noise,10.0,0.693
imagenet,resnet50,gradientshap,mobilenet_v2,random_noise,15.0,0.662
imagenet,resnet50,gradientshap,mobilenet_v2,random_noise,20.0,0.596
imagenet,resnet50,gradientshap,mobilenet_v2,random_noise,25.0,0.531
imagenet,resnet50,gradientshap,mobilenet_v2,random_noise,30.0,0.494
imagenet,resnet50,gradientshap,mobilenet_v2,random_noise,35.0,0.45
imagenet,resnet50,gradientshap,mobilenet_v2,random_noise,40.0,0.395
imagenet,resnet50,gradientshap,mobilenet_v2,random_noise,45.0,0.354
imagenet,resnet50,gradientshap,mobilenet_v2,random_noise,50.0,0.308
imagenet,resnet50,gradientshap,mobilenet_v2,random_noise,55.0,0.244
imagenet,resnet50,gradientshap,mobilenet_v2,random_noise,60.0,0.181
imagenet,resnet50,gradientshap,mobilenet_v2,random_noise,65.0,0.139
imagenet,resnet50,gradientshap,mobilenet_v2,random_noise,70.0,0.094
imagenet,resnet50,gradientshap,mobilenet_v2,random_noise,75.0,0.065
imagenet,resnet50,gradientshap,mobilenet_v2,random_noise,80.0,0.037
imagenet,resnet50,gradientshap,mobilenet_v2,random_noise,85.0,0.017
imagenet,resnet50,gradientshap,mobilenet_v2,random_noise,90.0,0.013
imagenet,resnet50,gradientshap,mobilenet_v2,random_noise,95.0,0.004
imagenet,resnet50,gradientshap,mobilenet_v2,random_noise,100.0,0.001
imagenet,resnet50,gradientshap,mobilenet_v2,white,0.0,0.801
imagenet,resnet50,gradientshap,mobilenet_v2,white,5.0,0.643
imagenet,resnet50,gradientshap,mobilenet_v2,white,10.0,0.555
imagenet,resnet50,gradientshap,mobilenet_v2,white,15.0,0.47
imagenet,resnet50,gradientshap,mobilenet_v2,white,20.0,0.407
imagenet,resnet50,gradientshap,mobilenet_v2,white,25.0,0.354
imagenet,resnet50,gradientshap,mobilenet_v2,white,30.0,0.298
imagenet,resnet50,gradientshap,mobilenet_v2,white,35.0,0.271
imagenet,resnet50,gradientshap,mobilenet_v2,white,40.0,0.211
imagenet,resnet50,gradientshap,mobilenet_v2,white,45.0,0.178
imagenet,resnet50,gradientshap,mobilenet_v2,white,50.0,0.152
imagenet,resnet50,gradientshap,mobilenet_v2,white,55.0,0.11
imagenet,resnet50,gradientshap,mobilenet_v2,white,60.0,0.09
imagenet,resnet50,gradientshap,mobilenet_v2,white,65.0,0.069
imagenet,resnet50,gradientshap,mobilenet_v2,white,70.0,0.049
imagenet,resnet50,gradientshap,mobilenet_v2,white,75.0,0.028
imagenet,resnet50,gradientshap,mobilenet_v2,white,80.0,0.014
imagenet,resnet50,gradientshap,mobilenet_v2,white,85.0,0.01
imagenet,resnet50,gradientshap,mobilenet_v2,white,90.0,0.005
imagenet,resnet50,gradientshap,mobilenet_v2,white,95.0,0.001
imagenet,resnet50,gradientshap,mobilenet_v2,white,100.0,0.001
imagenet,resnet50,gradientshap,vgg16,black,0.0,0.818
imagenet,resnet50,gradientshap,vgg16,black,5.0,0.387
imagenet,resnet50,gradientshap,vgg16,black,10.0,0.252
imagenet,resnet50,gradientshap,vgg16,black,15.0,0.187
imagenet,resnet50,gradientshap,vgg16,black,20.0,0.147
imagenet,resnet50,gradientshap,vgg16,black,25.0,0.115
imagenet,resnet50,gradientshap,vgg16,black,30.0,0.093
imagenet,resnet50,gradientshap,vgg16,black,35.0,0.064
imagenet,resnet50,gradientshap,vgg16,black,40.0,0.05
imagenet,resnet50,gradientshap,vgg16,black,45.0,0.032
imagenet,resnet50,gradientshap,vgg16,black,50.0,0.019
imagenet,resnet50,gradientshap,vgg16,black,55.0,0.012
imagenet,resnet50,gradientshap,vgg16,black,60.0,0.01
imagenet,resnet50,gradientshap,vgg16,black,65.0,0.01
imagenet,resnet50,gradientshap,vgg16,black,70.0,0.004
imagenet,resnet50,gradientshap,vgg16,black,75.0,0.002
imagenet,resnet50,gradientshap,vgg16,black,80.0,0.0
imagenet,resnet50,gradientshap,vgg16,black,85.0,0.002
imagenet,resnet50,gradientshap,vgg16,black,90.0,0.001
imagenet,resnet50,gradientshap,vgg16,black,95.0,0.0
imagenet,resnet50,gradientshap,vgg16,black,100.0,0.001
imagenet,resnet50,gradientshap,vgg16,blur,0.0,0.818
imagenet,resnet50,gradientshap,vgg16,blur,5.0,0.803
imagenet,resnet50,gradientshap,vgg16,blur,10.0,0.773
imagenet,resnet50,gradientshap,vgg16,blur,15.0,0.734
imagenet,resnet50,gradientshap,vgg16,blur,20.0,0.683
imagenet,resnet50,gradientshap,vgg16,blur,25.0,0.648
imagenet,resnet50,gradientshap,vgg16,blur,30.0,0.615
imagenet,resnet50,gradientshap,vgg16,blur,35.0,0.564
imagenet,resnet50,gradientshap,vgg16,blur,40.0,0.508
imagenet,resnet50,gradientshap,vgg16,blur,45.0,0.443
imagenet,resnet50,gradientshap,vgg16,blur,50.0,0.384
imagenet,resnet50,gradientshap,vgg16,blur,55.0,0.311
imagenet,resnet50,gradientshap,vgg16,blur,60.0,0.239
imagenet,resnet50,gradientshap,vgg16,blur,65.0,0.188
imagenet,resnet50,gradientshap,vgg16,blur,70.0,0.141
imagenet,resnet50,gradientshap,vgg16,blur,75.0,0.102
imagenet,resnet50,gradientshap,vgg16,blur,80.0,0.063
imagenet,resnet50,gradientshap,vgg16,blur,85.0,0.031
imagenet,resnet50,gradientshap,vgg16,blur,90.0,0.016
imagenet,resnet50,gradientshap,vgg16,blur,95.0,0.015
imagenet,resnet50,gradientshap,vgg16,blur,100.0,0.034
imagenet,resnet50,gradientshap,vgg16,gray,0.0,0.818
imagenet,resnet50,gradientshap,vgg16,gray,5.0,0.709
imagenet,resnet50,gradientshap,vgg16,gray,10.0,0.598
imagenet,resnet50,gradientshap,vgg16,gray,15.0,0.542
imagenet,resnet50,gradientshap,vgg16,gray,20.0,0.476
imagenet,resnet50,gradientshap,vgg16,gray,25.0,0.418
imagenet,resnet50,gradientshap,vgg16,gray,30.0,0.356
imagenet,resnet50,gradientshap,vgg16,gray,35.0,0.293
imagenet,resnet50,gradientshap,vgg16,gray,40.0,0.245
imagenet,resnet50,gradientshap,vgg16,gray,45.0,0.195
imagenet,resnet50,gradientshap,vgg16,gray,50.0,0.151
imagenet,resnet50,gradientshap,vgg16,gray,55.0,0.119
imagenet,resnet50,gradientshap,vgg16,gray,60.0,0.092
imagenet,resnet50,gradientshap,vgg16,gray,65.0,0.062
imagenet,resnet50,gradientshap,vgg16,gray,70.0,0.044
imagenet,resnet50,gradientshap,vgg16,gray,75.0,0.027
imagenet,resnet50,gradientshap,vgg16,gray,80.0,0.011
imagenet,resnet50,gradientshap,vgg16,gray,85.0,0.009
imagenet,resnet50,gradientshap,vgg16,gray,90.0,0.003
imagenet,resnet50,gradientshap,vgg16,gray,95.0,0.003
imagenet,resnet50,gradientshap,vgg16,gray,100.0,0.001
imagenet,resnet50,gradientshap,vgg16,mean,0.0,0.818
imagenet,resnet50,gradientshap,vgg16,mean,5.0,0.725
imagenet,resnet50,gradientshap,vgg16,mean,10.0,0.664
imagenet,resnet50,gradientshap,vgg16,mean,15.0,0.603
imagenet,resnet50,gradientshap,vgg16,mean,20.0,0.54
imagenet,resnet50,gradientshap,vgg16,mean,25.0,0.484
imagenet,resnet50,gradientshap,vgg16,mean,30.0,0.437
imagenet,resnet50,gradientshap,vgg16,mean,35.0,0.376
imagenet,resnet50,gradientshap,vgg16,mean,40.0,0.31
imagenet,resnet50,gradientshap,vgg16,mean,45.0,0.26
imagenet,resnet50,gradientshap,vgg16,mean,50.0,0.209
imagenet,resnet50,gradientshap,vgg16,mean,55.0,0.162
imagenet,resnet50,gradientshap,vgg16,mean,60.0,0.116
imagenet,resnet50,gradientshap,vgg16,mean,65.0,0.083
imagenet,resnet50,gradientshap,vgg16,mean,70.0,0.059
imagenet,resnet50,gradientshap,vgg16,mean,75.0,0.035
imagenet,resnet50,gradientshap,vgg16,mean,80.0,0.023
imagenet,resnet50,gradientshap,vgg16,mean,85.0,0.013
imagenet,resnet50,gradientshap,vgg16,mean,90.0,0.004
imagenet,resnet50,gradientshap,vgg16,mean,95.0,0.003
imagenet,resnet50,gradientshap,vgg16,mean,100.0,0.002
imagenet,resnet50,gradientshap,vgg16,random_noise,0.0,0.818
imagenet,resnet50,gradientshap,vgg16,random_noise,5.0,0.695
imagenet,resnet50,gradientshap,vgg16,random_noise,10.0,0.586
imagenet,resnet50,gradientshap,vgg16,random_noise,15.0,0.523
imagenet,resnet50,gradientshap,vgg16,random_noise,20.0,0.456
imagenet,resnet50,gradientshap,vgg16,random_noise,25.0,0.416
imagenet,resnet50,gradientshap,vgg16,random_noise,30.0,0.368
imagenet,resnet50,gradientshap,vgg16,random_noise,35.0,0.31
imagenet,resnet50,gradientshap,vgg16,random_noise,40.0,0.262
imagenet,resnet50,gradientshap,vgg16,random_noise,45.0,0.214
imagenet,resnet50,gradientshap,vgg16,random_noise,50.0,0.176
imagenet,resnet50,gradientshap,vgg16,random_noise,55.0,0.134
imagenet,resnet50,gradientshap,vgg16,random_noise,60.0,0.118
imagenet,resnet50,gradientshap,vgg16,random_noise,65.0,0.085
imagenet,resnet50,gradientshap,vgg16,random_noise,70.0,0.061
imagenet,resnet50,gradientshap,vgg16,random_noise,75.0,0.045
imagenet,resnet50,gradientshap,vgg16,random_noise,80.0,0.025
imagenet,resnet50,gradientshap,vgg16,random_noise,85.0,0.012
imagenet,resnet50,gradientshap,vgg16,random_noise,90.0,0.004
imagenet,resnet50,gradientshap,vgg16,random_noise,95.0,0.002
imagenet,resnet50,gradientshap,vgg16,random_noise,100.0,0.001
imagenet,resnet50,gradientshap,vgg16,white,0.0,0.818
imagenet,resnet50,gradientshap,vgg16,white,5.0,0.376
imagenet,resnet50,gradientshap,vgg16,white,10.0,0.256
imagenet,resnet50,gradientshap,vgg16,white,15.0,0.175
imagenet,resnet50,gradientshap,vgg16,white,20.0,0.142
imagenet,resnet50,gradientshap,vgg16,white,25.0,0.105
imagenet,resnet50,gradientshap,vgg16,white,30.0,0.086
imagenet,resnet50,gradientshap,vgg16,white,35.0,0.066
imagenet,resnet50,gradientshap,vgg16,white,40.0,0.058
imagenet,resnet50,gradientshap,vgg16,white,45.0,0.047
imagenet,resnet50,gradientshap,vgg16,white,50.0,0.035
imagenet,resnet50,gradientshap,vgg16,white,55.0,0.03
imagenet,resnet50,gradientshap,vgg16,white,60.0,0.02
imagenet,resnet50,gradientshap,vgg16,white,65.0,0.017
imagenet,resnet50,gradientshap,vgg16,white,70.0,0.011
imagenet,resnet50,gradientshap,vgg16,white,75.0,0.005
imagenet,resnet50,gradientshap,vgg16,white,80.0,0.004
imagenet,resnet50,gradientshap,vgg16,white,85.0,0.003
imagenet,resnet50,gradientshap,vgg16,white,90.0,0.001
imagenet,resnet50,gradientshap,vgg16,white,95.0,0.001
imagenet,resnet50,gradientshap,vgg16,white,100.0,0.001
imagenet,resnet50,inputxgradient,mobilenet_v2,black,0.0,0.801
imagenet,resnet50,inputxgradient,mobilenet_v2,black,5.0,0.655
imagenet,resnet50,inputxgradient,mobilenet_v2,black,10.0,0.567
imagenet,resnet50,inputxgradient,mobilenet_v2,black,15.0,0.505
imagenet,resnet50,inputxgradient,mobilenet_v2,black,20.0,0.438
imagenet,resnet50,inputxgradient,mobilenet_v2,black,25.0,0.375
imagenet,resnet50,inputxgradient,mobilenet_v2,black,30.0,0.309
imagenet,resnet50,inputxgradient,mobilenet_v2,black,35.0,0.255
imagenet,resnet50,inputxgradient,mobilenet_v2,black,40.0,0.219
imagenet,resnet50,inputxgradient,mobilenet_v2,black,45.0,0.176
imagenet,resnet50,inputxgradient,mobilenet_v2,black,50.0,0.139
imagenet,resnet50,inputxgradient,mobilenet_v2,black,55.0,0.122
imagenet,resnet50,inputxgradient,mobilenet_v2,black,60.0,0.088
imagenet,resnet50,inputxgradient,mobilenet_v2,black,65.0,0.06
imagenet,resnet50,inputxgradient,mobilenet_v2,black,70.0,0.047
imagenet,resnet50,inputxgradient,mobilenet_v2,black,75.0,0.032
imagenet,resnet50,inputxgradient,mobilenet_v2,black,80.0,0.015
imagenet,resnet50,inputxgradient,mobilenet_v2,black,85.0,0.006
imagenet,resnet50,inputxgradient,mobilenet_v2,black,90.0,0.001
imagenet,resnet50,inputxgradient,mobilenet_v2,black,95.0,0.001
imagenet,resnet50,inputxgradient,mobilenet_v2,black,100.0,0.001
imagenet,resnet50,inputxgradient,mobilenet_v2,blur,0.0,0.801
imagenet,resnet50,inputxgradient,mobilenet_v2,blur,5.0,0.771
imagenet,resnet50,inputxgradient,mobilenet_v2,blur,10.0,0.745
imagenet,resnet50,inputxgradient,mobilenet_v2,blur,15.0,0.717
imagenet,resnet50,inputxgradient,mobilenet_v2,blur,20.0,0.677
imagenet,resnet50,inputxgradient,mobilenet_v2,blur,25.0,0.642
imagenet,resnet50,inputxgradient,mobilenet_v2,blur,30.0,0.596
imagenet,resnet50,inputxgradient,mobilenet_v2,blur,35.0,0.543
imagenet,resnet50,inputxgradient,mobilenet_v2,blur,40.0,0.507
imagenet,resnet50,inputxgradient,mobilenet_v2,blur,45.0,0.442
imagenet,resnet50,inputxgradient,mobilenet_v2,blur,50.0,0.372
imagenet,resnet50,inputxgradient,mobilenet_v2,blur,55.0,0.303
imagenet,resnet50,inputxgradient,mobilenet_v2,blur,60.0,0.245
imagenet,resnet50,inputxgradient,mobilenet_v2,blur,65.0,0.205
imagenet,resnet50,inputxgradient,mobilenet_v2,blur,70.0,0.148
imagenet,resnet50,inputxgradient,mobilenet_v2,blur,75.0,0.109
imagenet,resnet50,inputxgradient,mobilenet_v2,blur,80.0,0.056
imagenet,resnet50,inputxgradient,mobilenet_v2,blur,85.0,0.047
imagenet,resnet50,inputxgradient,mobilenet_v2,blur,90.0,0.029
imagenet,resnet50,inputxgradient,mobilenet_v2,blur,95.0,0.034
imagenet,resnet50,inputxgradient,mobilenet_v2,blur,100.0,0.056
imagenet,resnet50,inputxgradient,mobilenet_v2,gray,0.0,0.801
imagenet,resnet50,inputxgradient,mobilenet_v2,gray,5.0,0.745
imagenet,resnet50,inputxgradient,mobilenet_v2,gray,10.0,0.688
imagenet,resnet50,inputxgradient,mobilenet_v2,gray,15.0,0.634
imagenet,resnet50,inputxgradient,mobilenet_v2,gray,20.0,0.586
imagenet,resnet50,inputxgradient,mobilenet_v2,gray,25.0,0.519
imagenet,resnet50,inputxgradient,mobilenet_v2,gray,30.0,0.479
imagenet,resnet50,inputxgradient,mobilenet_v2,gray,35.0,0.429
imagenet,resnet50,inputxgradient,mobilenet_v2,gray,40.0,0.367
imagenet,resnet50,inputxgradient,mobilenet_v2,gray,45.0,0.313
imagenet,resnet50,inputxgradient,mobilenet_v2,gray,50.0,0.263
imagenet,resnet50,inputxgradient,mobilenet_v2,gray,55.0,0.213
imagenet,resnet50,inputxgradient,mobilenet_v2,gray,60.0,0.17
imagenet,resnet50,inputxgradient,mobilenet_v2,gray,65.0,0.136
imagenet,resnet50,inputxgradient,mobilenet_v2,gray,70.0,0.101
imagenet,resnet50,inputxgradient,mobilenet_v2,gray,75.0,0.058
imagenet,resnet50,inputxgradient,mobilenet_v2,gray,80.0,0.032
imagenet,resnet50,inputxgradient,mobilenet_v2,gray,85.0,0.018
imagenet,resnet50,inputxgradient,mobilenet_v2,gray,90.0,0.004
imagenet,resnet50,inputxgradient,mobilenet_v2,gray,95.0,0.0
imagenet,resnet50,inputxgradient,mobilenet_v2,gray,100.0,0.001
imagenet,resnet50,inputxgradient,mobilenet_v2,mean,0.0,0.801
imagenet,resnet50,inputxgradient,mobilenet_v2,mean,5.0,0.745
imagenet,resnet50,inputxgradient,mobilenet_v2,mean,10.0,0.703
imagenet,resnet50,inputxgradient,mobilenet_v2,mean,15.0,0.659
imagenet,resnet50,inputxgradient,mobilenet_v2,mean,20.0,0.612
imagenet,resnet50,inputxgradient,mobilenet_v2,mean,25.0,0.572
imagenet,resnet50,inputxgradient,mobilenet_v2,mean,30.0,0.518
imagenet,resnet50,inputxgradient,mobilenet_v2,mean,35.0,0.465
imagenet,resnet50,inputxgradient,mobilenet_v2,mean,40.0,0.419
imagenet,resnet50,inputxgradient,mobilenet_v2,mean,45.0,0.362
imagenet,resnet50,inputxgradient,mobilenet_v2,mean,50.0,0.303
imagenet,resnet50,inputxgradient,mobilenet_v2,mean,55.0,0.267
imagenet,resnet50,inputxgradient,mobilenet_v2,mean,60.0,0.204
imagenet,resnet50,inputxgradient,mobilenet_v2,mean,65.0,0.151
imagenet,resnet50,inputxgradient,mobilenet_v2,mean,70.0,0.121
imagenet,resnet50,inputxgradient,mobilenet_v2,mean,75.0,0.088
imagenet,resnet50,inputxgradient,mobilenet_v2,mean,80.0,0.05
imagenet,resnet50,inputxgradient,mobilenet_v2,mean,85.0,0.036
imagenet,resnet50,inputxgradient,mobilenet_v2,mean,90.0,0.014
imagenet,resnet50,inputxgradient,mobilenet_v2,mean,95.0,0.005
imagenet,resnet50,inputxgradient,mobilenet_v2,mean,100.0,0.003
imagenet,resnet50,inputxgradient,mobilenet_v2,random_noise,0.0,0.801
imagenet,resnet50,inputxgradient,mobilenet_v2,random_noise,5.0,0.744
imagenet,resnet50,inputxgradient,mobilenet_v2,random_noise,10.0,0.686
imagenet,resnet50,inputxgradient,mobilenet_v2,random_noise,15.0,0.632
imagenet,resnet50,inputxgradient,mobilenet_v2,random_noise,20.0,0.566
imagenet,resnet50,inputxgradient,mobilenet_v2,random_noise,25.0,0.51
imagenet,resnet50,inputxgradient,mobilenet_v2,random_noise,30.0,0.46
imagenet,resnet50,inputxgradient,mobilenet_v2,random_noise,35.0,0.407
imagenet,resnet50,inputxgradient,mobilenet_v2,random_noise,40.0,0.35
imagenet,resnet50,inputxgradient,mobilenet_v2,random_noise,45.0,0.299
imagenet,resnet50,inputxgradient,mobilenet_v2,random_noise,50.0,0.251
imagenet,resnet50,inputxgradient,mobilenet_v2,random_noise,55.0,0.201
imagenet,resnet50,inputxgradient,mobilenet_v2,random_noise,60.0,0.157
imagenet,resnet50,inputxgradient,mobilenet_v2,random_noise,65.0,0.106
imagenet,resnet50,inputxgradient,mobilenet_v2,random_noise,70.0,0.074
imagenet,resnet50,inputxgradient,mobilenet_v2,random_noise,75.0,0.039
imagenet,resnet50,inputxgradient,mobilenet_v2,random_noise,80.0,0.022
imagenet,resnet50,inputxgradient,mobilenet_v2,random_noise,85.0,0.008
imagenet,resnet50,inputxgradient,mobilenet_v2,random_noise,90.0,0.006
imagenet,resnet50,inputxgradient,mobilenet_v2,random_noise,95.0,0.002
imagenet,resnet50,inputxgradient,mobilenet_v2,random_noise,100.0,0.001
imagenet,resnet50,inputxgradient,mobilenet_v2,white,0.0,0.801
imagenet,resnet50,inputxgradient,mobilenet_v2,white,5.0,0.632
imagenet,resnet50,inputxgradient,mobilenet_v2,white,10.0,0.527
imagenet,resnet50,inputxgradient,mobilenet_v2,white,15.0,0.442
imagenet,resnet50,inputxgradient,mobilenet_v2,white,20.0,0.381
imagenet,resnet50,inputxgradient,mobilenet_v2,white,25.0,0.316
imagenet,resnet50,inputxgradient,mobilenet_v2,white,30.0,0.256
imagenet,resnet50,inputxgradient,mobilenet_v2,white,35.0,0.207
imagenet,resnet50,inputxgradient,mobilenet_v2,white,40.0,0.184
imagenet,resnet50,inputxgradient,mobilenet_v2,white,45.0,0.143
imagenet,resnet50,inputxgradient,mobilenet_v2,white,50.0,0.121
imagenet,resnet50,inputxgradient,mobilenet_v2,white,55.0,0.086
imagenet,resnet50,inputxgradient,mobilenet_v2,white,60.0,0.065
imagenet,resnet50,inputxgradient,mobilenet_v2,white,65.0,0.048
imagenet,resnet50,inputxgradient,mobilenet_v2,white,70.0,0.03
imagenet,resnet50,inputxgradient,mobilenet_v2,white,75.0,0.017
imagenet,resnet50,inputxgradient,mobilenet_v2,white,80.0,0.011
imagenet,resnet50,inputxgradient,mobilenet_v2,white,85.0,0.008
imagenet,resnet50,inputxgradient,mobilenet_v2,white,90.0,0.003
imagenet,resnet50,inputxgradient,mobilenet_v2,white,95.0,0.002
imagenet,resnet50,inputxgradient,mobilenet_v2,white,100.0,0.001
imagenet,resnet50,inputxgradient,vgg16,black,0.0,0.818
imagenet,resnet50,inputxgradient,vgg16,black,5.0,0.357
imagenet,resnet50,inputxgradient,vgg16,black,10.0,0.218
imagenet,resnet50,inputxgradient,vgg16,black,15.0,0.157
imagenet,resnet50,inputxgradient,vgg16,black,20.0,0.118
imagenet,resnet50,inputxgradient,vgg16,black,25.0,0.088
imagenet,resnet50,inputxgradient,vgg16,black,30.0,0.071
imagenet,resnet50,inputxgradient,vgg16,black,35.0,0.055
imagenet,resnet50,inputxgradient,vgg16,black,40.0,0.043
imagenet,resnet50,inputxgradient,vgg16,black,45.0,0.022
imagenet,resnet50,inputxgradient,vgg16,black,50.0,0.015
imagenet,resnet50,inputxgradient,vgg16,black,55.0,0.007
imagenet,resnet50,inputxgradient,vgg16,black,60.0,0.003
imagenet,resnet50,inputxgradient,vgg16,black,65.0,0.002
imagenet,resnet50,inputxgradient,vgg16,black,70.0,0.002
imagenet,resnet50,inputxgradient,vgg16,black,75.0,0.002
imagenet,resnet50,inputxgradient,vgg16,black,80.0,0.002
imagenet,resnet50,inputxgradient,vgg16,black,85.0,0.001
imagenet,resnet50,inputxgradient,vgg16,black,90.0,0.0
imagenet,resnet50,inputxgradient,vgg16,black,95.0,0.001
imagenet,resnet50,inputxgradient,vgg16,black,100.0,0.001
imagenet,resnet50,inputxgradient,vgg16,blur,0.0,0.818
imagenet,resnet50,inputxgradient,vgg16,blur,5.0,0.795
imagenet,resnet50,inputxgradient,vgg16,blur,10.0,0.753
imagenet,resnet50,inputxgradient,vgg16,blur,15.0,0.71
imagenet,resnet50,inputxgradient,vgg16,blur,20.0,0.666
imagenet,resnet50,inputxgradient,vgg16,blur,25.0,0.632
imagenet,resnet50,inputxgradient,vgg16,blur,30.0,0.575
imagenet,resnet50,inputxgradient,vgg16,blur,35.0,0.518
imagenet,resnet50,inputxgradient,vgg16,blur,40.0,0.462
imagenet,resnet50,inputxgradient,vgg16,blur,45.0,0.387
imagenet,resnet50,inputxgradient,vgg16,blur,50.0,0.316
imagenet,resnet50,inputxgradient,vgg16,blur,55.0,0.228
imagenet,resnet50,inputxgradient,vgg16,blur,60.0,0.182
imagenet,resnet50,inputxgradient,vgg16,blur,65.0,0.135
imagenet,resnet50,inputxgradient,vgg16,blur,70.0,0.095
imagenet,resnet50,inputxgradient,vgg16,blur,75.0,0.062
imagenet,resnet50,inputxgradient,vgg16,blur,80.0,0.033
imagenet,resnet50,inputxgradient,vgg16,blur,85.0,0.018
imagenet,resnet50,inputxgradient,vgg16,blur,90.0,0.016
imagenet,resnet50,inputxgradient,vgg16,blur,95.0,0.015
imagenet,resnet50,inputxgradient,vgg16,blur,100.0,0.034
imagenet,resnet50,inputxgradient,vgg16,gray,0.0,0.818
imagenet,resnet50,inputxgradient,vgg16,gray,5.0,0.691
imagenet,resnet50,inputxgradient,vgg16,gray,10.0,0.596
imagenet,resnet50,inputxgradient,vgg16,gray,15.0,0.513
imagenet,resnet50,inputxgradient,vgg16,gray,20.0,0.456
imagenet,resnet50,inputxgradient,vgg16,gray,25.0,0.375
imagenet,resnet50,inputxgradient,vgg16,gray,30.0,0.297
imagenet,resnet50,inputxgradient,vgg16,gray,35.0,0.253
imagenet,resnet50,inputxgradient,vgg16,gray,40.0,0.199
imagenet,resnet50,inputxgradient,vgg16,gray,45.0,0.163
imagenet,resnet50,inputxgradient,vgg16,gray,50.0,0.122
imagenet,resnet50,inputxgradient,vgg16,gray,55.0,0.092
imagenet,resnet50,inputxgradient,vgg16,gray,60.0,0.066
imagenet,resnet50,inputxgradient,vgg16,gray,65.0,0.043
imagenet,resnet50,inputxgradient,vgg16,gray,70.0,0.034
imagenet,resnet50,inputxgradient,vgg16,gray,75.0,0.019
imagenet,resnet50,inputxgradient,vgg16,gray,80.0,0.012
imagenet,resnet50,inputxgradient,vgg16,gray,85.0,0.006
imagenet,resnet50,inputxgradient,vgg16,gray,90.0,0.004
imagenet,resnet50,inputxgradient,vgg16,gray,95.0,0.001
imagenet,resnet50,inputxgradient,vgg16,gray,100.0,0.001
imagenet,resnet50,inputxgradient,vgg16,mean,0.0,0.818
imagenet,resnet50,inputxgradient,vgg16,mean,5.0,0.733
imagenet,resnet50,inputxgradient,vgg16,mean,10.0,0.653
imagenet,resnet50,inputxgradient,vgg16,mean,15.0,0.583
imagenet,resnet50,inputxgradient,vgg16,mean,20.0,0.514
imagenet,resnet50,inputxgradient,vgg16,mean,25.0,0.455
imagenet,resnet50,inputxgradient,vgg16,mean,30.0,0.39
imagenet,resnet50,inputxgradient,vgg16,mean,35.0,0.323
imagenet,resnet50,inputxgradient,vgg16,mean,40.0,0.274
imagenet,resnet50,inputxgradient,vgg16,mean,45.0,0.221
imagenet,resnet50,inputxgradient,vgg16,mean,50.0,0.165
imagenet,resnet50,inputxgradient,vgg16,mean,55.0,0.119
imagenet,resnet50,inputxgradient,vgg16,mean,60.0,0.08
imagenet,resnet50,inputxgradient,vgg16,mean,65.0,0.056
imagenet,resnet50,inputxgradient,vgg16,mean,70.0,0.043
imagenet,resnet50,inputxgradient,vgg16,mean,75.0,0.03
imagenet,resnet50,inputxgradient,vgg16,mean,80.0,0.015
imagenet,resnet50,inputxgradient,vgg16,mean,85.0,0.009
imagenet,resnet50,inputxgradient,vgg16,mean,90.0,0.004
imagenet,resnet50,inputxgradient,vgg16,mean,95.0,0.001
imagenet,resnet50,inputxgradient,vgg16,mean,100.0,0.002
imagenet,resnet50,inputxgradient,vgg16,random_noise,0.0,0.818
imagenet,resnet50,inputxgradient,vgg16,random_noise,5.0,0.676
imagenet,resnet50,inputxgradient,vgg16,random_noise,10.0,0.581
imagenet,resnet50,inputxgradient,vgg16,random_noise,15.0,0.51
imagenet,resnet50,inputxgradient,vgg16,random_noise,20.0,0.452
imagenet,resnet50,inputxgradient,vgg16,random_noise,25.0,0.377
imagenet,resnet50,inputxgradient,vgg16,random_noise,30.0,0.31
imagenet,resnet50,inputxgradient,vgg16,random_noise,35.0,0.259
imagenet,resnet50,inputxgradient,vgg16,random_noise,40.0,0.214
imagenet,resnet50,inputxgradient,vgg16,random_noise,45.0,0.177
imagenet,resnet50,inputxgradient,vgg16,random_noise,50.0,0.143
imagenet,resnet50,inputxgradient,vgg16,random_noise,55.0,0.113
imagenet,resnet50,inputxgradient,vgg16,random_noise,60.0,0.085
imagenet,resnet50,inputxgradient,vgg16,random_noise,65.0,0.063
imagenet,resnet50,inputxgradient,vgg16,random_noise,70.0,0.048
imagenet,resnet50,inputxgradient,vgg16,random_noise,75.0,0.028
imagenet,resnet50,inputxgradient,vgg16,random_noise,80.0,0.016
imagenet,resnet50,inputxgradient,vgg16,random_noise,85.0,0.01
imagenet,resnet50,inputxgradient,vgg16,random_noise,90.0,0.004
imagenet,resnet50,inputxgradient,vgg16,random_noise,95.0,0.003
imagenet,resnet50,inputxgradient,vgg16,random_noise,100.0,0.001
imagenet,resnet50,inputxgradient,vgg16,white,0.0,0.818
imagenet,resnet50,inputxgradient,vgg16,white,5.0,0.362
imagenet,resnet50,inputxgradient,vgg16,white,10.0,0.217
imagenet,resnet50,inputxgradient,vgg16,white,15.0,0.153
imagenet,resnet50,inputxgradient,vgg16,white,20.0,0.107
imagenet,resnet50,inputxgradient,vgg16,white,25.0,0.083
imagenet,resnet50,inputxgradient,vgg16,white,30.0,0.069
imagenet,resnet50,inputxgradient,vgg16,white,35.0,0.053
imagenet,resnet50,inputxgradient,vgg16,white,40.0,0.048
imagenet,resnet50,inputxgradient,vgg16,white,45.0,0.03
imagenet,resnet50,inputxgradient,vgg16,white,50.0,0.02
imagenet,resnet50,inputxgradient,vgg16,white,55.0,0.016
imagenet,resnet50,inputxgradient,vgg16,white,60.0,0.014
imagenet,resnet50,inputxgradient,vgg16,white,65.0,0.012
imagenet,resnet50,inputxgradient,vgg16,white,70.0,0.007
imagenet,resnet50,inputxgradient,vgg16,white,75.0,0.004
imagenet,resnet50,inputxgradient,vgg16,white,80.0,0.002
imagenet,resnet50,inputxgradient,vgg16,white,85.0,0.001
imagenet,resnet50,inputxgradient,vgg16,white,90.0,0.001
imagenet,resnet50,inputxgradient,vgg16,white,95.0,0.001
imagenet,resnet50,inputxgradient,vgg16,white,100.0,0.001
imagenet,resnet50,integrated_gradients,mobilenet_v2,black,0.0,0.801
imagenet,resnet50,integrated_gradients,mobilenet_v2,black,5.0,0.703
imagenet,resnet50,integrated_gradients,mobilenet_v2,black,10.0,0.611
imagenet,resnet50,integrated_gradients,mobilenet_v2,black,15.0,0.539
imagenet,resnet50,integrated_gradients,mobilenet_v2,black,20.0,0.469
imagenet,resnet50,integrated_gradients,mobilenet_v2,black,25.0,0.416
imagenet,resnet50,integrated_gradients,mobilenet_v2,black,30.0,0.35
imagenet,resnet50,integrated_gradients,mobilenet_v2,black,35.0,0.305
imagenet,resnet50,integrated_gradients,mobilenet_v2,black,40.0,0.262
imagenet,resnet50,integrated_gradients,mobilenet_v2,black,45.0,0.221
imagenet,resnet50,integrated_gradients,mobilenet_v2,black,50.0,0.167
imagenet,resnet50,integrated_gradients,mobilenet_v2,black,55.0,0.127
imagenet,resnet50,integrated_gradients,mobilenet_v2,black,60.0,0.102
imagenet,resnet50,integrated_gradients,mobilenet_v2,black,65.0,0.092
imagenet,resnet50,integrated_gradients,mobilenet_v2,black,70.0,0.061
imagenet,resnet50,integrated_gradients,mobilenet_v2,black,75.0,0.039
imagenet,resnet50,integrated_gradients,mobilenet_v2,black,80.0,0.028
imagenet,resnet50,integrated_gradients,mobilenet_v2,black,85.0,0.013
imagenet,resnet50,integrated_gradients,mobilenet_v2,black,90.0,0.003
imagenet,resnet50,integrated_gradients,mobilenet_v2,black,95.0,0.0
imagenet,resnet50,integrated_gradients,mobilenet_v2,black,100.0,0.001
imagenet,resnet50,integrated_gradients,mobilenet_v2,blur,0.0,0.801
imagenet,resnet50,integrated_gradients,mobilenet_v2,blur,5.0,0.784
imagenet,resnet50,integrated_gradients,mobilenet_v2,blur,10.0,0.749
imagenet,resnet50,integrated_gradients,mobilenet_v2,blur,15.0,0.724
imagenet,resnet50,integrated_gradients,mobilenet_v2,blur,20.0,0.694
imagenet,resnet50,integrated_gradients,mobilenet_v2,blur,25.0,0.668
imagenet,resnet50,integrated_gradients,mobilenet_v2,blur,30.0,0.637
imagenet,resnet50,integrated_gradients,mobilenet_v2,blur,35.0,0.605
imagenet,resnet50,integrated_gradients,mobilenet_v2,blur,40.0,0.577
imagenet,resnet50,integrated_gradients,mobilenet_v2,blur,45.0,0.524
imagenet,resnet50,integrated_gradients,mobilenet_v2,blur,50.0,0.47
imagenet,resnet50,integrated_gradients,mobilenet_v2,blur,55.0,0.413
imagenet,resnet50,integrated_gradients,mobilenet_v2,blur,60.0,0.321
imagenet,resnet50,integrated_gradients,mobilenet_v2,blur,65.0,0.273
imagenet,resnet50,integrated_gradients,mobilenet_v2,blur,70.0,0.207
imagenet,resnet50,integrated_gradients,mobilenet_v2,blur,75.0,0.145
imagenet,resnet50,integrated_gradients,mobilenet_v2,blur,80.0,0.115
imagenet,resnet50,integrated_gradients,mobilenet_v2,blur,85.0,0.077
imagenet,resnet50,integrated_gradients,mobilenet_v2,blur,90.0,0.038
imagenet,resnet50,integrated_gradients,mobilenet_v2,blur,95.0,0.026
imagenet,resnet50,integrated_gradients,mobilenet_v2,blur,100.0,0.056
imagenet,resnet50,integrated_gradients,mobilenet_v2,gray,0.0,0.801
imagenet,resnet50,integrated_gradients,mobilenet_v2,gray,5.0,0.744
imagenet,resnet50,integrated_gradients,mobilenet_v2,gray,10.0,0.698
imagenet,resnet50,integrated_gradients,mobilenet_v2,gray,15.0,0.656
imagenet,resnet50,integrated_gradients,mobilenet_v2,gray,20.0,0.609
imagenet,resnet50,integrated_gradients,mobilenet_v2,gray,25.0,0.56
imagenet,resnet50,integrated_gradients,mobilenet_v2,gray,30.0,0.518
imagenet,resnet50,integrated_gradients,mobilenet_v2,gray,35.0,0.466
imagenet,resnet50,integrated_gradients,mobilenet_v2,gray,40.0,0.414
imagenet,resnet50,integrated_gradients,mobilenet_v2,gray,45.0,0.373
imagenet,resnet50,integrated_gradients,mobilenet_v2,gray,50.0,0.317
imagenet,resnet50,integrated_gradients,mobilenet_v2,gray,55.0,0.263
imagenet,resnet50,integrated_gradients,mobilenet_v2,gray,60.0,0.214
imagenet,resnet50,integrated_gradients,mobilenet_v2,gray,65.0,0.173
imagenet,resnet50,integrated_gradients,mobilenet_v2,gray,70.0,0.127
imagenet,resnet50,integrated_gradients,mobilenet_v2,gray,75.0,0.087
imagenet,resnet50,integrated_gradients,mobilenet_v2,gray,80.0,0.064
imagenet,resnet50,integrated_gradients,mobilenet_v2,gray,85.0,0.032
imagenet,resnet50,integrated_gradients,mobilenet_v2,gray,90.0,0.02
imagenet,resnet50,integrated_gradients,mobilenet_v2,gray,95.0,0.004
imagenet,resnet50,integrated_gradients,mobilenet_v2,gray,100.0,0.001
imagenet,resnet50,integrated_gradients,mobilenet_v2,mean,0.0,0.801
imagenet,resnet50,integrated_gradients,mobilenet_v2,mean,5.0,0.755
imagenet,resnet50,integrated_gradients,mobilenet_v2,mean,10.0,0.717
imagenet,resnet50,integrated_gradients,mobilenet_v2,mean,15.0,0.676
imagenet,resnet50,integrated_gradients,mobilenet_v2,mean,20.0,0.636
imagenet,resnet50,integrated_gradients,mobilenet_v2,mean,25.0,0.616
imagenet,resnet50,integrated_gradients,mobilenet_v2,mean,30.0,0.57
imagenet,resnet50,integrated_gradients,mobilenet_v2,mean,35.0,0.525
imagenet,resnet50,integrated_gradients,mobilenet_v2,mean,40.0,0.488
imagenet,resnet50,integrated_gradients,mobilenet_v2,mean,45.0,0.443
imagenet,resnet50,integrated_gradients,mobilenet_v2,mean,50.0,0.381
imagenet,resnet50,integrated_gradients,mobilenet_v2,mean,55.0,0.316
imagenet,resnet50,integrated_gradients,mobilenet_v2,mean,60.0,0.262
imagenet,resnet50,integrated_gradients,mobilenet_v2,mean,65.0,0.227
imagenet,resnet50,integrated_gradients,mobilenet_v2,mean,70.0,0.15
imagenet,resnet50,integrated_gradients,mobilenet_v2,mean,75.0,0.106
imagenet,resnet50,integrated_gradients,mobilenet_v2,mean,80.0,0.074
imagenet,resnet50,integrated_gradients,mobilenet_v2,mean,85.0,0.045
imagenet,resnet50,integrated_gradients,mobilenet_v2,mean,90.0,0.022
imagenet,resnet50,integrated_gradients,mobilenet_v2,mean,95.0,0.009
imagenet,resnet50,integrated_gradients,mobilenet_v2,mean,100.0,0.003
imagenet,resnet50,integrated_gradients,mobilenet_v2,random_noise,0.0,0.801
imagenet,resnet50,integrated_gradients,mobilenet_v2,random_noise,5.0,0.748
imagenet,resnet50,integrated_gradients,mobilenet_v2,random_noise,10.0,0.698
imagenet,resnet50,integrated_gradients,mobilenet_v2,random_noise,15.0,0.654
imagenet,resnet50,integrated_gradients,mobilenet_v2,random_noise,20.0,0.607
imagenet,resnet50,integrated_gradients,mobilenet_v2,random_noise,25.0,0.568
imagenet,resnet50,integrated_gradients,mobilenet_v2,random_noise,30.0,0.513
imagenet,resnet50,integrated_gradients,mobilenet_v2,random_noise,35.0,0.461
imagenet,resnet50,integrated_gradients,mobilenet_v2,random_noise,40.0,0.407
imagenet,resnet50,integrated_gradients,mobilenet_v2,random_noise,45.0,0.365
imagenet,resnet50,integrated_gradients,mobilenet_v2,random_noise,50.0,0.305
imagenet,resnet50,integrated_gradients,mobilenet_v2,random_noise,55.0,0.252
imagenet,resnet50,integrated_gradients,mobilenet_v2,random_noise,60.0,0.204
imagenet,resnet50,integrated_gradients,mobilenet_v2,random_noise,65.0,0.139
imagenet,resnet50,integrated_gradients,mobilenet_v2,random_noise,70.0,0.099
imagenet,resnet50,integrated_gradients,mobilenet_v2,random_noise,75.0,0.063
imagenet,resnet50,integrated_gradients,mobilenet_v2,random_noise,80.0,0.043
imagenet,resnet50,integrated_gradients,mobilenet_v2,random_noise,85.0,0.026
imagenet,resnet50,integrated_gradients,mobilenet_v2,random_noise,90.0,0.009
imagenet,resnet50,integrated_gradients,mobilenet_v2,random_noise,95.0,0.003
imagenet,resnet50,integrated_gradients,mobilenet_v2,random_noise,100.0,0.001
imagenet,resnet50,integrated_gradients,mobilenet_v2,white,0.0,0.801
imagenet,resnet50,integrated_gradients,mobilenet_v2,white,5.0,0.655
imagenet,resnet50,integrated_gradients,mobilenet_v2,white,10.0,0.551
imagenet,resnet50,integrated_gradients,mobilenet_v2,white,15.0,0.485
imagenet,resnet50,integrated_gradients,mobilenet_v2,white,20.0,0.404
imagenet,resnet50,integrated_gradients,mobilenet_v2,white,25.0,0.351
imagenet,resnet50,integrated_gradients,mobilenet_v2,white,30.0,0.303
imagenet,resnet50,integrated_gradients,mobilenet_v2,white,35.0,0.245
imagenet,resnet50,integrated_gradients,mobilenet_v2,white,40.0,0.201
imagenet,resnet50,integrated_gradients,mobilenet_v2,white,45.0,0.179
imagenet,resnet50,integrated_gradients,mobilenet_v2,white,50.0,0.135
imagenet,resnet50,integrated_gradients,mobilenet_v2,white,55.0,0.112
imagenet,resnet50,integrated_gradients,mobilenet_v2,white,60.0,0.078
imagenet,resnet50,integrated_gradients,mobilenet_v2,white,65.0,0.063
imagenet,resnet50,integrated_gradients,mobilenet_v2,white,70.0,0.051
imagenet,resnet50,integrated_gradients,mobilenet_v2,white,75.0,0.035
imagenet,resnet50,integrated_gradients,mobilenet_v2,white,80.0,0.022
imagenet,resnet50,integrated_gradients,mobilenet_v2,white,85.0,0.012
imagenet,resnet50,integrated_gradients,mobilenet_v2,white,90.0,0.006
imagenet,resnet50,integrated_gradients,mobilenet_v2,white,95.0,0.005
imagenet,resnet50,integrated_gradients,mobilenet_v2,white,100.0,0.001
imagenet,resnet50,integrated_gradients,vgg16,black,0.0,0.818
imagenet,resnet50,integrated_gradients,vgg16,black,5.0,0.391
imagenet,resnet50,integrated_gradients,vgg16,black,10.0,0.248
imagenet,resnet50,integrated_gradients,vgg16,black,15.0,0.195
imagenet,resnet50,integrated_gradients,vgg16,black,20.0,0.157
imagenet,resnet50,integrated_gradients,vgg16,black,25.0,0.121
imagenet,resnet50,integrated_gradients,vgg16,black,30.0,0.091
imagenet,resnet50,integrated_gradients,vgg16,black,35.0,0.075
imagenet,resnet50,integrated_gradients,vgg16,black,40.0,0.045
imagenet,resnet50,integrated_gradients,vgg16,black,45.0,0.041
imagenet,resnet50,integrated_gradients,vgg16,black,50.0,0.03
imagenet,resnet50,integrated_gradients,vgg16,black,55.0,0.013
imagenet,resnet50,integrated_gradients,vgg16,black,60.0,0.007
imagenet,resnet50,integrated_gradients,vgg16,black,65.0,0.007
imagenet,resnet50,integrated_gradients,vgg16,black,70.0,0.003
imagenet,resnet50,integrated_gradients,vgg16,black,75.0,0.002
imagenet,resnet50,integrated_gradients,vgg16,black,80.0,0.001
imagenet,resnet50,integrated_gradients,vgg16,black,85.0,0.0
imagenet,resnet50,integrated_gradients,vgg16,black,90.0,0.001
imagenet,resnet50,integrated_gradients,vgg16,black,95.0,0.0
imagenet,resnet50,integrated_gradients,vgg16,black,100.0,0.001
imagenet,resnet50,integrated_gradients,vgg16,blur,0.0,0.818
imagenet,resnet50,integrated_gradients,vgg16,blur,5.0,0.799
imagenet,resnet50,integrated_gradients,vgg16,blur,10.0,0.776
imagenet,resnet50,integrated_gradients,vgg16,blur,15.0,0.743
imagenet,resnet50,integrated_gradients,vgg16,blur,20.0,0.711
imagenet,resnet50,integrated_gradients,vgg16,blur,25.0,0.666
imagenet,resnet50,integrated_gradients,vgg16,blur,30.0,0.627
imagenet,resnet50,integrated_gradients,vgg16,blur,35.0,0.584
imagenet,resnet50,integrated_gradients,vgg16,blur,40.0,0.53
imagenet,resnet50,integrated_gradients,vgg16,blur,45.0,0.479
imagenet,resnet50,integrated_gradients,vgg16,blur,50.0,0.408
imagenet,resnet50,integrated_gradients,vgg16,blur,55.0,0.349
imagenet,resnet50,integrated_gradients,vgg16,blur,60.0,0.265
imagenet,resnet50,integrated_gradients,vgg16,blur,65.0,0.216
imagenet,resnet50,integrated_gradients,vgg16,blur,70.0,0.155
imagenet,resnet50,integrated_gradients,vgg16,blur,75.0,0.114
imagenet,resnet50,integrated_gradients,vgg16,blur,80.0,0.063
imagenet,resnet50,integrated_gradients,vgg16,blur,85.0,0.032
imagenet,resnet50,integrated_gradients,vgg16,blur,90.0,0.016
imagenet,resnet50,integrated_gradients,vgg16,blur,95.0,0.012
imagenet,resnet50,integrated_gradients,vgg16,blur,100.0,0.034
imagenet,resnet50,integrated_gradients,vgg16,gray,0.0,0.818
imagenet,resnet50,integrated_gradients,vgg16,gray,5.0,0.708
imagenet,resnet50,integrated_gradients,vgg16,gray,10.0,0.608
imagenet,resnet50,integrated_gradients,vgg16,gray,15.0,0.529
imagenet,resnet50,integrated_gradients,vgg16,gray,20.0,0.481
imagenet,resnet50,integrated_gradients,vgg16,gray,25.0,0.426
imagenet,resnet50,integrated_gradients,vgg16,gray,30.0,0.37
imagenet,resnet50,integrated_gradients,vgg16,gray,35.0,0.312
imagenet,resnet50,integrated_gradients,vgg16,gray,40.0,0.252
imagenet,resnet50,integrated_gradients,vgg16,gray,45.0,0.208
imagenet,resnet50,integrated_gradients,vgg16,gray,50.0,0.182
imagenet,resnet50,integrated_gradients,vgg16,gray,55.0,0.12
imagenet,resnet50,integrated_gradients,vgg16,gray,60.0,0.097
imagenet,resnet50,integrated_gradients,vgg16,gray,65.0,0.065
imagenet,resnet50,integrated_gradients,vgg16,gray,70.0,0.039
imagenet,resnet50,integrated_gradients,vgg16,gray,75.0,0.028
imagenet,resnet50,integrated_gradients,vgg16,gray,80.0,0.014
imagenet,resnet50,integrated_gradients,vgg16,gray,85.0,0.005
imagenet,resnet50,integrated_gradients,vgg16,gray,90.0,0.004
imagenet,resnet50,integrated_gradients,vgg16,gray,95.0,0.002
imagenet,resnet50,integrated_gradients,vgg16,gray,100.0,0.001
imagenet,resnet50,integrated_gradients,vgg16,mean,0.0,0.818
imagenet,resnet50,integrated_gradients,vgg16,mean,5.0,0.724
imagenet,resnet50,integrated_gradients,vgg16,mean,10.0,0.66
imagenet,resnet50,integrated_gradients,vgg16,mean,15.0,0.599
imagenet,resnet50,integrated_gradients,vgg16,mean,20.0,0.55
imagenet,resnet50,integrated_gradients,vgg16,mean,25.0,0.504
imagenet,resnet50,integrated_gradients,vgg16,mean,30.0,0.453
imagenet,resnet50,integrated_gradients,vgg16,mean,35.0,0.387
imagenet,resnet50,integrated_gradients,vgg16,mean,40.0,0.331
imagenet,resnet50,integrated_gradients,vgg16,mean,45.0,0.269
imagenet,resnet50,integrated_gradients,vgg16,mean,50.0,0.218
imagenet,resnet50,integrated_gradients,vgg16,mean,55.0,0.161
imagenet,resnet50,integrated_gradients,vgg16,mean,60.0,0.118
imagenet,resnet50,integrated_gradients,vgg16,mean,65.0,0.083
imagenet,resnet50,integrated_gradients,vgg16,mean,70.0,0.063
imagenet,resnet50,integrated_gradients,vgg16,mean,75.0,0.041
imagenet,resnet50,integrated_gradients,vgg16,mean,80.0,0.024
imagenet,resnet50,integrated_gradients,vgg16,mean,85.0,0.011
imagenet,resnet50,integrated_gradients,vgg16,mean,90.0,0.003
imagenet,resnet50,integrated_gradients,vgg16,mean,95.0,0.001
imagenet,resnet50,integrated_gradients,vgg16,mean,100.0,0.002
imagenet,resnet50,integrated_gradients,vgg16,random_noise,0.0,0.818
imagenet,resnet50,integrated_gradients,vgg16,random_noise,5.0,0.7
imagenet,resnet50,integrated_gradients,vgg16,random_noise,10.0,0.592
imagenet,resnet50,integrated_gradients,vgg16,random_noise,15.0,0.521
imagenet,resnet50,integrated_gradients,vgg16,random_noise,20.0,0.479
imagenet,resnet50,integrated_gradients,vgg16,random_noise,25.0,0.424
imagenet,resnet50,integrated_gradients,vgg16,random_noise,30.0,0.378
imagenet,resnet50,integrated_gradients,vgg16,random_noise,35.0,0.323
imagenet,resnet50,integrated_gradients,vgg16,random_noise,40.0,0.279
imagenet,resnet50,integrated_gradients,vgg16,random_noise,45.0,0.233
imagenet,resnet50,integrated_gradients,vgg16,random_noise,50.0,0.185
imagenet,resnet50,integrated_gradients,vgg16,random_noise,55.0,0.152
imagenet,resnet50,integrated_gradients,vgg16,random_noise,60.0,0.117
imagenet,resnet50,integrated_gradients,vgg16,random_noise,65.0,0.091
imagenet,resnet50,integrated_gradients,vgg16,random_noise,70.0,0.061
imagenet,resnet50,integrated_gradients,vgg16,random_noise,75.0,0.042
imagenet,resnet50,integrated_gradients,vgg16,random_noise,80.0,0.029
imagenet,resnet50,integrated_gradients,vgg16,random_noise,85.0,0.02
imagenet,resnet50,integrated_gradients,vgg16,random_noise,90.0,0.003
imagenet,resnet50,integrated_gradients,vgg16,random_noise,95.0,0.002
imagenet,resnet50,integrated_gradients,vgg16,random_noise,100.0,0.001
imagenet,resnet50,integrated_gradients,vgg16,white,0.0,0.818
imagenet,resnet50,integrated_gradients,vgg16,white,5.0,0.37
imagenet,resnet50,integrated_gradients,vgg16,white,10.0,0.249
imagenet,resnet50,integrated_gradients,vgg16,white,15.0,0.185
imagenet,resnet50,integrated_gradients,vgg16,white,20.0,0.143
imagenet,resnet50,integrated_gradients,vgg16,white,25.0,0.116
imagenet,resnet50,integrated_gradients,vgg16,white,30.0,0.087
imagenet,resnet50,integrated_gradients,vgg16,white,35.0,0.074
imagenet,resnet50,integrated_gradients,vgg16,white,40.0,0.053
imagenet,resnet50,integrated_gradients,vgg16,white,45.0,0.047
imagenet,resnet50,integrated_gradients,vgg16,white,50.0,0.034
imagenet,resnet50,integrated_gradients,vgg16,white,55.0,0.03
imagenet,resnet50,integrated_gradients,vgg16,white,60.0,0.018
imagenet,resnet50,integrated_gradients,vgg16,white,65.0,0.016
imagenet,resnet50,integrated_gradients,vgg16,white,70.0,0.016
imagenet,resnet50,integrated_gradients,vgg16,white,75.0,0.006
imagenet,resnet50,integrated_gradients,vgg16,white,80.0,0.005
imagenet,resnet50,integrated_gradients,vgg16,white,85.0,0.002
imagenet,resnet50,integrated_gradients,vgg16,white,90.0,0.001
imagenet,resnet50,integrated_gradients,vgg16,white,95.0,0.001
imagenet,resnet50,integrated_gradients,vgg16,white,100.0,0.001
imagenet,resnet50,saliency,mobilenet_v2,black,0.0,0.801
imagenet,resnet50,saliency,mobilenet_v2,black,5.0,0.678
imagenet,resnet50,saliency,mobilenet_v2,black,10.0,0.586
imagenet,resnet50,saliency,mobilenet_v2,black,15.0,0.501
imagenet,resnet50,saliency,mobilenet_v2,black,20.0,0.415
imagenet,resnet50,saliency,mobilenet_v2,black,25.0,0.354
imagenet,resnet50,saliency,mobilenet_v2,black,30.0,0.282
imagenet,resnet50,saliency,mobilenet_v2,black,35.0,0.223
imagenet,resnet50,saliency,mobilenet_v2,black,40.0,0.171
imagenet,resnet50,saliency,mobilenet_v2,black,45.0,0.134
imagenet,resnet50,saliency,mobilenet_v2,black,50.0,0.105
imagenet,resnet50,saliency,mobilenet_v2,black,55.0,0.076
imagenet,resnet50,saliency,mobilenet_v2,black,60.0,0.053
imagenet,resnet50,saliency,mobilenet_v2,black,65.0,0.036
imagenet,resnet50,saliency,mobilenet_v2,black,70.0,0.027
imagenet,resnet50,saliency,mobilenet_v2,black,75.0,0.014
imagenet,resnet50,saliency,mobilenet_v2,black,80.0,0.009
imagenet,resnet50,saliency,mobilenet_v2,black,85.0,0.002
imagenet,resnet50,saliency,mobilenet_v2,black,90.0,0.0
imagenet,resnet50,saliency,mobilenet_v2,black,95.0,0.0
imagenet,resnet50,saliency,mobilenet_v2,black,100.0,0.001
imagenet,resnet50,saliency,mobilenet_v2,blur,0.0,0.801
imagenet,resnet50,saliency,mobilenet_v2,blur,5.0,0.774
imagenet,resnet50,saliency,mobilenet_v2,blur,10.0,0.729
imagenet,resnet50,saliency,mobilenet_v2,blur,15.0,0.696
imagenet,resnet50,saliency,mobilenet_v2,blur,20.0,0.669
imagenet,resnet50,saliency,mobilenet_v2,blur,25.0,0.609
imagenet,resnet50,saliency,mobilenet_v2,blur,30.0,0.55
imagenet,resnet50,saliency,mobilenet_v2,blur,35.0,0.52
imagenet,resnet50,saliency,mobilenet_v2,blur,40.0,0.447
imagenet,resnet50,saliency,mobilenet_v2,blur,45.0,0.396
imagenet,resnet50,saliency,mobilenet_v2,blur,50.0,0.326
imagenet,resnet50,saliency,mobilenet_v2,blur,55.0,0.267
imagenet,resnet50,saliency,mobilenet_v2,blur,60.0,0.204
imagenet,resnet50,saliency,mobilenet_v2,blur,65.0,0.142
imagenet,resnet50,saliency,mobilenet_v2,blur,70.0,0.095
imagenet,resnet50,saliency,mobilenet_v2,blur,75.0,0.072
imagenet,resnet50,saliency,mobilenet_v2,blur,80.0,0.043
imagenet,resnet50,saliency,mobilenet_v2,blur,85.0,0.029
imagenet,resnet50,saliency,mobilenet_v2,blur,90.0,0.028
imagenet,resnet50,saliency,mobilenet_v2,blur,95.0,0.033
imagenet,resnet50,saliency,mobilenet_v2,blur,100.0,0.056
imagenet,resnet50,saliency,mobilenet_v2,gray,0.0,0.801
imagenet,resnet50,saliency,mobilenet_v2,gray,5.0,0.727
imagenet,resnet50,saliency,mobilenet_v2,gray,10.0,0.65
imagenet,resnet50,saliency,mobilenet_v2,gray,15.0,0.588
imagenet,resnet50,saliency,mobilenet_v2,gray,20.0,0.513
imagenet,resnet50,saliency,mobilenet_v2,gray,25.0,0.449
imagenet,resnet50,saliency,mobilenet_v2,gray,30.0,0.385
imagenet,resnet50,saliency,mobilenet_v2,gray,35.0,0.319
imagenet,resnet50,saliency,mobilenet_v2,gray,40.0,0.278
imagenet,resnet50,saliency,mobilenet_v2,gray,45.0,0.225
imagenet,resnet50,saliency,mobilenet_v2,gray,50.0,0.178
imagenet,resnet50,saliency,mobilenet_v2,gray,55.0,0.135
imagenet,resnet50,saliency,mobilenet_v2,gray,60.0,0.106
imagenet,resnet50,saliency,mobilenet_v2,gray,65.0,0.074
imagenet,resnet50,saliency,mobilenet_v2,gray,70.0,0.052
imagenet,resnet50,saliency,mobilenet_v2,gray,75.0,0.029
imagenet,resnet50,saliency,mobilenet_v2,gray,80.0,0.023
imagenet,resnet50,saliency,mobilenet_v2,gray,85.0,0.012
imagenet,resnet50,saliency,mobilenet_v2,gray,90.0,0.003
imagenet,resnet50,saliency,mobilenet_v2,gray,95.0,0.001
imagenet,resnet50,saliency,mobilenet_v2,gray,100.0,0.001
imagenet,resnet50,saliency,mobilenet_v2,mean,0.0,0.801
imagenet,resnet50,saliency,mobilenet_v2,mean,5.0,0.739
imagenet,resnet50,saliency,mobilenet_v2,mean,10.0,0.685
imagenet,resnet50,saliency,mobilenet_v2,mean,15.0,0.631
imagenet,resnet50,saliency,mobilenet_v2,mean,20.0,0.56
imagenet,resnet50,saliency,mobilenet_v2,mean,25.0,0.505
imagenet,resnet50,saliency,mobilenet_v2,mean,30.0,0.444
imagenet,resnet50,saliency,mobilenet_v2,mean,35.0,0.388
imagenet,resnet50,saliency,mobilenet_v2,mean,40.0,0.316
imagenet,resnet50,saliency,mobilenet_v2,mean,45.0,0.266
imagenet,resnet50,saliency,mobilenet_v2,mean,50.0,0.212
imagenet,resnet50,saliency,mobilenet_v2,mean,55.0,0.169
imagenet,resnet50,saliency,mobilenet_v2,mean,60.0,0.13
imagenet,resnet50,saliency,mobilenet_v2,mean,65.0,0.09
imagenet,resnet50,saliency,mobilenet_v2,mean,70.0,0.058
imagenet,resnet50,saliency,mobilenet_v2,mean,75.0,0.035
imagenet,resnet50,saliency,mobilenet_v2,mean,80.0,0.019
imagenet,resnet50,saliency,mobilenet_v2,mean,85.0,0.015
imagenet,resnet50,saliency,mobilenet_v2,mean,90.0,0.008
imagenet,resnet50,saliency,mobilenet_v2,mean,95.0,0.006
imagenet,resnet50,saliency,mobilenet_v2,mean,100.0,0.003
imagenet,resnet50,saliency,mobilenet_v2,random_noise,0.0,0.801
imagenet,resnet50,saliency,mobilenet_v2,random_noise,5.0,0.733
imagenet,resnet50,saliency,mobilenet_v2,random_noise,10.0,0.658
imagenet,resnet50,saliency,mobilenet_v2,random_noise,15.0,0.59
imagenet,resnet50,saliency,mobilenet_v2,random_noise,20.0,0.509
imagenet,resnet50,saliency,mobilenet_v2,random_noise,25.0,0.44
imagenet,resnet50,saliency,mobilenet_v2,random_noise,30.0,0.373
imagenet,resnet50,saliency,mobilenet_v2,random_noise,35.0,0.32
imagenet,resnet50,saliency,mobilenet_v2,random_noise,40.0,0.274
imagenet,resnet50,saliency,mobilenet_v2,random_noise,45.0,0.209
imagenet,resnet50,saliency,mobilenet_v2,random_noise,50.0,0.179
imagenet,resnet50,saliency,mobilenet_v2,random_noise,55.0,0.136
imagenet,resnet50,saliency,mobilenet_v2,random_noise,60.0,0.096
imagenet,resnet50,saliency,mobilenet_v2,random_noise,65.0,0.066
imagenet,resnet50,saliency,mobilenet_v2,random_noise,70.0,0.046
imagenet,resnet50,saliency,mobilenet_v2,random_noise,75.0,0.022
imagenet,resnet50,saliency,mobilenet_v2,random_noise,80.0,0.016
imagenet,resnet50,saliency,mobilenet_v2,random_noise,85.0,0.012
imagenet,resnet50,saliency,mobilenet_v2,random_noise,90.0,0.005
imagenet,resnet50,saliency,mobilenet_v2,random_noise,95.0,0.0
imagenet,resnet50,saliency,mobilenet_v2,random_noise,100.0,0.001
imagenet,resnet50,saliency,mobilenet_v2,white,0.0,0.801
imagenet,resnet50,saliency,mobilenet_v2,white,5.0,0.651
imagenet,resnet50,saliency,mobilenet_v2,white,10.0,0.525
imagenet,resnet50,saliency,mobilenet_v2,white,15.0,0.419
imagenet,resnet50,saliency,mobilenet_v2,white,20.0,0.333
imagenet,resnet50,saliency,mobilenet_v2,white,25.0,0.278
imagenet,resnet50,saliency,mobilenet_v2,white,30.0,0.207
imagenet,resnet50,saliency,mobilenet_v2,white,35.0,0.159
imagenet,resnet50,saliency,mobilenet_v2,white,40.0,0.123
imagenet,resnet50,saliency,mobilenet_v2,white,45.0,0.092
imagenet,resnet50,saliency,mobilenet_v2,white,50.0,0.066
imagenet,resnet50,saliency,mobilenet_v2,white,55.0,0.039
imagenet,resnet50,saliency,mobilenet_v2,white,60.0,0.031
imagenet,resnet50,saliency,mobilenet_v2,white,65.0,0.023
imagenet,resnet50,saliency,mobilenet_v2,white,70.0,0.016
imagenet,resnet50,saliency,mobilenet_v2,white,75.0,0.012
imagenet,resnet50,saliency,mobilenet_v2,white,80.0,0.004
imagenet,resnet50,saliency,mobilenet_v2,white,85.0,0.002
imagenet,resnet50,saliency,mobilenet_v2,white,90.0,0.002
imagenet,resnet50,saliency,mobilenet_v2,white,95.0,0.001
imagenet,resnet50,saliency,mobilenet_v2,white,100.0,0.001
imagenet,resnet50,saliency,vgg16,black,0.0,0.818
imagenet,resnet50,saliency,vgg16,black,5.0,0.34
imagenet,resnet50,saliency,vgg16,black,10.0,0.223
imagenet,resnet50,saliency,vgg16,black,15.0,0.164
imagenet,resnet50,saliency,vgg16,black,20.0,0.101
imagenet,resnet50,saliency,vgg16,black,25.0,0.081
imagenet,resnet50,saliency,vgg16,black,30.0,0.063
imagenet,resnet50,saliency,vgg16,black,35.0,0.045
imagenet,resnet50,saliency,vgg16,black,40.0,0.028
imagenet,resnet50,saliency,vgg16,black,45.0,0.02
imagenet,resnet50,saliency,vgg16,black,50.0,0.006
imagenet,resnet50,saliency,vgg16,black,55.0,0.007
imagenet,resnet50,saliency,vgg16,black,60.0,0.004
imagenet,resnet50,saliency,vgg16,black,65.0,0.003
imagenet,resnet50,saliency,vgg16,black,70.0,0.003
imagenet,resnet50,saliency,vgg16,black,75.0,0.002
imagenet,resnet50,saliency,vgg16,black,80.0,0.002
imagenet,resnet50,saliency,vgg16,black,85.0,0.001
imagenet,resnet50,saliency,vgg16,black,90.0,0.001
imagenet,resnet50,saliency,vgg16,black,95.0,0.0
imagenet,resnet50,saliency,vgg16,black,100.0,0.001
imagenet,resnet50,saliency,vgg16,blur,0.0,0.818
imagenet,resnet50,saliency,vgg16,blur,5.0,0.775
imagenet,resnet50,saliency,vgg16,blur,10.0,0.76
imagenet,resnet50,saliency,vgg16,blur,15.0,0.705
imagenet,resnet50,saliency,vgg16,blur,20.0,0.66
imagenet,resnet50,saliency,vgg16,blur,25.0,0.604
imagenet,resnet50,saliency,vgg16,blur,30.0,0.553
imagenet,resnet50,saliency,vgg16,blur,35.0,0.496
imagenet,resnet50,saliency,vgg16,blur,40.0,0.431
imagenet,resnet50,saliency,vgg16,blur,45.0,0.365
imagenet,resnet50,saliency,vgg16,blur,50.0,0.286
imagenet,resnet50,saliency,vgg16,blur,55.0,0.217
imagenet,resnet50,saliency,vgg16,blur,60.0,0.154
imagenet,resnet50,saliency,vgg16,blur,65.0,0.113
imagenet,resnet50,saliency,vgg16,blur,70.0,0.088
imagenet,resnet50,saliency,vgg16,blur,75.0,0.061
imagenet,resnet50,saliency,vgg16,blur,80.0,0.034
imagenet,resnet50,saliency,vgg16,blur,85.0,0.018
imagenet,resnet50,saliency,vgg16,blur,90.0,0.017
imagenet,resnet50,saliency,vgg16,blur,95.0,0.014
imagenet,resnet50,saliency,vgg16,blur,100.0,0.034
imagenet,resnet50,saliency,vgg16,gray,0.0,0.818
imagenet,resnet50,saliency,vgg16,gray,5.0,0.613
imagenet,resnet50,saliency,vgg16,gray,10.0,0.492
imagenet,resnet50,saliency,vgg16,gray,15.0,0.422
imagenet,resnet50,saliency,vgg16,gray,20.0,0.362
imagenet,resnet50,saliency,vgg16,gray,25.0,0.288
imagenet,resnet50,saliency,vgg16,gray,30.0,0.239
imagenet,resnet50,saliency,vgg16,gray,35.0,0.189
imagenet,resnet50,saliency,vgg16,gray,40.0,0.155
imagenet,resnet50,saliency,vgg16,gray,45.0,0.122
imagenet,resnet50,saliency,vgg16,gray,50.0,0.087
imagenet,resnet50,saliency,vgg16,gray,55.0,0.065
imagenet,resnet50,saliency,vgg16,gray,60.0,0.05
imagenet,resnet50,saliency,vgg16,gray,65.0,0.038
imagenet,resnet50,saliency,vgg16,gray,70.0,0.024
imagenet,resnet50,saliency,vgg16,gray,75.0,0.019
imagenet,resnet50,saliency,vgg16,gray,80.0,0.009
imagenet,resnet50,saliency,vgg16,gray,85.0,0.003
imagenet,resnet50,saliency,vgg16,gray,90.0,0.002
imagenet,resnet50,saliency,vgg16,gray,95.0,0.003
imagenet,resnet50,saliency,vgg16,gray,100.0,0.001
imagenet,resnet50,saliency,vgg16,mean,0.0,0.818
imagenet,resnet50,saliency,vgg16,mean,5.0,0.671
imagenet,resnet50,saliency,vgg16,mean,10.0,0.57
imagenet,resnet50,saliency,vgg16,mean,15.0,0.506
imagenet,resnet50,saliency,vgg16,mean,20.0,0.434
imagenet,resnet50,saliency,vgg16,mean,25.0,0.37
imagenet,resnet50,saliency,vgg16,mean,30.0,0.316
imagenet,resnet50,saliency,vgg16,mean,35.0,0.261
imagenet,resnet50,saliency,vgg16,mean,40.0,0.197
imagenet,resnet50,saliency,vgg16,mean,45.0,0.151
imagenet,resnet50,saliency,vgg16,mean,50.0,0.112
imagenet,resnet50,saliency,vgg16,mean,55.0,0.082
imagenet,resnet50,saliency,vgg16,mean,60.0,0.068
imagenet,resnet50,saliency,vgg16,mean,65.0,0.054
imagenet,resnet50,saliency,vgg16,mean,70.0,0.035
imagenet,resnet50,saliency,vgg16,mean,75.0,0.025
imagenet,resnet50,saliency,vgg16,mean,80.0,0.01
imagenet,resnet50,saliency,vgg16,mean,85.0,0.003
imagenet,resnet50,saliency,vgg16,mean,90.0,0.002
imagenet,resnet50,saliency,vgg16,mean,95.0,0.001
imagenet,resnet50,saliency,vgg16,mean,100.0,0.002
imagenet,resnet50,saliency,vgg16,random_noise,0.0,0.818
imagenet,resnet50,saliency,vgg16,random_noise,5.0,0.603
imagenet,resnet50,saliency,vgg16,random_noise,10.0,0.479
imagenet,resnet50,saliency,vgg16,random_noise,15.0,0.4
imagenet,resnet50,saliency,vgg16,random_noise,20.0,0.347
imagenet,resnet50,saliency,vgg16,random_noise,25.0,0.276
imagenet,resnet50,saliency,vgg16,random_noise,30.0,0.233
imagenet,resnet50,saliency,vgg16,random_noise,35.0,0.199
imagenet,resnet50,saliency,vgg16,random_noise,40.0,0.162
imagenet,resnet50,saliency,vgg16,random_noise,45.0,0.128
imagenet,resnet50,saliency,vgg16,random_noise,50.0,0.103
imagenet,resnet50,saliency,vgg16,random_noise,55.0,0.08
imagenet,resnet50,saliency,vgg16,random_noise,60.0,0.063
imagenet,resnet50,saliency,vgg16,random_noise,65.0,0.045
imagenet,resnet50,saliency,vgg16,random_noise,70.0,0.036
imagenet,resnet50,saliency,vgg16,random_noise,75.0,0.026
imagenet,resnet50,saliency,vgg16,random_noise,80.0,0.015
imagenet,resnet50,saliency,vgg16,random_noise,85.0,0.01
imagenet,resnet50,saliency,vgg16,random_noise,90.0,0.003
imagenet,resnet50,saliency,vgg16,random_noise,95.0,0.002
imagenet,resnet50,saliency,vgg16,random_noise,100.0,0.001
imagenet,resnet50,saliency,vgg16,white,0.0,0.818
imagenet,resnet50,saliency,vgg16,white,5.0,0.323
imagenet,resnet50,saliency,vgg16,white,10.0,0.173
imagenet,resnet50,saliency,vgg16,white,15.0,0.118
imagenet,resnet50,saliency,vgg16,white,20.0,0.09
imagenet,resnet50,saliency,vgg16,white,25.0,0.068
imagenet,resnet50,saliency,vgg16,white,30.0,0.046
imagenet,resnet50,saliency,vgg16,white,35.0,0.033
imagenet,resnet50,saliency,vgg16,white,40.0,0.027
imagenet,resnet50,saliency,vgg16,white,45.0,0.021
imagenet,resnet50,saliency,vgg16,white,50.0,0.015
imagenet,resnet50,saliency,vgg16,white,55.0,0.011
imagenet,resnet50,saliency,vgg16,white,60.0,0.009
imagenet,resnet50,saliency,vgg16,white,65.0,0.007
imagenet,resnet50,saliency,vgg16,white,70.0,0.004
imagenet,resnet50,saliency,vgg16,white,75.0,0.003
imagenet,resnet50,saliency,vgg16,white,80.0,0.002
imagenet,resnet50,saliency,vgg16,white,85.0,0.002
imagenet,resnet50,saliency,vgg16,white,90.0,0.001
imagenet,resnet50,saliency,vgg16,white,95.0,0.001
imagenet,resnet50,saliency,vgg16,white,100.0,0.001
imagenet,resnet50,smoothgrad,mobilenet_v2,black,0.0,0.801
imagenet,resnet50,smoothgrad,mobilenet_v2,black,5.0,0.784
imagenet,resnet50,smoothgrad,mobilenet_v2,black,10.0,0.752
imagenet,resnet50,smoothgrad,mobilenet_v2,black,15.0,0.733
imagenet,resnet50,smoothgrad,mobilenet_v2,black,20.0,0.692
imagenet,resnet50,smoothgrad,mobilenet_v2,black,25.0,0.655
imagenet,resnet50,smoothgrad,mobilenet_v2,black,30.0,0.605
imagenet,resnet50,smoothgrad,mobilenet_v2,black,35.0,0.568
imagenet,resnet50,smoothgrad,mobilenet_v2,black,40.0,0.514
imagenet,resnet50,smoothgrad,mobilenet_v2,black,45.0,0.47
imagenet,resnet50,smoothgrad,mobilenet_v2,black,50.0,0.418
imagenet,resnet50,smoothgrad,mobilenet_v2,black,55.0,0.358
imagenet,resnet50,smoothgrad,mobilenet_v2,black,60.0,0.28
imagenet,resnet50,smoothgrad,mobilenet_v2,black,65.0,0.209
imagenet,resnet50,smoothgrad,mobilenet_v2,black,70.0,0.146
imagenet,resnet50,smoothgrad,mobilenet_v2,black,75.0,0.106
imagenet,resnet50,smoothgrad,mobilenet_v2,black,80.0,0.072
imagenet,resnet50,smoothgrad,mobilenet_v2,black,85.0,0.039
imagenet,resnet50,smoothgrad,mobilenet_v2,black,90.0,0.015
imagenet,resnet50,smoothgrad,mobilenet_v2,black,95.0,0.003
imagenet,resnet50,smoothgrad,mobilenet_v2,black,100.0,0.001
imagenet,resnet50,smoothgrad,mobilenet_v2,blur,0.0,0.801
imagenet,resnet50,smoothgrad,mobilenet_v2,blur,5.0,0.789
imagenet,resnet50,smoothgrad,mobilenet_v2,blur,10.0,0.784
imagenet,resnet50,smoothgrad,mobilenet_v2,blur,15.0,0.77
imagenet,resnet50,smoothgrad,mobilenet_v2,blur,20.0,0.746
imagenet,resnet50,smoothgrad,mobilenet_v2,blur,25.0,0.735
imagenet,resnet50,smoothgrad,mobilenet_v2,blur,30.0,0.715
imagenet,resnet50,smoothgrad,mobilenet_v2,blur,35.0,0.682
imagenet,resnet50,smoothgrad,mobilenet_v2,blur,40.0,0.657
imagenet,resnet50,smoothgrad,mobilenet_v2,blur,45.0,0.622
imagenet,resnet50,smoothgrad,mobilenet_v2,blur,50.0,0.577
imagenet,resnet50,smoothgrad,mobilenet_v2,blur,55.0,0.538
imagenet,resnet50,smoothgrad,mobilenet_v2,blur,60.0,0.463
imagenet,resnet50,smoothgrad,mobilenet_v2,blur,65.0,0.399
imagenet,resnet50,smoothgrad,mobilenet_v2,blur,70.0,0.339
imagenet,resnet50,smoothgrad,mobilenet_v2,blur,75.0,0.265
imagenet,resnet50,smoothgrad,mobilenet_v2,blur,80.0,0.196
imagenet,resnet50,smoothgrad,mobilenet_v2,blur,85.0,0.12
imagenet,resnet50,smoothgrad,mobilenet_v2,blur,90.0,0.078
imagenet,resnet50,smoothgrad,mobilenet_v2,blur,95.0,0.051
imagenet,resnet50,smoothgrad,mobilenet_v2,blur,100.0,0.056
imagenet,resnet50,smoothgrad,mobilenet_v2,gray,0.0,0.801
imagenet,resnet50,smoothgrad,mobilenet_v2,gray,5.0,0.791
imagenet,resnet50,smoothgrad,mobilenet_v2,gray,10.0,0.759
imagenet,resnet50,smoothgrad,mobilenet_v2,gray,15.0,0.745
imagenet,resnet50,smoothgrad,mobilenet_v2,gray,20.0,0.728
imagenet,resnet50,smoothgrad,mobilenet_v2,gray,25.0,0.7
imagenet,resnet50,smoothgrad,mobilenet_v2,gray,30.0,0.659
imagenet,resnet50,smoothgrad,mobilenet_v2,gray,35.0,0.619
imagenet,resnet50,smoothgrad,mobilenet_v2,gray,40.0,0.575
imagenet,resnet50,smoothgrad,mobilenet_v2,gray,45.0,0.542
imagenet,resnet50,smoothgrad,mobilenet_v2,gray,50.0,0.491
imagenet,resnet50,smoothgrad,mobilenet_v2,gray,55.0,0.423
imagenet,resnet50,smoothgrad,mobilenet_v2,gray,60.0,0.369
imagenet,resnet50,smoothgrad,mobilenet_v2,gray,65.0,0.297
imagenet,resnet50,smoothgrad,mobilenet_v2,gray,70.0,0.239
imagenet,resnet50,smoothgrad,mobilenet_v2,gray,75.0,0.183
imagenet,resnet50,smoothgrad,mobilenet_v2,gray,80.0,0.128
imagenet,resnet50,smoothgrad,mobilenet_v2,gray,85.0,0.074
imagenet,resnet50,smoothgrad,mobilenet_v2,gray,90.0,0.033
imagenet,resnet50,smoothgrad,mobilenet_v2,gray,95.0,0.011
imagenet,resnet50,smoothgrad,mobilenet_v2,gray,100.0,0.001
imagenet,resnet50,smoothgrad,mobilenet_v2,mean,0.0,0.801
imagenet,resnet50,smoothgrad,mobilenet_v2,mean,5.0,0.788
imagenet,resnet50,smoothgrad,mobilenet_v2,mean,10.0,0.766
imagenet,resnet50,smoothgrad,mobilenet_v2,mean,15.0,0.747
imagenet,resnet50,smoothgrad,mobilenet_v2,mean,20.0,0.736
imagenet,resnet50,smoothgrad,mobilenet_v2,mean,25.0,0.705
imagenet,resnet50,smoothgrad,mobilenet_v2,mean,30.0,0.664
imagenet,resnet50,smoothgrad,mobilenet_v2,mean,35.0,0.625
imagenet,resnet50,smoothgrad,mobilenet_v2,mean,40.0,0.606
imagenet,resnet50,smoothgrad,mobilenet_v2,mean,45.0,0.563
imagenet,resnet50,smoothgrad,mobilenet_v2,mean,50.0,0.517
imagenet,resnet50,smoothgrad,mobilenet_v2,mean,55.0,0.475
imagenet,resnet50,smoothgrad,mobilenet_v2,mean,60.0,0.387
imagenet,resnet50,smoothgrad,mobilenet_v2,mean,65.0,0.327
imagenet,resnet50,smoothgrad,mobilenet_v2,mean,70.0,0.266
imagenet,resnet50,smoothgrad,mobilenet_v2,mean,75.0,0.21
imagenet,resnet50,smoothgrad,mobilenet_v2,mean,80.0,0.14
imagenet,resnet50,smoothgrad,mobilenet_v2,mean,85.0,0.084
imagenet,resnet50,smoothgrad,mobilenet_v2,mean,90.0,0.041
imagenet,resnet50,smoothgrad,mobilenet_v2,mean,95.0,0.02
imagenet,resnet50,smoothgrad,mobilenet_v2,mean,100.0,0.003
imagenet,resnet50,smoothgrad,mobilenet_v2,random_noise,0.0,0.801
imagenet,resnet50,smoothgrad,mobilenet_v2,random_noise,5.0,0.79
imagenet,resnet50,smoothgrad,mobilenet_v2,random_noise,10.0,0.769
imagenet,resnet50,smoothgrad,mobilenet_v2,random_noise,15.0,0.754
imagenet,resnet50,smoothgrad,mobilenet_v2,random_noise,20.0,0.731
imagenet,resnet50,smoothgrad,mobilenet_v2,random_noise,25.0,0.696
imagenet,resnet50,smoothgrad,mobilenet_v2,random_noise,30.0,0.653
imagenet,resnet50,smoothgrad,mobilenet_v2,random_noise,35.0,0.609
imagenet,resnet50,smoothgrad,mobilenet_v2,random_noise,40.0,0.569
imagenet,resnet50,smoothgrad,mobilenet_v2,random_noise,45.0,0.519
imagenet,resnet50,smoothgrad,mobilenet_v2,random_noise,50.0,0.468
imagenet,resnet50,smoothgrad,mobilenet_v2,random_noise,55.0,0.403
imagenet,resnet50,smoothgrad,mobilenet_v2,random_noise,60.0,0.344
imagenet,resnet50,smoothgrad,mobilenet_v2,random_noise,65.0,0.308
imagenet,resnet50,smoothgrad,mobilenet_v2,random_noise,70.0,0.234
imagenet,resnet50,smoothgrad,mobilenet_v2,random_noise,75.0,0.171
imagenet,resnet50,smoothgrad,mobilenet_v2,random_noise,80.0,0.122
imagenet,resnet50,smoothgrad,mobilenet_v2,random_noise,85.0,0.062
imagenet,resnet50,smoothgrad,mobilenet_v2,random_noise,90.0,0.03
imagenet,resnet50,smoothgrad,mobilenet_v2,random_noise,95.0,0.01
imagenet,resnet50,smoothgrad,mobilenet_v2,random_noise,100.0,0.001
imagenet,resnet50,smoothgrad,mobilenet_v2,white,0.0,0.801
imagenet,resnet50,smoothgrad,mobilenet_v2,white,5.0,0.773
imagenet,resnet50,smoothgrad,mobilenet_v2,white,10.0,0.738
imagenet,resnet50,smoothgrad,mobilenet_v2,white,15.0,0.704
imagenet,resnet50,smoothgrad,mobilenet_v2,white,20.0,0.662
imagenet,resnet50,smoothgrad,mobilenet_v2,white,25.0,0.632
imagenet,resnet50,smoothgrad,mobilenet_v2,white,30.0,0.584
imagenet,resnet50,smoothgrad,mobilenet_v2,white,35.0,0.534
imagenet,resnet50,smoothgrad,mobilenet_v2,white,40.0,0.479
imagenet,resnet50,smoothgrad,mobilenet_v2,white,45.0,0.434
imagenet,resnet50,smoothgrad,mobilenet_v2,white,50.0,0.381
imagenet,resnet50,smoothgrad,mobilenet_v2,white,55.0,0.326
imagenet,resnet50,smoothgrad,mobilenet_v2,white,60.0,0.266
imagenet,resnet50,smoothgrad,mobilenet_v2,white,65.0,0.212
imagenet,resnet50,smoothgrad,mobilenet_v2,white,70.0,0.156
imagenet,resnet50,smoothgrad,mobilenet_v2,white,75.0,0.1
imagenet,resnet50,smoothgrad,mobilenet_v2,white,80.0,0.068
imagenet,resnet50,smoothgrad,mobilenet_v2,white,85.0,0.039
imagenet,resnet50,smoothgrad,mobilenet_v2,white,90.0,0.016
imagenet,resnet50,smoothgrad,mobilenet_v2,white,95.0,0.009
imagenet,resnet50,smoothgrad,mobilenet_v2,white,100.0,0.001
imagenet,resnet50,smoothgrad,vgg16,black,0.0,0.818
imagenet,resnet50,smoothgrad,vgg16,black,5.0,0.69
imagenet,resnet50,smoothgrad,vgg16,black,10.0,0.578
imagenet,resnet50,smoothgrad,vgg16,black,15.0,0.486
imagenet,resnet50,smoothgrad,vgg16,black,20.0,0.424
imagenet,resnet50,smoothgrad,vgg16,black,25.0,0.362
imagenet,resnet50,smoothgrad,vgg16,black,30.0,0.297
imagenet,resnet50,smoothgrad,vgg16,black,35.0,0.234
imagenet,resnet50,smoothgrad,vgg16,black,40.0,0.185
imagenet,resnet50,smoothgrad,vgg16,black,45.0,0.151
imagenet,resnet50,smoothgrad,vgg16,black,50.0,0.111
imagenet,resnet50,smoothgrad,vgg16,black,55.0,0.076
imagenet,resnet50,smoothgrad,vgg16,black,60.0,0.061
imagenet,resnet50,smoothgrad,vgg16,black,65.0,0.041
imagenet,resnet50,smoothgrad,vgg16,black,70.0,0.026
imagenet,resnet50,smoothgrad,vgg16,black,75.0,0.017
imagenet,resnet50,smoothgrad,vgg16,black,80.0,0.008
imagenet,resnet50,smoothgrad,vgg16,black,85.0,0.003
imagenet,resnet50,smoothgrad,vgg16,black,90.0,0.002
imagenet,resnet50,smoothgrad,vgg16,black,95.0,0.001
imagenet,resnet50,smoothgrad,vgg16,black,100.0,0.001
imagenet,resnet50,smoothgrad,vgg16,blur,0.0,0.818
imagenet,resnet50,smoothgrad,vgg16,blur,5.0,0.819
imagenet,resnet50,smoothgrad,vgg16,blur,10.0,0.813
imagenet,resnet50,smoothgrad,vgg16,blur,15.0,0.782
imagenet,resnet50,smoothgrad,vgg16,blur,20.0,0.763
imagenet,resnet50,smoothgrad,vgg16,blur,25.0,0.741
imagenet,resnet50,smoothgrad,vgg16,blur,30.0,0.697
imagenet,resnet50,smoothgrad,vgg16,blur,35.0,0.665
imagenet,resnet50,smoothgrad,vgg16,blur,40.0,0.625
imagenet,resnet50,smoothgrad,vgg16,blur,45.0,0.58
imagenet,resnet50,smoothgrad,vgg16,blur,50.0,0.547
imagenet,resnet50,smoothgrad,vgg16,blur,55.0,0.472
imagenet,resnet50,smoothgrad,vgg16,blur,60.0,0.41
imagenet,resnet50,smoothgrad,vgg16,blur,65.0,0.346
imagenet,resnet50,smoothgrad,vgg16,blur,70.0,0.276
imagenet,resnet50,smoothgrad,vgg16,blur,75.0,0.216
imagenet,resnet50,smoothgrad,vgg16,blur,80.0,0.152
imagenet,resnet50,smoothgrad,vgg16,blur,85.0,0.101
imagenet,resnet50,smoothgrad,vgg16,blur,90.0,0.052
imagenet,resnet50,smoothgrad,vgg16,blur,95.0,0.024
imagenet,resnet50,smoothgrad,vgg16,blur,100.0,0.034
imagenet,resnet50,smoothgrad,vgg16,gray,0.0,0.818
imagenet,resnet50,smoothgrad,vgg16,gray,5.0,0.777
imagenet,resnet50,smoothgrad,vgg16,gray,10.0,0.736
imagenet,resnet50,smoothgrad,vgg16,gray,15.0,0.683
imagenet,resnet50,smoothgrad,vgg16,gray,20.0,0.624
imagenet,resnet50,smoothgrad,vgg16,gray,25.0,0.572
imagenet,resnet50,smoothgrad,vgg16,gray,30.0,0.522
imagenet,resnet50,smoothgrad,vgg16,gray,35.0,0.474
imagenet,resnet50,smoothgrad,vgg16,gray,40.0,0.403
imagenet,resnet50,smoothgrad,vgg16,gray,45.0,0.351
imagenet,resnet50,smoothgrad,vgg16,gray,50.0,0.309
imagenet,resnet50,smoothgrad,vgg16,gray,55.0,0.266
imagenet,resnet50,smoothgrad,vgg16,gray,60.0,0.224
imagenet,resnet50,smoothgrad,vgg16,gray,65.0,0.185
imagenet,resnet50,smoothgrad,vgg16,gray,70.0,0.14
imagenet,resnet50,smoothgrad,vgg16,gray,75.0,0.101
imagenet,resnet50,smoothgrad,vgg16,gray,80.0,0.064
imagenet,resnet50,smoothgrad,vgg16,gray,85.0,0.045
imagenet,resnet50,smoothgrad,vgg16,gray,90.0,0.018
imagenet,resnet50,smoothgrad,vgg16,gray,95.0,0.004
imagenet,resnet50,smoothgrad,vgg16,gray,100.0,0.001
imagenet,resnet50,smoothgrad,vgg16,mean,0.0,0.818
imagenet,resnet50,smoothgrad,vgg16,mean,5.0,0.8
imagenet,resnet50,smoothgrad,vgg16,mean,10.0,0.762
imagenet,resnet50,smoothgrad,vgg16,mean,15.0,0.722
imagenet,resnet50,smoothgrad,vgg16,mean,20.0,0.683
imagenet,resnet50,smoothgrad,vgg16,mean,25.0,0.642
imagenet,resnet50,smoothgrad,vgg16,mean,30.0,0.596
imagenet,resnet50,smoothgrad,vgg16,mean,35.0,0.527
imagenet,resnet50,smoothgrad,vgg16,mean,40.0,0.478
imagenet,resnet50,smoothgrad,vgg16,mean,45.0,0.43
imagenet,resnet50,smoothgrad,vgg16,mean,50.0,0.372
imagenet,resnet50,smoothgrad,vgg16,mean,55.0,0.312
imagenet,resnet50,smoothgrad,vgg16,mean,60.0,0.265
imagenet,resnet50,smoothgrad,vgg16,mean,65.0,0.226
imagenet,resnet50,smoothgrad,vgg16,mean,70.0,0.166
imagenet,resnet50,smoothgrad,vgg16,mean,75.0,0.119
imagenet,resnet50,smoothgrad,vgg16,mean,80.0,0.077
imagenet,resnet50,smoothgrad,vgg16,mean,85.0,0.049
imagenet,resnet50,smoothgrad,vgg16,mean,90.0,0.025
imagenet,resnet50,smoothgrad,vgg16,mean,95.0,0.007
imagenet,resnet50,smoothgrad,vgg16,mean,100.0,0.002
imagenet,resnet50,smoothgrad,vgg16,random_noise,0.0,0.818
imagenet,resnet50,smoothgrad,vgg16,random_noise,5.0,0.768
imagenet,resnet50,smoothgrad,vgg16,random_noise,10.0,0.721
imagenet,resnet50,smoothgrad,vgg16,random_noise,15.0,0.669
imagenet,resnet50,smoothgrad,vgg16,random_noise,20.0,0.621
imagenet,resnet50,smoothgrad,vgg16,random_noise,25.0,0.566
imagenet,resnet50,smoothgrad,vgg16,random_noise,30.0,0.532
imagenet,resnet50,smoothgrad,vgg16,random_noise,35.0,0.479
imagenet,resnet50,smoothgrad,vgg16,random_noise,40.0,0.436
imagenet,resnet50,smoothgrad,vgg16,random_noise,45.0,0.388
imagenet,resnet50,smoothgrad,vgg16,random_noise,50.0,0.341
imagenet,resnet50,smoothgrad,vgg16,random_noise,55.0,0.303
imagenet,resnet50,smoothgrad,vgg16,random_noise,60.0,0.253
imagenet,resnet50,smoothgrad,vgg16,random_noise,65.0,0.214
imagenet,resnet50,smoothgrad,vgg16,random_noise,70.0,0.169
imagenet,resnet50,smoothgrad,vgg16,random_noise,75.0,0.126
imagenet,resnet50,smoothgrad,vgg16,random_noise,80.0,0.085
imagenet,resnet50,smoothgrad,vgg16,random_noise,85.0,0.058
imagenet,resnet50,smoothgrad,vgg16,random_noise,90.0,0.025
imagenet,resnet50,smoothgrad,vgg16,random_noise,95.0,0.007
imagenet,resnet50,smoothgrad,vgg16,random_noise,100.0,0.001
imagenet,resnet50,smoothgrad,vgg16,white,0.0,0.818
imagenet,resnet50,smoothgrad,vgg16,white,5.0,0.695
imagenet,resnet50,smoothgrad,vgg16,white,10.0,0.616
imagenet,resnet50,smoothgrad,vgg16,white,15.0,0.529
imagenet,resnet50,smoothgrad,vgg16,white,20.0,0.442
imagenet,resnet50,smoothgrad,vgg16,white,25.0,0.39
imagenet,resnet50,smoothgrad,vgg16,white,30.0,0.333
imagenet,resnet50,smoothgrad,vgg16,white,35.0,0.289
imagenet,resnet50,smoothgrad,vgg16,white,40.0,0.254
imagenet,resnet50,smoothgrad,vgg16,white,45.0,0.205
imagenet,resnet50,smoothgrad,vgg16,white,50.0,0.174
imagenet,resnet50,smoothgrad,vgg16,white,55.0,0.137
imagenet,resnet50,smoothgrad,vgg16,white,60.0,0.111
imagenet,resnet50,smoothgrad,vgg16,white,65.0,0.085
imagenet,resnet50,smoothgrad,vgg16,white,70.0,0.057
imagenet,resnet50,smoothgrad,vgg16,white,75.0,0.035
imagenet,resnet50,smoothgrad,vgg16,white,80.0,0.023
imagenet,resnet50,smoothgrad,vgg16,white,85.0,0.015
imagenet,resnet50,smoothgrad,vgg16,white,90.0,0.004
imagenet,resnet50,smoothgrad,vgg16,white,95.0,0.002
imagenet,resnet50,smoothgrad,vgg16,white,100.0,0.001
imagenet,vgg16,grad_cam,mobilenet_v2,black,0.0,0.801
imagenet,vgg16,grad_cam,mobilenet_v2,black,5.0,0.773
imagenet,vgg16,grad_cam,mobilenet_v2,black,10.0,0.765
imagenet,vgg16,grad_cam,mobilenet_v2,black,15.0,0.726
imagenet,vgg16,grad_cam,mobilenet_v2,black,20.0,0.725
imagenet,vgg16,grad_cam,mobilenet_v2,black,25.0,0.712
imagenet,vgg16,grad_cam,mobilenet_v2,black,30.0,0.7
imagenet,vgg16,grad_cam,mobilenet_v2,black,35.0,0.676
imagenet,vgg16,grad_cam,mobilenet_v2,black,40.0,0.671
imagenet,vgg16,grad_cam,mobilenet_v2,black,45.0,0.635
imagenet,vgg16,grad_cam,mobilenet_v2,black,50.0,0.62
imagenet,vgg16,grad_cam,mobilenet_v2,black,55.0,0.606
imagenet,vgg16,grad_cam,mobilenet_v2,black,60.0,0.585
imagenet,vgg16,grad_cam,mobilenet_v2,black,65.0,0.572
imagenet,vgg16,grad_cam,mobilenet_v2,black,70.0,0.526
imagenet,vgg16,grad_cam,mobilenet_v2,black,75.0,0.493
imagenet,vgg16,grad_cam,mobilenet_v2,black,80.0,0.439
imagenet,vgg16,grad_cam,mobilenet_v2,black,85.0,0.365
imagenet,vgg16,grad_cam,mobilenet_v2,black,90.0,0.259
imagenet,vgg16,grad_cam,mobilenet_v2,black,95.0,0.135
imagenet,vgg16,grad_cam,mobilenet_v2,black,100.0,0.001
imagenet,vgg16,grad_cam,mobilenet_v2,blur,0.0,0.801
imagenet,vgg16,grad_cam,mobilenet_v2,blur,5.0,0.773
imagenet,vgg16,grad_cam,mobilenet_v2,blur,10.0,0.76
imagenet,vgg16,grad_cam,mobilenet_v2,blur,15.0,0.738
imagenet,vgg16,grad_cam,mobilenet_v2,blur,20.0,0.704
imagenet,vgg16,grad_cam,mobilenet_v2,blur,25.0,0.698
imagenet,vgg16,grad_cam,mobilenet_v2,blur,30.0,0.657
imagenet,vgg16,grad_cam,mobilenet_v2,blur,35.0,0.649
imagenet,vgg16,grad_cam,mobilenet_v2,blur,40.0,0.632
imagenet,vgg16,grad_cam,mobilenet_v2,blur,45.0,0.599
imagenet,vgg16,grad_cam,mobilenet_v2,blur,50.0,0.568
imagenet,vgg16,grad_cam,mobilenet_v2,blur,55.0,0.53
imagenet,vgg16,grad_cam,mobilenet_v2,blur,60.0,0.493
imagenet,vgg16,grad_cam,mobilenet_v2,blur,65.0,0.459
imagenet,vgg16,grad_cam,mobilenet_v2,blur,70.0,0.409
imagenet,vgg16,grad_cam,mobilenet_v2,blur,75.0,0.346
imagenet,vgg16,grad_cam,mobilenet_v2,blur,80.0,0.284
imagenet,vgg16,grad_cam,mobilenet_v2,blur,85.0,0.216
imagenet,vgg16,grad_cam,mobilenet_v2,blur,90.0,0.157
imagenet,vgg16,grad_cam,mobilenet_v2,blur,95.0,0.095
imagenet,vgg16,grad_cam,mobilenet_v2,blur,100.0,0.056
imagenet,vgg16,grad_cam,mobilenet_v2,gray,0.0,0.801
imagenet,vgg16,grad_cam,mobilenet_v2,gray,5.0,0.774
imagenet,vgg16,grad_cam,mobilenet_v2,gray,10.0,0.768
imagenet,vgg16,grad_cam,mobilenet_v2,gray,15.0,0.748
imagenet,vgg16,grad_cam,mobilenet_v2,gray,20.0,0.723
imagenet,vgg16,grad_cam,mobilenet_v2,gray,25.0,0.718
imagenet,vgg16,grad_cam,mobilenet_v2,gray,30.0,0.709
imagenet,vgg16,grad_cam,mobilenet_v2,gray,35.0,0.689
imagenet,vgg16,grad_cam,mobilenet_v2,gray,40.0,0.681
imagenet,vgg16,grad_cam,mobilenet_v2,gray,45.0,0.659
imagenet,vgg16,grad_cam,mobilenet_v2,gray,50.0,0.623
imagenet,vgg16,grad_cam,mobilenet_v2,gray,55.0,0.614
imagenet,vgg16,grad_cam,mobilenet_v2,gray,60.0,0.599
imagenet,vgg16,grad_cam,mobilenet_v2,gray,65.0,0.585
imagenet,vgg16,grad_cam,mobilenet_v2,gray,70.0,0.543
imagenet,vgg16,grad_cam,mobilenet_v2,gray,75.0,0.499
imagenet,vgg16,grad_cam,mobilenet_v2,gray,80.0,0.448
imagenet,vgg16,grad_cam,mobilenet_v2,gray,85.0,0.375
imagenet,vgg16,grad_cam,mobilenet_v2,gray,90.0,0.25
imagenet,vgg16,grad_cam,mobilenet_v2,gray,95.0,0.126
imagenet,vgg16,grad_cam,mobilenet_v2,gray,100.0,0.001
imagenet,vgg16,grad_cam,mobilenet_v2,mean,0.0,0.801
imagenet,vgg16,grad_cam,mobilenet_v2,mean,5.0,0.776
imagenet,vgg16,grad_cam,mobilenet_v2,mean,10.0,0.763
imagenet,vgg16,grad_cam,mobilenet_v2,mean,15.0,0.747
imagenet,vgg16,grad_cam,mobilenet_v2,mean,20.0,0.728
imagenet,vgg16,grad_cam,mobilenet_v2,mean,25.0,0.724
imagenet,vgg16,grad_cam,mobilenet_v2,mean,30.0,0.716
imagenet,vgg16,grad_cam,mobilenet_v2,mean,35.0,0.685
imagenet,vgg16,grad_cam,mobilenet_v2,mean,40.0,0.687
imagenet,vgg16,grad_cam,mobilenet_v2,mean,45.0,0.657
imagenet,vgg16,grad_cam,mobilenet_v2,mean,50.0,0.635
imagenet,vgg16,grad_cam,mobilenet_v2,mean,55.0,0.606
imagenet,vgg16,grad_cam,mobilenet_v2,mean,60.0,0.585
imagenet,vgg16,grad_cam,mobilenet_v2,mean,65.0,0.57
imagenet,vgg16,grad_cam,mobilenet_v2,mean,70.0,0.539
imagenet,vgg16,grad_cam,mobilenet_v2,mean,75.0,0.481
imagenet,vgg16,grad_cam,mobilenet_v2,mean,80.0,0.415
imagenet,vgg16,grad_cam,mobilenet_v2,mean,85.0,0.324
imagenet,vgg16,grad_cam,mobilenet_v2,mean,90.0,0.214
imagenet,vgg16,grad_cam,mobilenet_v2,mean,95.0,0.104
imagenet,vgg16,grad_cam,mobilenet_v2,mean,100.0,0.003
imagenet,vgg16,grad_cam,mobilenet_v2,random_noise,0.0,0.801
imagenet,vgg16,grad_cam,mobilenet_v2,random_noise,5.0,0.76
imagenet,vgg16,grad_cam,mobilenet_v2,random_noise,10.0,0.74
imagenet,vgg16,grad_cam,mobilenet_v2,random_noise,15.0,0.71
imagenet,vgg16,grad_cam,mobilenet_v2,random_noise,20.0,0.684
imagenet,vgg16,grad_cam,mobilenet_v2,random_noise,25.0,0.67
imagenet,vgg16,grad_cam,mobilenet_v2,random_noise,30.0,0.645
imagenet,vgg16,grad_cam,mobilenet_v2,random_noise,35.0,0.609
imagenet,vgg16,grad_cam,mobilenet_v2,random_noise,40.0,0.579
imagenet,vgg16,grad_cam,mobilenet_v2,random_noise,45.0,0.543
imagenet,vgg16,grad_cam,mobilenet_v2,random_noise,50.0,0.489
imagenet,vgg16,grad_cam,mobilenet_v2,random_noise,55.0,0.441
imagenet,vgg16,grad_cam,mobilenet_v2,random_noise,60.0,0.391
imagenet,vgg16,grad_cam,mobilenet_v2,random_noise,65.0,0.349
imagenet,vgg16,grad_cam,mobilenet_v2,random_noise,70.0,0.281
imagenet,vgg16,grad_cam,mobilenet_v2,random_noise,75.0,0.216
imagenet,vgg16,grad_cam,mobilenet_v2,random_noise,80.0,0.148
imagenet,vgg16,grad_cam,mobilenet_v2,random_noise,85.0,0.097
imagenet,vgg16,grad_cam,mobilenet_v2,random_noise,90.0,0.054
imagenet,vgg16,grad_cam,mobilenet_v2,random_noise,95.0,0.013
imagenet,vgg16,grad_cam,mobilenet_v2,random_noise,100.0,0.001
imagenet,vgg16,grad_cam,mobilenet_v2,white,0.0,0.801
imagenet,vgg16,grad_cam,mobilenet_v2,white,5.0,0.77
imagenet,vgg16,grad_cam,mobilenet_v2,white,10.0,0.752
imagenet,vgg16,grad_cam,mobilenet_v2,white,15.0,0.724
imagenet,vgg16,grad_cam,mobilenet_v2,white,20.0,0.709
imagenet,vgg16,grad_cam,mobilenet_v2,white,25.0,0.702
imagenet,vgg16,grad_cam,mobilenet_v2,white,30.0,0.685
imagenet,vgg16,grad_cam,mobilenet_v2,white,35.0,0.671
imagenet,vgg16,grad_cam,mobilenet_v2,white,40.0,0.632
imagenet,vgg16,grad_cam,mobilenet_v2,white,45.0,0.601
imagenet,vgg16,grad_cam,mobilenet_v2,white,50.0,0.567
imagenet,vgg16,grad_cam,mobilenet_v2,white,55.0,0.537
imagenet,vgg16,grad_cam,mobilenet_v2,white,60.0,0.504
imagenet,vgg16,grad_cam,mobilenet_v2,white,65.0,0.459
imagenet,vgg16,grad_cam,mobilenet_v2,white,70.0,0.396
imagenet,vgg16,grad_cam,mobilenet_v2,white,75.0,0.347
imagenet,vgg16,grad_cam,mobilenet_v2,white,80.0,0.265
imagenet,vgg16,grad_cam,mobilenet_v2,white,85.0,0.179
imagenet,vgg16,grad_cam,mobilenet_v2,white,90.0,0.108
imagenet,vgg16,grad_cam,mobilenet_v2,white,95.0,0.034
imagenet,vgg16,grad_cam,mobilenet_v2,white,100.0,0.001
imagenet,vgg16,grad_cam,resnet50,black,0.0,0.92
imagenet,vgg16,grad_cam,resnet50,black,5.0,0.892
imagenet,vgg16,grad_cam,resnet50,black,10.0,0.888
imagenet,vgg16,grad_cam,resnet50,black,15.0,0.875
imagenet,vgg16,grad_cam,resnet50,black,20.0,0.857
imagenet,vgg16,grad_cam,resnet50,black,25.0,0.855
imagenet,vgg16,grad_cam,resnet50,black,30.0,0.836
imagenet,vgg16,grad_cam,resnet50,black,35.0,0.827
imagenet,vgg16,grad_cam,resnet50,black,40.0,0.807
imagenet,vgg16,grad_cam,resnet50,black,45.0,0.794
imagenet,vgg16,grad_cam,resnet50,black,50.0,0.779
imagenet,vgg16,grad_cam,resnet50,black,55.0,0.748
imagenet,vgg16,grad_cam,resnet50,black,60.0,0.724
imagenet,vgg16,grad_cam,resnet50,black,65.0,0.697
imagenet,vgg16,grad_cam,resnet50,black,70.0,0.673
imagenet,vgg16,grad_cam,resnet50,black,75.0,0.625
imagenet,vgg16,grad_cam,resnet50,black,80.0,0.571
imagenet,vgg16,grad_cam,resnet50,black,85.0,0.503
imagenet,vgg16,grad_cam,resnet50,black,90.0,0.371
imagenet,vgg16,grad_cam,resnet50,black,95.0,0.199
imagenet,vgg16,grad_cam,resnet50,black,100.0,0.001
imagenet,vgg16,grad_cam,resnet50,blur,0.0,0.92
imagenet,vgg16,grad_cam,resnet50,blur,5.0,0.904
imagenet,vgg16,grad_cam,resnet50,blur,10.0,0.889
imagenet,vgg16,grad_cam,resnet50,blur,15.0,0.874
imagenet,vgg16,grad_cam,resnet50,blur,20.0,0.853
imagenet,vgg16,grad_cam,resnet50,blur,25.0,0.849
imagenet,vgg16,grad_cam,resnet50,blur,30.0,0.84
imagenet,vgg16,grad_cam,resnet50,blur,35.0,0.811
imagenet,vgg16,grad_cam,resnet50,blur,40.0,0.786
imagenet,vgg16,grad_cam,resnet50,blur,45.0,0.768
imagenet,vgg16,grad_cam,resnet50,blur,50.0,0.734
imagenet,vgg16,grad_cam,resnet50,blur,55.0,0.709
imagenet,vgg16,grad_cam,resnet50,blur,60.0,0.674
imagenet,vgg16,grad_cam,resnet50,blur,65.0,0.624
imagenet,vgg16,grad_cam,resnet50,blur,70.0,0.555
imagenet,vgg16,grad_cam,resnet50,blur,75.0,0.511
imagenet,vgg16,grad_cam,resnet50,blur,80.0,0.446
imagenet,vgg16,grad_cam,resnet50,blur,85.0,0.352
imagenet,vgg16,grad_cam,resnet50,blur,90.0,0.257
imagenet,vgg16,grad_cam,resnet50,blur,95.0,0.18
imagenet,vgg16,grad_cam,resnet50,blur,100.0,0.163
imagenet,vgg16,grad_cam,resnet50,gray,0.0,0.92
imagenet,vgg16,grad_cam,resnet50,gray,5.0,0.904
imagenet,vgg16,grad_cam,resnet50,gray,10.0,0.891
imagenet,vgg16,grad_cam,resnet50,gray,15.0,0.881
imagenet,vgg16,grad_cam,resnet50,gray,20.0,0.866
imagenet,vgg16,grad_cam,resnet50,gray,25.0,0.861
imagenet,vgg16,grad_cam,resnet50,gray,30.0,0.842
imagenet,vgg16,grad_cam,resnet50,gray,35.0,0.825
imagenet,vgg16,grad_cam,resnet50,gray,40.0,0.81
imagenet,vgg16,grad_cam,resnet50,gray,45.0,0.784
imagenet,vgg16,grad_cam,resnet50,gray,50.0,0.758
imagenet,vgg16,grad_cam,resnet50,gray,55.0,0.737
imagenet,vgg16,grad_cam,resnet50,gray,60.0,0.696
imagenet,vgg16,grad_cam,resnet50,gray,65.0,0.665
imagenet,vgg16,grad_cam,resnet50,gray,70.0,0.608
imagenet,vgg16,grad_cam,resnet50,gray,75.0,0.535
imagenet,vgg16,grad_cam,resnet50,gray,80.0,0.461
imagenet,vgg16,grad_cam,resnet50,gray,85.0,0.371
imagenet,vgg16,grad_cam,resnet50,gray,90.0,0.227
imagenet,vgg16,grad_cam,resnet50,gray,95.0,0.104
imagenet,vgg16,grad_cam,resnet50,gray,100.0,0.001
imagenet,vgg16,grad_cam,resnet50,mean,0.0,0.92
imagenet,vgg16,grad_cam,resnet50,mean,5.0,0.906
imagenet,vgg16,grad_cam,resnet50,mean,10.0,0.896
imagenet,vgg16,grad_cam,resnet50,mean,15.0,0.879
imagenet,vgg16,grad_cam,resnet50,mean,20.0,0.869
imagenet,vgg16,grad_cam,resnet50,mean,25.0,0.857
imagenet,vgg16,grad_cam,resnet50,mean,30.0,0.842
imagenet,vgg16,grad_cam,resnet50,mean,35.0,0.817
imagenet,vgg16,grad_cam,resnet50,mean,40.0,0.797
imagenet,vgg16,grad_cam,resnet50,mean,45.0,0.772
imagenet,vgg16,grad_cam,resnet50,mean,50.0,0.743
imagenet,vgg16,grad_cam,resnet50,mean,55.0,0.72
imagenet,vgg16,grad_cam,resnet50,mean,60.0,0.687
imagenet,vgg16,grad_cam,resnet50,mean,65.0,0.651
imagenet,vgg16,grad_cam,resnet50,mean,70.0,0.586
imagenet,vgg16,grad_cam,resnet50,mean,75.0,0.513
imagenet,vgg16,grad_cam,resnet50,mean,80.0,0.445
imagenet,vgg16,grad_cam,resnet50,mean,85.0,0.346
imagenet,vgg16,grad_cam,resnet50,mean,90.0,0.217
imagenet,vgg16,grad_cam,resnet50,mean,95.0,0.089
imagenet,vgg16,grad_cam,resnet50,mean,100.0,0.006
imagenet,vgg16,grad_cam,resnet50,random_noise,0.0,0.92
imagenet,vgg16,grad_cam,resnet50,random_noise,5.0,0.903
imagenet,vgg16,grad_cam,resnet50,random_noise,10.0,0.886
imagenet,vgg16,grad_cam,resnet50,random_noise,15.0,0.875
imagenet,vgg16,grad_cam,resnet50,random_noise,20.0,0.855
imagenet,vgg16,grad_cam,resnet50,random_noise,25.0,0.844
imagenet,vgg16,grad_cam,resnet50,random_noise,30.0,0.817
imagenet,vgg16,grad_cam,resnet50,random_noise,35.0,0.778
imagenet,vgg16,grad_cam,resnet50,random_noise,40.0,0.745
imagenet,vgg16,grad_cam,resnet50,random_noise,45.0,0.712
imagenet,vgg16,grad_cam,resnet50,random_noise,50.0,0.666
imagenet,vgg16,grad_cam,resnet50,random_noise,55.0,0.602
imagenet,vgg16,grad_cam,resnet50,random_noise,60.0,0.547
imagenet,vgg16,grad_cam,resnet50,random_noise,65.0,0.496
imagenet,vgg16,grad_cam,resnet50,random_noise,70.0,0.421
imagenet,vgg16,grad_cam,resnet50,random_noise,75.0,0.343
imagenet,vgg16,grad_cam,resnet50,random_noise,80.0,0.261
imagenet,vgg16,grad_cam,resnet50,random_noise,85.0,0.177
imagenet,vgg16,grad_cam,resnet50,random_noise,90.0,0.096
imagenet,vgg16,grad_cam,resnet50,random_noise,95.0,0.028
imagenet,vgg16,grad_cam,resnet50,random_noise,100.0,0.001
imagenet,vgg16,grad_cam,resnet50,white,0.0,0.92
imagenet,vgg16,grad_cam,resnet50,white,5.0,0.897
imagenet,vgg16,grad_cam,resnet50,white,10.0,0.886
imagenet,vgg16,grad_cam,resnet50,white,15.0,0.869
imagenet,vgg16,grad_cam,resnet50,white,20.0,0.851
imagenet,vgg16,grad_cam,resnet50,white,25.0,0.843
imagenet,vgg16,grad_cam,resnet50,white,30.0,0.826
imagenet,vgg16,grad_cam,resnet50,white,35.0,0.793
imagenet,vgg16,grad_cam,resnet50,white,40.0,0.769
imagenet,vgg16,grad_cam,resnet50,white,45.0,0.737
imagenet,vgg16,grad_cam,resnet50,white,50.0,0.716
imagenet,vgg16,grad_cam,resnet50,white,55.0,0.663
imagenet,vgg16,grad_cam,resnet50,white,60.0,0.628
imagenet,vgg16,grad_cam,resnet50,white,65.0,0.587
imagenet,vgg16,grad_cam,resnet50,white,70.0,0.53
imagenet,vgg16,grad_cam,resnet50,white,75.0,0.441
imagenet,vgg16,grad_cam,resnet50,white,80.0,0.371
imagenet,vgg16,grad_cam,resnet50,white,85.0,0.285
imagenet,vgg16,grad_cam,resnet50,white,90.0,0.181
imagenet,vgg16,grad_cam,resnet50,white,95.0,0.056
imagenet,vgg16,grad_cam,resnet50,white,100.0,0.001
imagenet,vgg16,gradientshap,mobilenet_v2,black,0.0,0.801
imagenet,vgg16,gradientshap,mobilenet_v2,black,5.0,0.702
imagenet,vgg16,gradientshap,mobilenet_v2,black,10.0,0.656
imagenet,vgg16,gradientshap,mobilenet_v2,black,15.0,0.59
imagenet,vgg16,gradientshap,mobilenet_v2,black,20.0,0.539
imagenet,vgg16,gradientshap,mobilenet_v2,black,25.0,0.5
imagenet,vgg16,gradientshap,mobilenet_v2,black,30.0,0.445
imagenet,vgg16,gradientshap,mobilenet_v2,black,35.0,0.393
imagenet,vgg16,gradientshap,mobilenet_v2,black,40.0,0.373
imagenet,vgg16,gradientshap,mobilenet_v2,black,45.0,0.334
imagenet,vgg16,gradientshap,mobilenet_v2,black,50.0,0.297
imagenet,vgg16,gradientshap,mobilenet_v2,black,55.0,0.235
imagenet,vgg16,gradientshap,mobilenet_v2,black,60.0,0.198
imagenet,vgg16,gradientshap,mobilenet_v2,black,65.0,0.171
imagenet,vgg16,gradientshap,mobilenet_v2,black,70.0,0.129
imagenet,vgg16,gradientshap,mobilenet_v2,black,75.0,0.094
imagenet,vgg16,gradientshap,mobilenet_v2,black,80.0,0.058
imagenet,vgg16,gradientshap,mobilenet_v2,black,85.0,0.041
imagenet,vgg16,gradientshap,mobilenet_v2,black,90.0,0.025
imagenet,vgg16,gradientshap,mobilenet_v2,black,95.0,0.008
imagenet,vgg16,gradientshap,mobilenet_v2,black,100.0,0.001
imagenet,vgg16,gradientshap,mobilenet_v2,blur,0.0,0.801
imagenet,vgg16,gradientshap,mobilenet_v2,blur,5.0,0.772
imagenet,vgg16,gradientshap,mobilenet_v2,blur,10.0,0.76
imagenet,vgg16,gradientshap,mobilenet_v2,blur,15.0,0.744
imagenet,vgg16,gradientshap,mobilenet_v2,blur,20.0,0.719
imagenet,vgg16,gradientshap,mobilenet_v2,blur,25.0,0.708
imagenet,vgg16,gradientshap,mobilenet_v2,blur,30.0,0.681
imagenet,vgg16,gradientshap,mobilenet_v2,blur,35.0,0.651
imagenet,vgg16,gradientshap,mobilenet_v2,blur,40.0,0.618
imagenet,vgg16,gradientshap,mobilenet_v2,blur,45.0,0.593
imagenet,vgg16,gradientshap,mobilenet_v2,blur,50.0,0.553
imagenet,vgg16,gradientshap,mobilenet_v2,blur,55.0,0.492
imagenet,vgg16,gradientshap,mobilenet_v2,blur,60.0,0.438
imagenet,vgg16,gradientshap,mobilenet_v2,blur,65.0,0.394
imagenet,vgg16,gradientshap,mobilenet_v2,blur,70.0,0.325
imagenet,vgg16,gradientshap,mobilenet_v2,blur,75.0,0.272
imagenet,vgg16,gradientshap,mobilenet_v2,blur,80.0,0.207
imagenet,vgg16,gradientshap,mobilenet_v2,blur,85.0,0.128
imagenet,vgg16,gradientshap,mobilenet_v2,blur,90.0,0.074
imagenet,vgg16,gradientshap,mobilenet_v2,blur,95.0,0.04
imagenet,vgg16,gradientshap,mobilenet_v2,blur,100.0,0.056
imagenet,vgg16,gradientshap,mobilenet_v2,gray,0.0,0.801
imagenet,vgg16,gradientshap,mobilenet_v2,gray,5.0,0.746
imagenet,vgg16,gradientshap,mobilenet_v2,gray,10.0,0.717
imagenet,vgg16,gradientshap,mobilenet_v2,gray,15.0,0.689
imagenet,vgg16,gradientshap,mobilenet_v2,gray,20.0,0.646
imagenet,vgg16,gradientshap,mobilenet_v2,gray,25.0,0.623
imagenet,vgg16,gradientshap,mobilenet_v2,gray,30.0,0.573
imagenet,vgg16,gradientshap,mobilenet_v2,gray,35.0,0.547
imagenet,vgg16,gradientshap,mobilenet_v2,gray,40.0,0.501
imagenet,vgg16,gradientshap,mobilenet_v2,gray,45.0,0.464
imagenet,vgg16,gradientshap,mobilenet_v2,gray,50.0,0.423
imagenet,vgg16,gradientshap,mobilenet_v2,gray,55.0,0.376
imagenet,vgg16,gradientshap,mobilenet_v2,gray,60.0,0.326
imagenet,vgg16,gradientshap,mobilenet_v2,gray,65.0,0.281
imagenet,vgg16,gradientshap,mobilenet_v2,gray,70.0,0.229
imagenet,vgg16,gradientshap,mobilenet_v2,gray,75.0,0.175
imagenet,vgg16,gradientshap,mobilenet_v2,gray,80.0,0.127
imagenet,vgg16,gradientshap,mobilenet_v2,gray,85.0,0.085
imagenet,vgg16,gradientshap,mobilenet_v2,gray,90.0,0.045
imagenet,vgg16,gradientshap,mobilenet_v2,gray,95.0,0.012
imagenet,vgg16,gradientshap,mobilenet_v2,gray,100.0,0.001
imagenet,vgg16,gradientshap,mobilenet_v2,mean,0.0,0.801
imagenet,vgg16,gradientshap,mobilenet_v2,mean,5.0,0.756
imagenet,vgg16,gradientshap,mobilenet_v2,mean,10.0,0.732
imagenet,vgg16,gradientshap,mobilenet_v2,mean,15.0,0.706
imagenet,vgg16,gradientshap,mobilenet_v2,mean,20.0,0.672
imagenet,vgg16,gradientshap,mobilenet_v2,mean,25.0,0.639
imagenet,vgg16,gradientshap,mobilenet_v2,mean,30.0,0.624
imagenet,vgg16,gradientshap,mobilenet_v2,mean,35.0,0.597
imagenet,vgg16,gradientshap,mobilenet_v2,mean,40.0,0.533
imagenet,vgg16,gradientshap,mobilenet_v2,mean,45.0,0.509
imagenet,vgg16,gradientshap,mobilenet_v2,mean,50.0,0.461
imagenet,vgg16,gradientshap,mobilenet_v2,mean,55.0,0.417
imagenet,vgg16,gradientshap,mobilenet_v2,mean,60.0,0.356
imagenet,vgg16,gradientshap,mobilenet_v2,mean,65.0,0.327
imagenet,vgg16,gradientshap,mobilenet_v2,mean,70.0,0.268
imagenet,vgg16,gradientshap,mobilenet_v2,mean,75.0,0.216
imagenet,vgg16,gradientshap,mobilenet_v2,mean,80.0,0.167
imagenet,vgg16,gradientshap,mobilenet_v2,mean,85.0,0.114
imagenet,vgg16,gradientshap,mobilenet_v2,mean,90.0,0.062
imagenet,vgg16,gradientshap,mobilenet_v2,mean,95.0,0.029
imagenet,vgg16,gradientshap,mobilenet_v2,mean,100.0,0.003
imagenet,vgg16,gradientshap,mobilenet_v2,random_noise,0.0,0.801
imagenet,vgg16,gradientshap,mobilenet_v2,random_noise,5.0,0.744
imagenet,vgg16,gradientshap,mobilenet_v2,random_noise,10.0,0.719
imagenet,vgg16,gradientshap,mobilenet_v2,random_noise,15.0,0.688
imagenet,vgg16,gradientshap,mobilenet_v2,random_noise,20.0,0.642
imagenet,vgg16,gradientshap,mobilenet_v2,random_noise,25.0,0.625
imagenet,vgg16,gradientshap,mobilenet_v2,random_noise,30.0,0.566
imagenet,vgg16,gradientshap,mobilenet_v2,random_noise,35.0,0.533
imagenet,vgg16,gradientshap,mobilenet_v2,random_noise,40.0,0.499
imagenet,vgg16,gradientshap,mobilenet_v2,random_noise,45.0,0.458
imagenet,vgg16,gradientshap,mobilenet_v2,random_noise,50.0,0.411
imagenet,vgg16,gradientshap,mobilenet_v2,random_noise,55.0,0.362
imagenet,vgg16,gradientshap,mobilenet_v2,random_noise,60.0,0.296
imagenet,vgg16,gradientshap,mobilenet_v2,random_noise,65.0,0.26
imagenet,vgg16,gradientshap,mobilenet_v2,random_noise,70.0,0.209
imagenet,vgg16,gradientshap,mobilenet_v2,random_noise,75.0,0.174
imagenet,vgg16,gradientshap,mobilenet_v2,random_noise,80.0,0.101
imagenet,vgg16,gradientshap,mobilenet_v2,random_noise,85.0,0.069
imagenet,vgg16,gradientshap,mobilenet_v2,random_noise,90.0,0.031
imagenet,vgg16,gradientshap,mobilenet_v2,random_noise,95.0,0.011
imagenet,vgg16,gradientshap,mobilenet_v2,random_noise,100.0,0.001
imagenet,vgg16,gradientshap,mobilenet_v2,white,0.0,0.801
imagenet,vgg16,gradientshap,mobilenet_v2,white,5.0,0.686
imagenet,vgg16,gradientshap,mobilenet_v2,white,10.0,0.602
imagenet,vgg16,gradientshap,mobilenet_v2,white,15.0,0.551
imagenet,vgg16,gradientshap,mobilenet_v2,white,20.0,0.485
imagenet,vgg16,gradientshap,mobilenet_v2,white,25.0,0.422
imagenet,vgg16,gradientshap,mobilenet_v2,white,30.0,0.38
imagenet,vgg16,gradientshap,mobilenet_v2,white,35.0,0.329
imagenet,vgg16,gradientshap,mobilenet_v2,white,40.0,0.297
imagenet,vgg16,gradientshap,mobilenet_v2,white,45.0,0.256
imagenet,vgg16,gradientshap,mobilenet_v2,white,50.0,0.224
imagenet,vgg16,gradientshap,mobilenet_v2,white,55.0,0.191
imagenet,vgg16,gradientshap,mobilenet_v2,white,60.0,0.165
imagenet,vgg16,gradientshap,mobilenet_v2,white,65.0,0.125
imagenet,vgg16,gradientshap,mobilenet_v2,white,70.0,0.109
imagenet,vgg16,gradientshap,mobilenet_v2,white,75.0,0.09
imagenet,vgg16,gradientshap,mobilenet_v2,white,80.0,0.057
imagenet,vgg16,gradientshap,mobilenet_v2,white,85.0,0.041
imagenet,vgg16,gradientshap,mobilenet_v2,white,90.0,0.018
imagenet,vgg16,gradientshap,mobilenet_v2,white,95.0,0.011
imagenet,vgg16,gradientshap,mobilenet_v2,white,100.0,0.001
imagenet,vgg16,gradientshap,resnet50,black,0.0,0.92
imagenet,vgg16,gradientshap,resnet50,black,5.0,0.839
imagenet,vgg16,gradientshap,resnet50,black,10.0,0.782
imagenet,vgg16,gradientshap,resnet50,black,15.0,0.702
imagenet,vgg16,gradientshap,resnet50,black,20.0,0.643
imagenet,vgg16,gradientshap,resnet50,black,25.0,0.592
imagenet,vgg16,gradientshap,resnet50,black,30.0,0.533
imagenet,vgg16,gradientshap,resnet50,black,35.0,0.489
imagenet,vgg16,gradientshap,resnet50,black,40.0,0.444
imagenet,vgg16,gradientshap,resnet50,black,45.0,0.399
imagenet,vgg16,gradientshap,resnet50,black,50.0,0.338
imagenet,vgg16,gradientshap,resnet50,black,55.0,0.321
imagenet,vgg16,gradientshap,resnet50,black,60.0,0.276
imagenet,vgg16,gradientshap,resnet50,black,65.0,0.227
imagenet,vgg16,gradientshap,resnet50,black,70.0,0.19
imagenet,vgg16,gradientshap,resnet50,black,75.0,0.144
imagenet,vgg16,gradientshap,resnet50,black,80.0,0.097
imagenet,vgg16,gradientshap,resnet50,black,85.0,0.055
imagenet,vgg16,gradientshap,resnet50,black,90.0,0.029
imagenet,vgg16,gradientshap,resnet50,black,95.0,0.012
imagenet,vgg16,gradientshap,resnet50,black,100.0,0.001
imagenet,vgg16,gradientshap,resnet50,blur,0.0,0.92
imagenet,vgg16,gradientshap,resnet50,blur,5.0,0.908
imagenet,vgg16,gradientshap,resnet50,blur,10.0,0.898
imagenet,vgg16,gradientshap,resnet50,blur,15.0,0.89
imagenet,vgg16,gradientshap,resnet50,blur,20.0,0.868
imagenet,vgg16,gradientshap,resnet50,blur,25.0,0.856
imagenet,vgg16,gradientshap,resnet50,blur,30.0,0.828
imagenet,vgg16,gradientshap,resnet50,blur,35.0,0.797
imagenet,vgg16,gradientshap,resnet50,blur,40.0,0.774
imagenet,vgg16,gradientshap,resnet50,blur,45.0,0.743
imagenet,vgg16,gradientshap,resnet50,blur,50.0,0.704
imagenet,vgg16,gradientshap,resnet50,blur,55.0,0.667
imagenet,vgg16,gradientshap,resnet50,blur,60.0,0.616
imagenet,vgg16,gradientshap,resnet50,blur,65.0,0.554
imagenet,vgg16,gradientshap,resnet50,blur,70.0,0.495
imagenet,vgg16,gradientshap,resnet50,blur,75.0,0.448
imagenet,vgg16,gradientshap,resnet50,blur,80.0,0.373
imagenet,vgg16,gradientshap,resnet50,blur,85.0,0.289
imagenet,vgg16,gradientshap,resnet50,blur,90.0,0.218
imagenet,vgg16,gradientshap,resnet50,blur,95.0,0.145
imagenet,vgg16,gradientshap,resnet50,blur,100.0,0.163
imagenet,vgg16,gradientshap,resnet50,gray,0.0,0.92
imagenet,vgg16,gradientshap,resnet50,gray,5.0,0.894
imagenet,vgg16,gradientshap,resnet50,gray,10.0,0.855
imagenet,vgg16,gradientshap,resnet50,gray,15.0,0.825
imagenet,vgg16,gradientshap,resnet50,gray,20.0,0.808
imagenet,vgg16,gradientshap,resnet50,gray,25.0,0.772
imagenet,vgg16,gradientshap,resnet50,gray,30.0,0.74
imagenet,vgg16,gradientshap,resnet50,gray,35.0,0.712
imagenet,vgg16,gradientshap,resnet50,gray,40.0,0.679
imagenet,vgg16,gradientshap,resnet50,gray,45.0,0.651
imagenet,vgg16,gradientshap,resnet50,gray,50.0,0.61
imagenet,vgg16,gradientshap,resnet50,gray,55.0,0.55
imagenet,vgg16,gradientshap,resnet50,gray,60.0,0.502
imagenet,vgg16,gradientshap,resnet50,gray,65.0,0.447
imagenet,vgg16,gradientshap,resnet50,gray,70.0,0.387
imagenet,vgg16,gradientshap,resnet50,gray,75.0,0.323
imagenet,vgg16,gradientshap,resnet50,gray,80.0,0.272
imagenet,vgg16,gradientshap,resnet50,gray,85.0,0.21
imagenet,vgg16,gradientshap,resnet50,gray,90.0,0.138
imagenet,vgg16,gradientshap,resnet50,gray,95.0,0.045
imagenet,vgg16,gradientshap,resnet50,gray,100.0,0.001
imagenet,vgg16,gradientshap,resnet50,mean,0.0,0.92
imagenet,vgg16,gradientshap,resnet50,mean,5.0,0.898
imagenet,vgg16,gradientshap,resnet50,mean,10.0,0.881
imagenet,vgg16,gradientshap,resnet50,mean,15.0,0.851
imagenet,vgg16,gradientshap,resnet50,mean,20.0,0.826
imagenet,vgg16,gradientshap,resnet50,mean,25.0,0.796
imagenet,vgg16,gradientshap,resnet50,mean,30.0,0.77
imagenet,vgg16,gradientshap,resnet50,mean,35.0,0.73
imagenet,vgg16,gradientshap,resnet50,mean,40.0,0.696
imagenet,vgg16,gradientshap,resnet50,mean,45.0,0.676
imagenet,vgg16,gradientshap,resnet50,mean,50.0,0.635
imagenet,vgg16,gradientshap,resnet50,mean,55.0,0.602
imagenet,vgg16,gradientshap,resnet50,mean,60.0,0.556
imagenet,vgg16,gradientshap,resnet50,mean,65.0,0.482
imagenet,vgg16,gradientshap,resnet50,mean,70.0,0.432
imagenet,vgg16,gradientshap,resnet50,mean,75.0,0.363
imagenet,vgg16,gradientshap,resnet50,mean,80.0,0.302
imagenet,vgg16,gradientshap,resnet50,mean,85.0,0.241
imagenet,vgg16,gradientshap,resnet50,mean,90.0,0.152
imagenet,vgg16,gradientshap,resnet50,mean,95.0,0.055
imagenet,vgg16,gradientshap,resnet50,mean,100.0,0.006
imagenet,vgg16,gradientshap,resnet50,random_noise,0.0,0.92
imagenet,vgg16,gradientshap,resnet50,random_noise,5.0,0.894
imagenet,vgg16,gradientshap,resnet50,random_noise,10.0,0.862
imagenet,vgg16,gradientshap,resnet50,random_noise,15.0,0.826
imagenet,vgg16,gradientshap,resnet50,random_noise,20.0,0.812
imagenet,vgg16,gradientshap,resnet50,random_noise,25.0,0.786
imagenet,vgg16,gradientshap,resnet50,random_noise,30.0,0.756
imagenet,vgg16,gradientshap,resnet50,random_noise,35.0,0.707
imagenet,vgg16,gradientshap,resnet50,random_noise,40.0,0.666
imagenet,vgg16,gradientshap,resnet50,random_noise,45.0,0.623
imagenet,vgg16,gradientshap,resnet50,random_noise,50.0,0.585
imagenet,vgg16,gradientshap,resnet50,random_noise,55.0,0.529
imagenet,vgg16,gradientshap,resnet50,random_noise,60.0,0.471
imagenet,vgg16,gradientshap,resnet50,random_noise,65.0,0.41
imagenet,vgg16,gradientshap,resnet50,random_noise,70.0,0.343
imagenet,vgg16,gradientshap,resnet50,random_noise,75.0,0.278
imagenet,vgg16,gradientshap,resnet50,random_noise,80.0,0.218
imagenet,vgg16,gradientshap,resnet50,random_noise,85.0,0.15
imagenet,vgg16,gradientshap,resnet50,random_noise,90.0,0.087
imagenet,vgg16,gradientshap,resnet50,random_noise,95.0,0.033
imagenet,vgg16,gradientshap,resnet50,random_noise,100.0,0.001
imagenet,vgg16,gradientshap,resnet50,white,0.0,0.92
imagenet,vgg16,gradientshap,resnet50,white,5.0,0.83
imagenet,vgg16,gradientshap,resnet50,white,10.0,0.75
imagenet,vgg16,gradientshap,resnet50,white,15.0,0.687
imagenet,vgg16,gradientshap,resnet50,white,20.0,0.623
imagenet,vgg16,gradientshap,resnet50,white,25.0,0.561
imagenet,vgg16,gradientshap,resnet50,white,30.0,0.527
imagenet,vgg16,gradientshap,resnet50,white,35.0,0.449
imagenet,vgg16,gradientshap,resnet50,white,40.0,0.406
imagenet,vgg16,gradientshap,resnet50,white,45.0,0.358
imagenet,vgg16,gradientshap,resnet50,white,50.0,0.328
imagenet,vgg16,gradientshap,resnet50,white,55.0,0.273
imagenet,vgg16,gradientshap,resnet50,white,60.0,0.246
imagenet,vgg16,gradientshap,resnet50,white,65.0,0.208
imagenet,vgg16,gradientshap,resnet50,white,70.0,0.165
imagenet,vgg16,gradientshap,resnet50,white,75.0,0.135
imagenet,vgg16,gradientshap,resnet50,white,80.0,0.091
imagenet,vgg16,gradientshap,resnet50,white,85.0,0.058
imagenet,vgg16,gradientshap,resnet50,white,90.0,0.04
imagenet,vgg16,gradientshap,resnet50,white,95.0,0.014
imagenet,vgg16,gradientshap,resnet50,white,100.0,0.001
imagenet,vgg16,inputxgradient,mobilenet_v2,black,0.0,0.801
imagenet,vgg16,inputxgradient,mobilenet_v2,black,5.0,0.686
imagenet,vgg16,inputxgradient,mobilenet_v2,black,10.0,0.626
imagenet,vgg16,inputxgradient,mobilenet_v2,black,15.0,0.573
imagenet,vgg16,inputxgradient,mobilenet_v2,black,20.0,0.512
imagenet,vgg16,inputxgradient,mobilenet_v2,black,25.0,0.456
imagenet,vgg16,inputxgradient,mobilenet_v2,black,30.0,0.406
imagenet,vgg16,inputxgradient,mobilenet_v2,black,35.0,0.358
imagenet,vgg16,inputxgradient,mobilenet_v2,black,40.0,0.328
imagenet,vgg16,inputxgradient,mobilenet_v2,black,45.0,0.288
imagenet,vgg16,inputxgradient,mobilenet_v2,black,50.0,0.245
imagenet,vgg16,inputxgradient,mobilenet_v2,black,55.0,0.207
imagenet,vgg16,inputxgradient,mobilenet_v2,black,60.0,0.162
imagenet,vgg16,inputxgradient,mobilenet_v2,black,65.0,0.133
imagenet,vgg16,inputxgradient,mobilenet_v2,black,70.0,0.095
imagenet,vgg16,inputxgradient,mobilenet_v2,black,75.0,0.069
imagenet,vgg16,inputxgradient,mobilenet_v2,black,80.0,0.05
imagenet,vgg16,inputxgradient,mobilenet_v2,black,85.0,0.028
imagenet,vgg16,inputxgradient,mobilenet_v2,black,90.0,0.01
imagenet,vgg16,inputxgradient,mobilenet_v2,black,95.0,0.002
imagenet,vgg16,inputxgradient,mobilenet_v2,black,100.0,0.001
imagenet,vgg16,inputxgradient,mobilenet_v2,blur,0.0,0.801
imagenet,vgg16,inputxgradient,mobilenet_v2,blur,5.0,0.785
imagenet,vgg16,inputxgradient,mobilenet_v2,blur,10.0,0.757
imagenet,vgg16,inputxgradient,mobilenet_v2,blur,15.0,0.726
imagenet,vgg16,inputxgradient,mobilenet_v2,blur,20.0,0.698
imagenet,vgg16,inputxgradient,mobilenet_v2,blur,25.0,0.662
imagenet,vgg16,inputxgradient,mobilenet_v2,blur,30.0,0.637
imagenet,vgg16,inputxgradient,mobilenet_v2,blur,35.0,0.6
imagenet,vgg16,inputxgradient,mobilenet_v2,blur,40.0,0.557
imagenet,vgg16,inputxgradient,mobilenet_v2,blur,45.0,0.519
imagenet,vgg16,inputxgradient,mobilenet_v2,blur,50.0,0.474
imagenet,vgg16,inputxgradient,mobilenet_v2,blur,55.0,0.425
imagenet,vgg16,inputxgradient,mobilenet_v2,blur,60.0,0.368
imagenet,vgg16,inputxgradient,mobilenet_v2,blur,65.0,0.296
imagenet,vgg16,inputxgradient,mobilenet_v2,blur,70.0,0.245
imagenet,vgg16,inputxgradient,mobilenet_v2,blur,75.0,0.184
imagenet,vgg16,inputxgradient,mobilenet_v2,blur,80.0,0.138
imagenet,vgg16,inputxgradient,mobilenet_v2,blur,85.0,0.089
imagenet,vgg16,inputxgradient,mobilenet_v2,blur,90.0,0.051
imagenet,vgg16,inputxgradient,mobilenet_v2,blur,95.0,0.034
imagenet,vgg16,inputxgradient,mobilenet_v2,blur,100.0,0.056
imagenet,vgg16,inputxgradient,mobilenet_v2,gray,0.0,0.801
imagenet,vgg16,inputxgradient,mobilenet_v2,gray,5.0,0.747
imagenet,vgg16,inputxgradient,mobilenet_v2,gray,10.0,0.703
imagenet,vgg16,inputxgradient,mobilenet_v2,gray,15.0,0.66
imagenet,vgg16,inputxgradient,mobilenet_v2,gray,20.0,0.638
imagenet,vgg16,inputxgradient,mobilenet_v2,gray,25.0,0.583
imagenet,vgg16,inputxgradient,mobilenet_v2,gray,30.0,0.545
imagenet,vgg16,inputxgradient,mobilenet_v2,gray,35.0,0.513
imagenet,vgg16,inputxgradient,mobilenet_v2,gray,40.0,0.458
imagenet,vgg16,inputxgradient,mobilenet_v2,gray,45.0,0.41
imagenet,vgg16,inputxgradient,mobilenet_v2,gray,50.0,0.359
imagenet,vgg16,inputxgradient,mobilenet_v2,gray,55.0,0.331
imagenet,vgg16,inputxgradient,mobilenet_v2,gray,60.0,0.285
imagenet,vgg16,inputxgradient,mobilenet_v2,gray,65.0,0.248
imagenet,vgg16,inputxgradient,mobilenet_v2,gray,70.0,0.167
imagenet,vgg16,inputxgradient,mobilenet_v2,gray,75.0,0.128
imagenet,vgg16,inputxgradient,mobilenet_v2,gray,80.0,0.099
imagenet,vgg16,inputxgradient,mobilenet_v2,gray,85.0,0.054
imagenet,vgg16,inputxgradient,mobilenet_v2,gray,90.0,0.029
imagenet,vgg16,inputxgradient,mobilenet_v2,gray,95.0,0.008
imagenet,vgg16,inputxgradient,mobilenet_v2,gray,100.0,0.001
imagenet,vgg16,inputxgradient,mobilenet_v2,mean,0.0,0.801
imagenet,vgg16,inputxgradient,mobilenet_v2,mean,5.0,0.75
imagenet,vgg16,inputxgradient,mobilenet_v2,mean,10.0,0.72
imagenet,vgg16,inputxgradient,mobilenet_v2,mean,15.0,0.679
imagenet,vgg16,inputxgradient,mobilenet_v2,mean,20.0,0.644
imagenet,vgg16,inputxgradient,mobilenet_v2,mean,25.0,0.612
imagenet,vgg16,inputxgradient,mobilenet_v2,mean,30.0,0.566
imagenet,vgg16,inputxgradient,mobilenet_v2,mean,35.0,0.536
imagenet,vgg16,inputxgradient,mobilenet_v2,mean,40.0,0.491
imagenet,vgg16,inputxgradient,mobilenet_v2,mean,45.0,0.453
imagenet,vgg16,inputxgradient,mobilenet_v2,mean,50.0,0.386
imagenet,vgg16,inputxgradient,mobilenet_v2,mean,55.0,0.361
imagenet,vgg16,inputxgradient,mobilenet_v2,mean,60.0,0.319
imagenet,vgg16,inputxgradient,mobilenet_v2,mean,65.0,0.265
imagenet,vgg16,inputxgradient,mobilenet_v2,mean,70.0,0.218
imagenet,vgg16,inputxgradient,mobilenet_v2,mean,75.0,0.154
imagenet,vgg16,inputxgradient,mobilenet_v2,mean,80.0,0.124
imagenet,vgg16,inputxgradient,mobilenet_v2,mean,85.0,0.083
imagenet,vgg16,inputxgradient,mobilenet_v2,mean,90.0,0.046
imagenet,vgg16,inputxgradient,mobilenet_v2,mean,95.0,0.016
imagenet,vgg16,inputxgradient,mobilenet_v2,mean,100.0,0.003
imagenet,vgg16,inputxgradient,mobilenet_v2,random_noise,0.0,0.801
imagenet,vgg16,inputxgradient,mobilenet_v2,random_noise,5.0,0.747
imagenet,vgg16,inputxgradient,mobilenet_v2,random_noise,10.0,0.705
imagenet,vgg16,inputxgradient,mobilenet_v2,random_noise,15.0,0.666
imagenet,vgg16,inputxgradient,mobilenet_v2,random_noise,20.0,0.625
imagenet,vgg16,inputxgradient,mobilenet_v2,random_noise,25.0,0.576
imagenet,vgg16,inputxgradient,mobilenet_v2,random_noise,30.0,0.541
imagenet,vgg16,inputxgradient,mobilenet_v2,random_noise,35.0,0.505
imagenet,vgg16,inputxgradient,mobilenet_v2,random_noise,40.0,0.445
imagenet,vgg16,inputxgradient,mobilenet_v2,random_noise,45.0,0.392
imagenet,vgg16,inputxgradient,mobilenet_v2,random_noise,50.0,0.335
imagenet,vgg16,inputxgradient,mobilenet_v2,random_noise,55.0,0.309
imagenet,vgg16,inputxgradient,mobilenet_v2,random_noise,60.0,0.253
imagenet,vgg16,inputxgradient,mobilenet_v2,random_noise,65.0,0.2
imagenet,vgg16,inputxgradient,mobilenet_v2,random_noise,70.0,0.145
imagenet,vgg16,inputxgradient,mobilenet_v2,random_noise,75.0,0.102
imagenet,vgg16,inputxgradient,mobilenet_v2,random_noise,80.0,0.072
imagenet,vgg16,inputxgradient,mobilenet_v2,random_noise,85.0,0.039
imagenet,vgg16,inputxgradient,mobilenet_v2,random_noise,90.0,0.026
imagenet,vgg16,inputxgradient,mobilenet_v2,random_noise,95.0,0.009
imagenet,vgg16,inputxgradient,mobilenet_v2,random_noise,100.0,0.001
imagenet,vgg16,inputxgradient,mobilenet_v2,white,0.0,0.801
imagenet,vgg16,inputxgradient,mobilenet_v2,white,5.0,0.663
imagenet,vgg16,inputxgradient,mobilenet_v2,white,10.0,0.57
imagenet,vgg16,inputxgradient,mobilenet_v2,white,15.0,0.504
imagenet,vgg16,inputxgradient,mobilenet_v2,white,20.0,0.442
imagenet,vgg16,inputxgradient,mobilenet_v2,white,25.0,0.39
imagenet,vgg16,inputxgradient,mobilenet_v2,white,30.0,0.352
imagenet,vgg16,inputxgradient,mobilenet_v2,white,35.0,0.316
imagenet,vgg16,inputxgradient,mobilenet_v2,white,40.0,0.26
imagenet,vgg16,inputxgradient,mobilenet_v2,white,45.0,0.235
imagenet,vgg16,inputxgradient,mobilenet_v2,white,50.0,0.205
imagenet,vgg16,inputxgradient,mobilenet_v2,white,55.0,0.171
imagenet,vgg16,inputxgradient,mobilenet_v2,white,60.0,0.128
imagenet,vgg16,inputxgradient,mobilenet_v2,white,65.0,0.115
imagenet,vgg16,inputxgradient,mobilenet_v2,white,70.0,0.079
imagenet,vgg16,inputxgradient,mobilenet_v2,white,75.0,0.06
imagenet,vgg16,inputxgradient,mobilenet_v2,white,80.0,0.044
imagenet,vgg16,inputxgradient,mobilenet_v2,white,85.0,0.029
imagenet,vgg16,inputxgradient,mobilenet_v2,white,90.0,0.012
imagenet,vgg16,inputxgradient,mobilenet_v2,white,95.0,0.008
imagenet,vgg16,inputxgradient,mobilenet_v2,white,100.0,0.001
imagenet,vgg16,inputxgradient,resnet50,black,0.0,0.92
imagenet,vgg16,inputxgradient,resnet50,black,5.0,0.824
imagenet,vgg16,inputxgradient,resnet50,black,10.0,0.744
imagenet,vgg16,inputxgradient,resnet50,black,15.0,0.672
imagenet,vgg16,inputxgradient,resnet50,black,20.0,0.606
imagenet,vgg16,inputxgradient,resnet50,black,25.0,0.527
imagenet,vgg16,inputxgradient,resnet50,black,30.0,0.491
imagenet,vgg16,inputxgradient,resnet50,black,35.0,0.446
imagenet,vgg16,inputxgradient,resnet50,black,40.0,0.402
imagenet,vgg16,inputxgradient,resnet50,black,45.0,0.345
imagenet,vgg16,inputxgradient,resnet50,black,50.0,0.299
imagenet,vgg16,inputxgradient,resnet50,black,55.0,0.264
imagenet,vgg16,inputxgradient,resnet50,black,60.0,0.213
imagenet,vgg16,inputxgradient,resnet50,black,65.0,0.178
imagenet,vgg16,inputxgradient,resnet50,black,70.0,0.133
imagenet,vgg16,inputxgradient,resnet50,black,75.0,0.099
imagenet,vgg16,inputxgradient,resnet50,black,80.0,0.06
imagenet,vgg16,inputxgradient,resnet50,black,85.0,0.04
imagenet,vgg16,inputxgradient,resnet50,black,90.0,0.014
imagenet,vgg16,inputxgradient,resnet50,black,95.0,0.001
imagenet,vgg16,inputxgradient,resnet50,black,100.0,0.001
imagenet,vgg16,inputxgradient,resnet50,blur,0.0,0.92
imagenet,vgg16,inputxgradient,resnet50,blur,5.0,0.905
imagenet,vgg16,inputxgradient,resnet50,blur,10.0,0.886
imagenet,vgg16,inputxgradient,resnet50,blur,15.0,0.862
imagenet,vgg16,inputxgradient,resnet50,blur,20.0,0.845
imagenet,vgg16,inputxgradient,resnet50,blur,25.0,0.829
imagenet,vgg16,inputxgradient,resnet50,blur,30.0,0.798
imagenet,vgg16,inputxgradient,resnet50,blur,35.0,0.75
imagenet,vgg16,inputxgradient,resnet50,blur,40.0,0.734
imagenet,vgg16,inputxgradient,resnet50,blur,45.0,0.681
imagenet,vgg16,inputxgradient,resnet50,blur,50.0,0.637
imagenet,vgg16,inputxgradient,resnet50,blur,55.0,0.578
imagenet,vgg16,inputxgradient,resnet50,blur,60.0,0.516
imagenet,vgg16,inputxgradient,resnet50,blur,65.0,0.461
imagenet,vgg16,inputxgradient,resnet50,blur,70.0,0.406
imagenet,vgg16,inputxgradient,resnet50,blur,75.0,0.348
imagenet,vgg16,inputxgradient,resnet50,blur,80.0,0.291
imagenet,vgg16,inputxgradient,resnet50,blur,85.0,0.243
imagenet,vgg16,inputxgradient,resnet50,blur,90.0,0.174
imagenet,vgg16,inputxgradient,resnet50,blur,95.0,0.12
imagenet,vgg16,inputxgradient,resnet50,blur,100.0,0.163
imagenet,vgg16,inputxgradient,resnet50,gray,0.0,0.92
imagenet,vgg16,inputxgradient,resnet50,gray,5.0,0.884
imagenet,vgg16,inputxgradient,resnet50,gray,10.0,0.846
imagenet,vgg16,inputxgradient,resnet50,gray,15.0,0.811
imagenet,vgg16,inputxgradient,resnet50,gray,20.0,0.782
imagenet,vgg16,inputxgradient,resnet50,gray,25.0,0.747
imagenet,vgg16,inputxgradient,resnet50,gray,30.0,0.705
imagenet,vgg16,inputxgradient,resnet50,gray,35.0,0.658
imagenet,vgg16,inputxgradient,resnet50,gray,40.0,0.623
imagenet,vgg16,inputxgradient,resnet50,gray,45.0,0.576
imagenet,vgg16,inputxgradient,resnet50,gray,50.0,0.543
imagenet,vgg16,inputxgradient,resnet50,gray,55.0,0.478
imagenet,vgg16,inputxgradient,resnet50,gray,60.0,0.415
imagenet,vgg16,inputxgradient,resnet50,gray,65.0,0.347
imagenet,vgg16,inputxgradient,resnet50,gray,70.0,0.301
imagenet,vgg16,inputxgradient,resnet50,gray,75.0,0.254
imagenet,vgg16,inputxgradient,resnet50,gray,80.0,0.196
imagenet,vgg16,inputxgradient,resnet50,gray,85.0,0.13
imagenet,vgg16,inputxgradient,resnet50,gray,90.0,0.081
imagenet,vgg16,inputxgradient,resnet50,gray,95.0,0.027
imagenet,vgg16,inputxgradient,resnet50,gray,100.0,0.001
imagenet,vgg16,inputxgradient,resnet50,mean,0.0,0.92
imagenet,vgg16,inputxgradient,resnet50,mean,5.0,0.903
imagenet,vgg16,inputxgradient,resnet50,mean,10.0,0.86
imagenet,vgg16,inputxgradient,resnet50,mean,15.0,0.826
imagenet,vgg16,inputxgradient,resnet50,mean,20.0,0.793
imagenet,vgg16,inputxgradient,resnet50,mean,25.0,0.776
imagenet,vgg16,inputxgradient,resnet50,mean,30.0,0.739
imagenet,vgg16,inputxgradient,resnet50,mean,35.0,0.699
imagenet,vgg16,inputxgradient,resnet50,mean,40.0,0.65
imagenet,vgg16,inputxgradient,resnet50,mean,45.0,0.603
imagenet,vgg16,inputxgradient,resnet50,mean,50.0,0.575
imagenet,vgg16,inputxgradient,resnet50,mean,55.0,0.508
imagenet,vgg16,inputxgradient,resnet50,mean,60.0,0.459
imagenet,vgg16,inputxgradient,resnet50,mean,65.0,0.391
imagenet,vgg16,inputxgradient,resnet50,mean,70.0,0.334
imagenet,vgg16,inputxgradient,resnet50,mean,75.0,0.283
imagenet,vgg16,inputxgradient,resnet50,mean,80.0,0.218
imagenet,vgg16,inputxgradient,resnet50,mean,85.0,0.156
imagenet,vgg16,inputxgradient,resnet50,mean,90.0,0.097
imagenet,vgg16,inputxgradient,resnet50,mean,95.0,0.031
imagenet,vgg16,inputxgradient,resnet50,mean,100.0,0.006
imagenet,vgg16,inputxgradient,resnet50,random_noise,0.0,0.92
imagenet,vgg16,inputxgradient,resnet50,random_noise,5.0,0.896
imagenet,vgg16,inputxgradient,resnet50,random_noise,10.0,0.851
imagenet,vgg16,inputxgradient,resnet50,random_noise,15.0,0.822
imagenet,vgg16,inputxgradient,resnet50,random_noise,20.0,0.793
imagenet,vgg16,inputxgradient,resnet50,random_noise,25.0,0.754
imagenet,vgg16,inputxgradient,resnet50,random_noise,30.0,0.713
imagenet,vgg16,inputxgradient,resnet50,random_noise,35.0,0.656
imagenet,vgg16,inputxgradient,resnet50,random_noise,40.0,0.621
imagenet,vgg16,inputxgradient,resnet50,random_noise,45.0,0.574
imagenet,vgg16,inputxgradient,resnet50,random_noise,50.0,0.524
imagenet,vgg16,inputxgradient,resnet50,random_noise,55.0,0.46
imagenet,vgg16,inputxgradient,resnet50,random_noise,60.0,0.39
imagenet,vgg16,inputxgradient,resnet50,random_noise,65.0,0.341
imagenet,vgg16,inputxgradient,resnet50,random_noise,70.0,0.273
imagenet,vgg16,inputxgradient,resnet50,random_noise,75.0,0.215
imagenet,vgg16,inputxgradient,resnet50,random_noise,80.0,0.159
imagenet,vgg16,inputxgradient,resnet50,random_noise,85.0,0.104
imagenet,vgg16,inputxgradient,resnet50,random_noise,90.0,0.062
imagenet,vgg16,inputxgradient,resnet50,random_noise,95.0,0.015
imagenet,vgg16,inputxgradient,resnet50,random_noise,100.0,0.001
imagenet,vgg16,inputxgradient,resnet50,white,0.0,0.92
imagenet,vgg16,inputxgradient,resnet50,white,5.0,0.812
imagenet,vgg16,inputxgradient,resnet50,white,10.0,0.727
imagenet,vgg16,inputxgradient,resnet50,white,15.0,0.657
imagenet,vgg16,inputxgradient,resnet50,white,20.0,0.588
imagenet,vgg16,inputxgradient,resnet50,white,25.0,0.519
imagenet,vgg16,inputxgradient,resnet50,white,30.0,0.461
imagenet,vgg16,inputxgradient,resnet50,white,35.0,0.412
imagenet,vgg16,inputxgradient,resnet50,white,40.0,0.357
imagenet,vgg16,inputxgradient,resnet50,white,45.0,0.321
imagenet,vgg16,inputxgradient,resnet50,white,50.0,0.266
imagenet,vgg16,inputxgradient,resnet50,white,55.0,0.241
imagenet,vgg16,inputxgradient,resnet50,white,60.0,0.222
imagenet,vgg16,inputxgradient,resnet50,white,65.0,0.158
imagenet,vgg16,inputxgradient,resnet50,white,70.0,0.126
imagenet,vgg16,inputxgradient,resnet50,white,75.0,0.104
imagenet,vgg16,inputxgradient,resnet50,white,80.0,0.074
imagenet,vgg16,inputxgradient,resnet50,white,85.0,0.055
imagenet,vgg16,inputxgradient,resnet50,white,90.0,0.031
imagenet,vgg16,inputxgradient,resnet50,white,95.0,0.007
imagenet,vgg16,inputxgradient,resnet50,white,100.0,0.001
imagenet,vgg16,integrated_gradients,mobilenet_v2,black,0.0,0.801
imagenet,vgg16,integrated_gradients,mobilenet_v2,black,5.0,0.698
imagenet,vgg16,integrated_gradients,mobilenet_v2,black,10.0,0.646
imagenet,vgg16,integrated_gradients,mobilenet_v2,black,15.0,0.577
imagenet,vgg16,integrated_gradients,mobilenet_v2,black,20.0,0.554
imagenet,vgg16,integrated_gradients,mobilenet_v2,black,25.0,0.517
imagenet,vgg16,integrated_gradients,mobilenet_v2,black,30.0,0.461
imagenet,vgg16,integrated_gradients,mobilenet_v2,black,35.0,0.417
imagenet,vgg16,integrated_gradients,mobilenet_v2,black,40.0,0.354
imagenet,vgg16,integrated_gradients,mobilenet_v2,black,45.0,0.331
imagenet,vgg16,integrated_gradients,mobilenet_v2,black,50.0,0.27
imagenet,vgg16,integrated_gradients,mobilenet_v2,black,55.0,0.26
imagenet,vgg16,integrated_gradients,mobilenet_v2,black,60.0,0.21
imagenet,vgg16,integrated_gradients,mobilenet_v2,black,65.0,0.159
imagenet,vgg16,integrated_gradients,mobilenet_v2,black,70.0,0.125
imagenet,vgg16,integrated_gradients,mobilenet_v2,black,75.0,0.109
imagenet,vgg16,integrated_gradients,mobilenet_v2,black,80.0,0.067
imagenet,vgg16,integrated_gradients,mobilenet_v2,black,85.0,0.035
imagenet,vgg16,integrated_gradients,mobilenet_v2,black,90.0,0.017
imagenet,vgg16,integrated_gradients,mobilenet_v2,black,95.0,0.004
imagenet,vgg16,integrated_gradients,mobilenet_v2,black,100.0,0.001
imagenet,vgg16,integrated_gradients,mobilenet_v2,blur,0.0,0.801
imagenet,vgg16,integrated_gradients,mobilenet_v2,blur,5.0,0.781
imagenet,vgg16,integrated_gradients,mobilenet_v2,blur,10.0,0.763
imagenet,vgg16,integrated_gradients,mobilenet_v2,blur,15.0,0.738
imagenet,vgg16,integrated_gradients,mobilenet_v2,blur,20.0,0.724
imagenet,vgg16,integrated_gradients,mobilenet_v2,blur,25.0,0.692
imagenet,vgg16,integrated_gradients,mobilenet_v2,blur,30.0,0.669
imagenet,vgg16,integrated_gradients,mobilenet_v2,blur,35.0,0.642
imagenet,vgg16,integrated_gradients,mobilenet_v2,blur,40.0,0.623
imagenet,vgg16,integrated_gradients,mobilenet_v2,blur,45.0,0.585
imagenet,vgg16,integrated_gradients,mobilenet_v2,blur,50.0,0.539
imagenet,vgg16,integrated_gradients,mobilenet_v2,blur,55.0,0.494
imagenet,vgg16,integrated_gradients,mobilenet_v2,blur,60.0,0.445
imagenet,vgg16,integrated_gradients,mobilenet_v2,blur,65.0,0.391
imagenet,vgg16,integrated_gradients,mobilenet_v2,blur,70.0,0.331
imagenet,vgg16,integrated_gradients,mobilenet_v2,blur,75.0,0.263
imagenet,vgg16,integrated_gradients,mobilenet_v2,blur,80.0,0.205
imagenet,vgg16,integrated_gradients,mobilenet_v2,blur,85.0,0.141
imagenet,vgg16,integrated_gradients,mobilenet_v2,blur,90.0,0.073
imagenet,vgg16,integrated_gradients,mobilenet_v2,blur,95.0,0.037
imagenet,vgg16,integrated_gradients,mobilenet_v2,blur,100.0,0.056
imagenet,vgg16,integrated_gradients,mobilenet_v2,gray,0.0,0.801
imagenet,vgg16,integrated_gradients,mobilenet_v2,gray,5.0,0.753
imagenet,vgg16,integrated_gradients,mobilenet_v2,gray,10.0,0.715
imagenet,vgg16,integrated_gradients,mobilenet_v2,gray,15.0,0.681
imagenet,vgg16,integrated_gradients,mobilenet_v2,gray,20.0,0.643
imagenet,vgg16,integrated_gradients,mobilenet_v2,gray,25.0,0.615
imagenet,vgg16,integrated_gradients,mobilenet_v2,gray,30.0,0.585
imagenet,vgg16,integrated_gradients,mobilenet_v2,gray,35.0,0.551
imagenet,vgg16,integrated_gradients,mobilenet_v2,gray,40.0,0.512
imagenet,vgg16,integrated_gradients,mobilenet_v2,gray,45.0,0.476
imagenet,vgg16,integrated_gradients,mobilenet_v2,gray,50.0,0.426
imagenet,vgg16,integrated_gradients,mobilenet_v2,gray,55.0,0.384
imagenet,vgg16,integrated_gradients,mobilenet_v2,gray,60.0,0.328
imagenet,vgg16,integrated_gradients,mobilenet_v2,gray,65.0,0.291
imagenet,vgg16,integrated_gradients,mobilenet_v2,gray,70.0,0.244
imagenet,vgg16,integrated_gradients,mobilenet_v2,gray,75.0,0.191
imagenet,vgg16,integrated_gradients,mobilenet_v2,gray,80.0,0.134
imagenet,vgg16,integrated_gradients,mobilenet_v2,gray,85.0,0.097
imagenet,vgg16,integrated_gradients,mobilenet_v2,gray,90.0,0.052
imagenet,vgg16,integrated_gradients,mobilenet_v2,gray,95.0,0.014
imagenet,vgg16,integrated_gradients,mobilenet_v2,gray,100.0,0.001
imagenet,vgg16,integrated_gradients,mobilenet_v2,mean,0.0,0.801
imagenet,vgg16,integrated_gradients,mobilenet_v2,mean,5.0,0.756
imagenet,vgg16,integrated_gradients,mobilenet_v2,mean,10.0,0.734
imagenet,vgg16,integrated_gradients,mobilenet_v2,mean,15.0,0.699
imagenet,vgg16,integrated_gradients,mobilenet_v2,mean,20.0,0.653
imagenet,vgg16,integrated_gradients,mobilenet_v2,mean,25.0,0.642
imagenet,vgg16,integrated_gradients,mobilenet_v2,mean,30.0,0.625
imagenet,vgg16,integrated_gradients,mobilenet_v2,mean,35.0,0.581
imagenet,vgg16,integrated_gradients,mobilenet_v2,mean,40.0,0.535
imagenet,vgg16,integrated_gradients,mobilenet_v2,mean,45.0,0.51
imagenet,vgg16,integrated_gradients,mobilenet_v2,mean,50.0,0.464
imagenet,vgg16,integrated_gradients,mobilenet_v2,mean,55.0,0.419
imagenet,vgg16,integrated_gradients,mobilenet_v2,mean,60.0,0.37
imagenet,vgg16,integrated_gradients,mobilenet_v2,mean,65.0,0.322
imagenet,vgg16,integrated_gradients,mobilenet_v2,mean,70.0,0.279
imagenet,vgg16,integrated_gradients,mobilenet_v2,mean,75.0,0.233
imagenet,vgg16,integrated_gradients,mobilenet_v2,mean,80.0,0.169
imagenet,vgg16,integrated_gradients,mobilenet_v2,mean,85.0,0.114
imagenet,vgg16,integrated_gradients,mobilenet_v2,mean,90.0,0.067
imagenet,vgg16,integrated_gradients,mobilenet_v2,mean,95.0,0.027
imagenet,vgg16,integrated_gradients,mobilenet_v2,mean,100.0,0.003
imagenet,vgg16,integrated_gradients,mobilenet_v2,random_noise,0.0,0.801
imagenet,vgg16,integrated_gradients,mobilenet_v2,random_noise,5.0,0.75
imagenet,vgg16,integrated_gradients,mobilenet_v2,random_noise,10.0,0.708
imagenet,vgg16,integrated_gradients,mobilenet_v2,random_noise,15.0,0.689
imagenet,vgg16,integrated_gradients,mobilenet_v2,random_noise,20.0,0.65
imagenet,vgg16,integrated_gradients,mobilenet_v2,random_noise,25.0,0.61
imagenet,vgg16,integrated_gradients,mobilenet_v2,random_noise,30.0,0.584
imagenet,vgg16,integrated_gradients,mobilenet_v2,random_noise,35.0,0.544
imagenet,vgg16,integrated_gradients,mobilenet_v2,random_noise,40.0,0.499
imagenet,vgg16,integrated_gradients,mobilenet_v2,random_noise,45.0,0.468
imagenet,vgg16,integrated_gradients,mobilenet_v2,random_noise,50.0,0.427
imagenet,vgg16,integrated_gradients,mobilenet_v2,random_noise,55.0,0.366
imagenet,vgg16,integrated_gradients,mobilenet_v2,random_noise,60.0,0.302
imagenet,vgg16,integrated_gradients,mobilenet_v2,random_noise,65.0,0.253
imagenet,vgg16,integrated_gradients,mobilenet_v2,random_noise,70.0,0.223
imagenet,vgg16,integrated_gradients,mobilenet_v2,random_noise,75.0,0.172
imagenet,vgg16,integrated_gradients,mobilenet_v2,random_noise,80.0,0.102
imagenet,vgg16,integrated_gradients,mobilenet_v2,random_noise,85.0,0.06
imagenet,vgg16,integrated_gradients,mobilenet_v2,random_noise,90.0,0.032
imagenet,vgg16,integrated_gradients,mobilenet_v2,random_noise,95.0,0.012
imagenet,vgg16,integrated_gradients,mobilenet_v2,random_noise,100.0,0.001
imagenet,vgg16,integrated_gradients,mobilenet_v2,white,0.0,0.801
imagenet,vgg16,integrated_gradients,mobilenet_v2,white,5.0,0.675
imagenet,vgg16,integrated_gradients,mobilenet_v2,white,10.0,0.595
imagenet,vgg16,integrated_gradients,mobilenet_v2,white,15.0,0.534
imagenet,vgg16,integrated_gradients,mobilenet_v2,white,20.0,0.494
imagenet,vgg16,integrated_gradients,mobilenet_v2,white,25.0,0.419
imagenet,vgg16,integrated_gradients,mobilenet_v2,white,30.0,0.377
imagenet,vgg16,integrated_gradients,mobilenet_v2,white,35.0,0.321
imagenet,vgg16,integrated_gradients,mobilenet_v2,white,40.0,0.294
imagenet,vgg16,integrated_gradients,mobilenet_v2,white,45.0,0.26
imagenet,vgg16,integrated_gradients,mobilenet_v2,white,50.0,0.237
imagenet,vgg16,integrated_gradients,mobilenet_v2,white,55.0,0.205
imagenet,vgg16,integrated_gradients,mobilenet_v2,white,60.0,0.179
imagenet,vgg16,integrated_gradients,mobilenet_v2,white,65.0,0.142
imagenet,vgg16,integrated_gradients,mobilenet_v2,white,70.0,0.116
imagenet,vgg16,integrated_gradients,mobilenet_v2,white,75.0,0.09
imagenet,vgg16,integrated_gradients,mobilenet_v2,white,80.0,0.06
imagenet,vgg16,integrated_gradients,mobilenet_v2,white,85.0,0.04
imagenet,vgg16,integrated_gradients,mobilenet_v2,white,90.0,0.019
imagenet,vgg16,integrated_gradients,mobilenet_v2,white,95.0,0.013
imagenet,vgg16,integrated_gradients,mobilenet_v2,white,100.0,0.001
imagenet,vgg16,integrated_gradients,resnet50,black,0.0,0.92
imagenet,vgg16,integrated_gradients,resnet50,black,5.0,0.843
imagenet,vgg16,integrated_gradients,resnet50,black,10.0,0.779
imagenet,vgg16,integrated_gradients,resnet50,black,15.0,0.712
imagenet,vgg16,integrated_gradients,resnet50,black,20.0,0.661
imagenet,vgg16,integrated_gradients,resnet50,black,25.0,0.59
imagenet,vgg16,integrated_gradients,resnet50,black,30.0,0.543
imagenet,vgg16,integrated_gradients,resnet50,black,35.0,0.483
imagenet,vgg16,integrated_gradients,resnet50,black,40.0,0.446
imagenet,vgg16,integrated_gradients,resnet50,black,45.0,0.4
imagenet,vgg16,integrated_gradients,resnet50,black,50.0,0.362
imagenet,vgg16,integrated_gradients,resnet50,black,55.0,0.315
imagenet,vgg16,integrated_gradients,resnet50,black,60.0,0.263
imagenet,vgg16,integrated_gradients,resnet50,black,65.0,0.241
imagenet,vgg16,integrated_gradients,resnet50,black,70.0,0.191
imagenet,vgg16,integrated_gradients,resnet50,black,75.0,0.132
imagenet,vgg16,integrated_gradients,resnet50,black,80.0,0.101
imagenet,vgg16,integrated_gradients,resnet50,black,85.0,0.064
imagenet,vgg16,integrated_gradients,resnet50,black,90.0,0.029
imagenet,vgg16,integrated_gradients,resnet50,black,95.0,0.006
imagenet,vgg16,integrated_gradients,resnet50,black,100.0,0.001
imagenet,vgg16,integrated_gradients,resnet50,blur,0.0,0.92
imagenet,vgg16,integrated_gradients,resnet50,blur,5.0,0.909
imagenet,vgg16,integrated_gradients,resnet50,blur,10.0,0.891
imagenet,vgg16,integrated_gradients,resnet50,blur,15.0,0.882
imagenet,vgg16,integrated_gradients,resnet50,blur,20.0,0.861
imagenet,vgg16,integrated_gradients,resnet50,blur,25.0,0.843
imagenet,vgg16,integrated_gradients,resnet50,blur,30.0,0.815
imagenet,vgg16,integrated_gradients,resnet50,blur,35.0,0.795
imagenet,vgg16,integrated_gradients,resnet50,blur,40.0,0.783
imagenet,vgg16,integrated_gradients,resnet50,blur,45.0,0.747
imagenet,vgg16,integrated_gradients,resnet50,blur,50.0,0.706
imagenet,vgg16,integrated_gradients,resnet50,blur,55.0,0.654
imagenet,vgg16,integrated_gradients,resnet50,blur,60.0,0.605
imagenet,vgg16,integrated_gradients,resnet50,blur,65.0,0.553
imagenet,vgg16,integrated_gradients,resnet50,blur,70.0,0.49
imagenet,vgg16,integrated_gradients,resnet50,blur,75.0,0.439
imagenet,vgg16,integrated_gradients,resnet50,blur,80.0,0.36
imagenet,vgg16,integrated_gradients,resnet50,blur,85.0,0.287
imagenet,vgg16,integrated_gradients,resnet50,blur,90.0,0.216
imagenet,vgg16,integrated_gradients,resnet50,blur,95.0,0.128
imagenet,vgg16,integrated_gradients,resnet50,blur,100.0,0.163
imagenet,vgg16,integrated_gradients,resnet50,gray,0.0,0.92
imagenet,vgg16,integrated_gradients,resnet50,gray,5.0,0.889
imagenet,vgg16,integrated_gradients,resnet50,gray,10.0,0.863
imagenet,vgg16,integrated_gradients,resnet50,gray,15.0,0.831
imagenet,vgg16,integrated_gradients,resnet50,gray,20.0,0.802
imagenet,vgg16,integrated_gradients,resnet50,gray,25.0,0.777
imagenet,vgg16,integrated_gradients,resnet50,gray,30.0,0.752
imagenet,vgg16,integrated_gradients,resnet50,gray,35.0,0.717
imagenet,vgg16,integrated_gradients,resnet50,gray,40.0,0.685
imagenet,vgg16,integrated_gradients,resnet50,gray,45.0,0.642
imagenet,vgg16,integrated_gradients,resnet50,gray,50.0,0.6
imagenet,vgg16,integrated_gradients,resnet50,gray,55.0,0.558
imagenet,vgg16,integrated_gradients,resnet50,gray,60.0,0.515
imagenet,vgg16,integrated_gradients,resnet50,gray,65.0,0.462
imagenet,vgg16,integrated_gradients,resnet50,gray,70.0,0.398
imagenet,vgg16,integrated_gradients,resnet50,gray,75.0,0.343
imagenet,vgg16,integrated_gradients,resnet50,gray,80.0,0.284
imagenet,vgg16,integrated_gradients,resnet50,gray,85.0,0.213
imagenet,vgg16,integrated_gradients,resnet50,gray,90.0,0.127
imagenet,vgg16,integrated_gradients,resnet50,gray,95.0,0.047
imagenet,vgg16,integrated_gradients,resnet50,gray,100.0,0.001
imagenet,vgg16,integrated_gradients,resnet50,mean,0.0,0.92
imagenet,vgg16,integrated_gradients,resnet50,mean,5.0,0.895
imagenet,vgg16,integrated_gradients,resnet50,mean,10.0,0.873
imagenet,vgg16,integrated_gradients,resnet50,mean,15.0,0.852
imagenet,vgg16,integrated_gradients,resnet50,mean,20.0,0.831
imagenet,vgg16,integrated_gradients,resnet50,mean,25.0,0.793
imagenet,vgg16,integrated_gradients,resnet50,mean,30.0,0.778
imagenet,vgg16,integrated_gradients,resnet50,mean,35.0,0.743
imagenet,vgg16,integrated_gradients,resnet50,mean,40.0,0.714
imagenet,vgg16,integrated_gradients,resnet50,mean,45.0,0.667
imagenet,vgg16,integrated_gradients,resnet50,mean,50.0,0.629
imagenet,vgg16,integrated_gradients,resnet50,mean,55.0,0.6
imagenet,vgg16,integrated_gradients,resnet50,mean,60.0,0.548
imagenet,vgg16,integrated_gradients,resnet50,mean,65.0,0.492
imagenet,vgg16,integrated_gradients,resnet50,mean,70.0,0.436
imagenet,vgg16,integrated_gradients,resnet50,mean,75.0,0.392
imagenet,vgg16,integrated_gradients,resnet50,mean,80.0,0.309
imagenet,vgg16,integrated_gradients,resnet50,mean,85.0,0.231
imagenet,vgg16,integrated_gradients,resnet50,mean,90.0,0.141
imagenet,vgg16,integrated_gradients,resnet50,mean,95.0,0.052
imagenet,vgg16,integrated_gradients,resnet50,mean,100.0,0.006
imagenet,vgg16,integrated_gradients,resnet50,random_noise,0.0,0.92
imagenet,vgg16,integrated_gradients,resnet50,random_noise,5.0,0.89
imagenet,vgg16,integrated_gradients,resnet50,random_noise,10.0,0.868
imagenet,vgg16,integrated_gradients,resnet50,random_noise,15.0,0.837
imagenet,vgg16,integrated_gradients,resnet50,random_noise,20.0,0.808
imagenet,vgg16,integrated_gradients,resnet50,random_noise,25.0,0.777
imagenet,vgg16,integrated_gradients,resnet50,random_noise,30.0,0.751
imagenet,vgg16,integrated_gradients,resnet50,random_noise,35.0,0.72
imagenet,vgg16,integrated_gradients,resnet50,random_noise,40.0,0.674
imagenet,vgg16,integrated_gradients,resnet50,random_noise,45.0,0.636
imagenet,vgg16,integrated_gradients,resnet50,random_noise,50.0,0.579
imagenet,vgg16,integrated_gradients,resnet50,random_noise,55.0,0.543
imagenet,vgg16,integrated_gradients,resnet50,random_noise,60.0,0.482
imagenet,vgg16,integrated_gradients,resnet50,random_noise,65.0,0.429
imagenet,vgg16,integrated_gradients,resnet50,random_noise,70.0,0.355
imagenet,vgg16,integrated_gradients,resnet50,random_noise,75.0,0.287
imagenet,vgg16,integrated_gradients,resnet50,random_noise,80.0,0.22
imagenet,vgg16,integrated_gradients,resnet50,random_noise,85.0,0.155
imagenet,vgg16,integrated_gradients,resnet50,random_noise,90.0,0.082
imagenet,vgg16,integrated_gradients,resnet50,random_noise,95.0,0.025
imagenet,vgg16,integrated_gradients,resnet50,random_noise,100.0,0.001
imagenet,vgg16,integrated_gradients,resnet50,white,0.0,0.92
imagenet,vgg16,integrated_gradients,resnet50,white,5.0,0.83
imagenet,vgg16,integrated_gradients,resnet50,white,10.0,0.755
imagenet,vgg16,integrated_gradients,resnet50,white,15.0,0.698
imagenet,vgg16,integrated_gradients,resnet50,white,20.0,0.639
imagenet,vgg16,integrated_gradients,resnet50,white,25.0,0.573
imagenet,vgg16,integrated_gradients,resnet50,white,30.0,0.52
imagenet,vgg16,integrated_gradients,resnet50,white,35.0,0.464
imagenet,vgg16,integrated_gradients,resnet50,white,40.0,0.404
imagenet,vgg16,integrated_gradients,resnet50,white,45.0,0.355
imagenet,vgg16,integrated_gradients,resnet50,white,50.0,0.324
imagenet,vgg16,integrated_gradients,resnet50,white,55.0,0.284
imagenet,vgg16,integrated_gradients,resnet50,white,60.0,0.227
imagenet,vgg16,integrated_gradients,resnet50,white,65.0,0.195
imagenet,vgg16,integrated_gradients,resnet50,white,70.0,0.162
imagenet,vgg16,integrated_gradients,resnet50,white,75.0,0.141
imagenet,vgg16,integrated_gradients,resnet50,white,80.0,0.096
imagenet,vgg16,integrated_gradients,resnet50,white,85.0,0.056
imagenet,vgg16,integrated_gradients,resnet50,white,90.0,0.033
imagenet,vgg16,integrated_gradients,resnet50,white,95.0,0.013
imagenet,vgg16,integrated_gradients,resnet50,white,100.0,0.001
imagenet,vgg16,saliency,mobilenet_v2,black,0.0,0.801
imagenet,vgg16,saliency,mobilenet_v2,black,5.0,0.715
imagenet,vgg16,saliency,mobilenet_v2,black,10.0,0.648
imagenet,vgg16,saliency,mobilenet_v2,black,15.0,0.574
imagenet,vgg16,saliency,mobilenet_v2,black,20.0,0.524
imagenet,vgg16,saliency,mobilenet_v2,black,25.0,0.454
imagenet,vgg16,saliency,mobilenet_v2,black,30.0,0.403
imagenet,vgg16,saliency,mobilenet_v2,black,35.0,0.367
imagenet,vgg16,saliency,mobilenet_v2,black,40.0,0.317
imagenet,vgg16,saliency,mobilenet_v2,black,45.0,0.258
imagenet,vgg16,saliency,mobilenet_v2,black,50.0,0.205
imagenet,vgg16,saliency,mobilenet_v2,black,55.0,0.16
imagenet,vgg16,saliency,mobilenet_v2,black,60.0,0.126
imagenet,vgg16,saliency,mobilenet_v2,black,65.0,0.106
imagenet,vgg16,saliency,mobilenet_v2,black,70.0,0.08
imagenet,vgg16,saliency,mobilenet_v2,black,75.0,0.058
imagenet,vgg16,saliency,mobilenet_v2,black,80.0,0.033
imagenet,vgg16,saliency,mobilenet_v2,black,85.0,0.016
imagenet,vgg16,saliency,mobilenet_v2,black,90.0,0.006
imagenet,vgg16,saliency,mobilenet_v2,black,95.0,0.001
imagenet,vgg16,saliency,mobilenet_v2,black,100.0,0.001
imagenet,vgg16,saliency,mobilenet_v2,blur,0.0,0.801
imagenet,vgg16,saliency,mobilenet_v2,blur,5.0,0.778
imagenet,vgg16,saliency,mobilenet_v2,blur,10.0,0.739
imagenet,vgg16,saliency,mobilenet_v2,blur,15.0,0.715
imagenet,vgg16,saliency,mobilenet_v2,blur,20.0,0.686
imagenet,vgg16,saliency,mobilenet_v2,blur,25.0,0.646
imagenet,vgg16,saliency,mobilenet_v2,blur,30.0,0.605
imagenet,vgg16,saliency,mobilenet_v2,blur,35.0,0.572
imagenet,vgg16,saliency,mobilenet_v2,blur,40.0,0.537
imagenet,vgg16,saliency,mobilenet_v2,blur,45.0,0.494
imagenet,vgg16,saliency,mobilenet_v2,blur,50.0,0.438
imagenet,vgg16,saliency,mobilenet_v2,blur,55.0,0.389
imagenet,vgg16,saliency,mobilenet_v2,blur,60.0,0.333
imagenet,vgg16,saliency,mobilenet_v2,blur,65.0,0.273
imagenet,vgg16,saliency,mobilenet_v2,blur,70.0,0.233
imagenet,vgg16,saliency,mobilenet_v2,blur,75.0,0.177
imagenet,vgg16,saliency,mobilenet_v2,blur,80.0,0.12
imagenet,vgg16,saliency,mobilenet_v2,blur,85.0,0.068
imagenet,vgg16,saliency,mobilenet_v2,blur,90.0,0.037
imagenet,vgg16,saliency,mobilenet_v2,blur,95.0,0.025
imagenet,vgg16,saliency,mobilenet_v2,blur,100.0,0.056
imagenet,vgg16,saliency,mobilenet_v2,gray,0.0,0.801
imagenet,vgg16,saliency,mobilenet_v2,gray,5.0,0.736
imagenet,vgg16,saliency,mobilenet_v2,gray,10.0,0.686
imagenet,vgg16,saliency,mobilenet_v2,gray,15.0,0.642
imagenet,vgg16,saliency,mobilenet_v2,gray,20.0,0.595
imagenet,vgg16,saliency,mobilenet_v2,gray,25.0,0.538
imagenet,vgg16,saliency,mobilenet_v2,gray,30.0,0.488
imagenet,vgg16,saliency,mobilenet_v2,gray,35.0,0.441
imagenet,vgg16,saliency,mobilenet_v2,gray,40.0,0.399
imagenet,vgg16,saliency,mobilenet_v2,gray,45.0,0.348
imagenet,vgg16,saliency,mobilenet_v2,gray,50.0,0.316
imagenet,vgg16,saliency,mobilenet_v2,gray,55.0,0.273
imagenet,vgg16,saliency,mobilenet_v2,gray,60.0,0.224
imagenet,vgg16,saliency,mobilenet_v2,gray,65.0,0.191
imagenet,vgg16,saliency,mobilenet_v2,gray,70.0,0.141
imagenet,vgg16,saliency,mobilenet_v2,gray,75.0,0.103
imagenet,vgg16,saliency,mobilenet_v2,gray,80.0,0.065
imagenet,vgg16,saliency,mobilenet_v2,gray,85.0,0.043
imagenet,vgg16,saliency,mobilenet_v2,gray,90.0,0.022
imagenet,vgg16,saliency,mobilenet_v2,gray,95.0,0.001
imagenet,vgg16,saliency,mobilenet_v2,gray,100.0,0.001
imagenet,vgg16,saliency,mobilenet_v2,mean,0.0,0.801
imagenet,vgg16,saliency,mobilenet_v2,mean,5.0,0.755
imagenet,vgg16,saliency,mobilenet_v2,mean,10.0,0.705
imagenet,vgg16,saliency,mobilenet_v2,mean,15.0,0.666
imagenet,vgg16,saliency,mobilenet_v2,mean,20.0,0.615
imagenet,vgg16,saliency,mobilenet_v2,mean,25.0,0.577
imagenet,vgg16,saliency,mobilenet_v2,mean,30.0,0.522
imagenet,vgg16,saliency,mobilenet_v2,mean,35.0,0.487
imagenet,vgg16,saliency,mobilenet_v2,mean,40.0,0.435
imagenet,vgg16,saliency,mobilenet_v2,mean,45.0,0.396
imagenet,vgg16,saliency,mobilenet_v2,mean,50.0,0.362
imagenet,vgg16,saliency,mobilenet_v2,mean,55.0,0.309
imagenet,vgg16,saliency,mobilenet_v2,mean,60.0,0.249
imagenet,vgg16,saliency,mobilenet_v2,mean,65.0,0.214
imagenet,vgg16,saliency,mobilenet_v2,mean,70.0,0.169
imagenet,vgg16,saliency,mobilenet_v2,mean,75.0,0.122
imagenet,vgg16,saliency,mobilenet_v2,mean,80.0,0.076
imagenet,vgg16,saliency,mobilenet_v2,mean,85.0,0.042
imagenet,vgg16,saliency,mobilenet_v2,mean,90.0,0.027
imagenet,vgg16,saliency,mobilenet_v2,mean,95.0,0.011
imagenet,vgg16,saliency,mobilenet_v2,mean,100.0,0.003
imagenet,vgg16,saliency,mobilenet_v2,random_noise,0.0,0.801
imagenet,vgg16,saliency,mobilenet_v2,random_noise,5.0,0.741
imagenet,vgg16,saliency,mobilenet_v2,random_noise,10.0,0.689
imagenet,vgg16,saliency,mobilenet_v2,random_noise,15.0,0.648
imagenet,vgg16,saliency,mobilenet_v2,random_noise,20.0,0.59
imagenet,vgg16,saliency,mobilenet_v2,random_noise,25.0,0.544
imagenet,vgg16,saliency,mobilenet_v2,random_noise,30.0,0.486
imagenet,vgg16,saliency,mobilenet_v2,random_noise,35.0,0.443
imagenet,vgg16,saliency,mobilenet_v2,random_noise,40.0,0.393
imagenet,vgg16,saliency,mobilenet_v2,random_noise,45.0,0.342
imagenet,vgg16,saliency,mobilenet_v2,random_noise,50.0,0.301
imagenet,vgg16,saliency,mobilenet_v2,random_noise,55.0,0.268
imagenet,vgg16,saliency,mobilenet_v2,random_noise,60.0,0.225
imagenet,vgg16,saliency,mobilenet_v2,random_noise,65.0,0.178
imagenet,vgg16,saliency,mobilenet_v2,random_noise,70.0,0.13
imagenet,vgg16,saliency,mobilenet_v2,random_noise,75.0,0.085
imagenet,vgg16,saliency,mobilenet_v2,random_noise,80.0,0.062
imagenet,vgg16,saliency,mobilenet_v2,random_noise,85.0,0.034
imagenet,vgg16,saliency,mobilenet_v2,random_noise,90.0,0.018
imagenet,vgg16,saliency,mobilenet_v2,random_noise,95.0,0.004
imagenet,vgg16,saliency,mobilenet_v2,random_noise,100.0,0.001
imagenet,vgg16,saliency,mobilenet_v2,white,0.0,0.801
imagenet,vgg16,saliency,mobilenet_v2,white,5.0,0.674
imagenet,vgg16,saliency,mobilenet_v2,white,10.0,0.581
imagenet,vgg16,saliency,mobilenet_v2,white,15.0,0.494
imagenet,vgg16,saliency,mobilenet_v2,white,20.0,0.439
imagenet,vgg16,saliency,mobilenet_v2,white,25.0,0.386
imagenet,vgg16,saliency,mobilenet_v2,white,30.0,0.338
imagenet,vgg16,saliency,mobilenet_v2,white,35.0,0.283
imagenet,vgg16,saliency,mobilenet_v2,white,40.0,0.247
imagenet,vgg16,saliency,mobilenet_v2,white,45.0,0.207
imagenet,vgg16,saliency,mobilenet_v2,white,50.0,0.169
imagenet,vgg16,saliency,mobilenet_v2,white,55.0,0.133
imagenet,vgg16,saliency,mobilenet_v2,white,60.0,0.105
imagenet,vgg16,saliency,mobilenet_v2,white,65.0,0.074
imagenet,vgg16,saliency,mobilenet_v2,white,70.0,0.071
imagenet,vgg16,saliency,mobilenet_v2,white,75.0,0.044
imagenet,vgg16,saliency,mobilenet_v2,white,80.0,0.038
imagenet,vgg16,saliency,mobilenet_v2,white,85.0,0.016
imagenet,vgg16,saliency,mobilenet_v2,white,90.0,0.003
imagenet,vgg16,saliency,mobilenet_v2,white,95.0,0.002
imagenet,vgg16,saliency,mobilenet_v2,white,100.0,0.001
imagenet,vgg16,saliency,resnet50,black,0.0,0.92
imagenet,vgg16,saliency,resnet50,black,5.0,0.842
imagenet,vgg16,saliency,resnet50,black,10.0,0.754
imagenet,vgg16,saliency,resnet50,black,15.0,0.693
imagenet,vgg16,saliency,resnet50,black,20.0,0.6
imagenet,vgg16,saliency,resnet50,black,25.0,0.538
imagenet,vgg16,saliency,resnet50,black,30.0,0.471
imagenet,vgg16,saliency,resnet50,black,35.0,0.405
imagenet,vgg16,saliency,resnet50,black,40.0,0.352
imagenet,vgg16,saliency,resnet50,black,45.0,0.307
imagenet,vgg16,saliency,resnet50,black,50.0,0.267
imagenet,vgg16,saliency,resnet50,black,55.0,0.222
imagenet,vgg16,saliency,resnet50,black,60.0,0.177
imagenet,vgg16,saliency,resnet50,black,65.0,0.134
imagenet,vgg16,saliency,resnet50,black,70.0,0.097
imagenet,vgg16,saliency,resnet50,black,75.0,0.067
imagenet,vgg16,saliency,resnet50,black,80.0,0.043
imagenet,vgg16,saliency,resnet50,black,85.0,0.024
imagenet,vgg16,saliency,resnet50,black,90.0,0.011
imagenet,vgg16,saliency,resnet50,black,95.0,0.003
imagenet,vgg16,saliency,resnet50,black,100.0,0.001
imagenet,vgg16,saliency,resnet50,blur,0.0,0.92
imagenet,vgg16,saliency,resnet50,blur,5.0,0.906
imagenet,vgg16,saliency,resnet50,blur,10.0,0.89
imagenet,vgg16,saliency,resnet50,blur,15.0,0.873
imagenet,vgg16,saliency,resnet50,blur,20.0,0.852
imagenet,vgg16,saliency,resnet50,blur,25.0,0.813
imagenet,vgg16,saliency,resnet50,blur,30.0,0.775
imagenet,vgg16,saliency,resnet50,blur,35.0,0.735
imagenet,vgg16,saliency,resnet50,blur,40.0,0.697
imagenet,vgg16,saliency,resnet50,blur,45.0,0.646
imagenet,vgg16,saliency,resnet50,blur,50.0,0.608
imagenet,vgg16,saliency,resnet50,blur,55.0,0.564
imagenet,vgg16,saliency,resnet50,blur,60.0,0.501
imagenet,vgg16,saliency,resnet50,blur,65.0,0.447
imagenet,vgg16,saliency,resnet50,blur,70.0,0.379
imagenet,vgg16,saliency,resnet50,blur,75.0,0.331
imagenet,vgg16,saliency,resnet50,blur,80.0,0.262
imagenet,vgg16,saliency,resnet50,blur,85.0,0.2
imagenet,vgg16,saliency,resnet50,blur,90.0,0.171
imagenet,vgg16,saliency,resnet50,blur,95.0,0.116
imagenet,vgg16,saliency,resnet50,blur,100.0,0.163
imagenet,vgg16,saliency,resnet50,gray,0.0,0.92
imagenet,vgg16,saliency,resnet50,gray,5.0,0.865
imagenet,vgg16,saliency,resnet50,gray,10.0,0.827
imagenet,vgg16,saliency,resnet50,gray,15.0,0.775
imagenet,vgg16,saliency,resnet50,gray,20.0,0.731
imagenet,vgg16,saliency,resnet50,gray,25.0,0.681
imagenet,vgg16,saliency,resnet50,gray,30.0,0.617
imagenet,vgg16,saliency,resnet50,gray,35.0,0.573
imagenet,vgg16,saliency,resnet50,gray,40.0,0.515
imagenet,vgg16,saliency,resnet50,gray,45.0,0.477
imagenet,vgg16,saliency,resnet50,gray,50.0,0.425
imagenet,vgg16,saliency,resnet50,gray,55.0,0.394
imagenet,vgg16,saliency,resnet50,gray,60.0,0.351
imagenet,vgg16,saliency,resnet50,gray,65.0,0.294
imagenet,vgg16,saliency,resnet50,gray,70.0,0.243
imagenet,vgg16,saliency,resnet50,gray,75.0,0.188
imagenet,vgg16,saliency,resnet50,gray,80.0,0.153
imagenet,vgg16,saliency,resnet50,gray,85.0,0.101
imagenet,vgg16,saliency,resnet50,gray,90.0,0.054
imagenet,vgg16,saliency,resnet50,gray,95.0,0.017
imagenet,vgg16,saliency,resnet50,gray,100.0,0.001
imagenet,vgg16,saliency,resnet50,mean,0.0,0.92
imagenet,vgg16,saliency,resnet50,mean,5.0,0.884
imagenet,vgg16,saliency,resnet50,mean,10.0,0.85
imagenet,vgg16,saliency,resnet50,mean,15.0,0.801
imagenet,vgg16,saliency,resnet50,mean,20.0,0.773
imagenet,vgg16,saliency,resnet50,mean,25.0,0.719
imagenet,vgg16,saliency,resnet50,mean,30.0,0.671
imagenet,vgg16,saliency,resnet50,mean,35.0,0.625
imagenet,vgg16,saliency,resnet50,mean,40.0,0.585
imagenet,vgg16,saliency,resnet50,mean,45.0,0.518
imagenet,vgg16,saliency,resnet50,mean,50.0,0.478
imagenet,vgg16,saliency,resnet50,mean,55.0,0.41
imagenet,vgg16,saliency,resnet50,mean,60.0,0.366
imagenet,vgg16,saliency,resnet50,mean,65.0,0.314
imagenet,vgg16,saliency,resnet50,mean,70.0,0.272
imagenet,vgg16,saliency,resnet50,mean,75.0,0.228
imagenet,vgg16,saliency,resnet50,mean,80.0,0.168
imagenet,vgg16,saliency,resnet50,mean,85.0,0.121
imagenet,vgg16,saliency,resnet50,mean,90.0,0.064
imagenet,vgg16,saliency,resnet50,mean,95.0,0.02
imagenet,vgg16,saliency,resnet50,mean,100.0,0.006
imagenet,vgg16,saliency,resnet50,random_noise,0.0,0.92
imagenet,vgg16,saliency,resnet50,random_noise,5.0,0.871
imagenet,vgg16,saliency,resnet50,random_noise,10.0,0.83
imagenet,vgg16,saliency,resnet50,random_noise,15.0,0.786
imagenet,vgg16,saliency,resnet50,random_noise,20.0,0.735
imagenet,vgg16,saliency,resnet50,random_noise,25.0,0.688
imagenet,vgg16,saliency,resnet50,random_noise,30.0,0.64
imagenet,vgg16,saliency,resnet50,random_noise,35.0,0.561
imagenet,vgg16,saliency,resnet50,random_noise,40.0,0.507
imagenet,vgg16,saliency,resnet50,random_noise,45.0,0.475
imagenet,vgg16,saliency,resnet50,random_noise,50.0,0.427
imagenet,vgg16,saliency,resnet50,random_noise,55.0,0.367
imagenet,vgg16,saliency,resnet50,random_noise,60.0,0.327
imagenet,vgg16,saliency,resnet50,random_noise,65.0,0.267
imagenet,vgg16,saliency,resnet50,random_noise,70.0,0.221
imagenet,vgg16,saliency,resnet50,random_noise,75.0,0.164
imagenet,vgg16,saliency,resnet50,random_noise,80.0,0.123
imagenet,vgg16,saliency,resnet50,random_noise,85.0,0.078
imagenet,vgg16,saliency,resnet50,random_noise,90.0,0.039
imagenet,vgg16,saliency,resnet50,random_noise,95.0,0.009
imagenet,vgg16,saliency,resnet50,random_noise,100.0,0.001
imagenet,vgg16,saliency,resnet50,white,0.0,0.92
imagenet,vgg16,saliency,resnet50,white,5.0,0.819
imagenet,vgg16,saliency,resnet50,white,10.0,0.734
imagenet,vgg16,saliency,resnet50,white,15.0,0.651
imagenet,vgg16,saliency,resnet50,white,20.0,0.571
imagenet,vgg16,saliency,resnet50,white,25.0,0.491
imagenet,vgg16,saliency,resnet50,white,30.0,0.431
imagenet,vgg16,saliency,resnet50,white,35.0,0.373
imagenet,vgg16,saliency,resnet50,white,40.0,0.321
imagenet,vgg16,saliency,resnet50,white,45.0,0.276
imagenet,vgg16,saliency,resnet50,white,50.0,0.235
imagenet,vgg16,saliency,resnet50,white,55.0,0.198
imagenet,vgg16,saliency,resnet50,white,60.0,0.158
imagenet,vgg16,saliency,resnet50,white,65.0,0.114
imagenet,vgg16,saliency,resnet50,white,70.0,0.087
imagenet,vgg16,saliency,resnet50,white,75.0,0.071
imagenet,vgg16,saliency,resnet50,white,80.0,0.047
imagenet,vgg16,saliency,resnet50,white,85.0,0.024
imagenet,vgg16,saliency,resnet50,white,90.0,0.007
imagenet,vgg16,saliency,resnet50,white,95.0,0.004
imagenet,vgg16,saliency,resnet50,white,100.0,0.001
imagenet,vgg16,smoothgrad,mobilenet_v2,black,0.0,0.801
imagenet,vgg16,smoothgrad,mobilenet_v2,black,5.0,0.776
imagenet,vgg16,smoothgrad,mobilenet_v2,black,10.0,0.751
imagenet,vgg16,smoothgrad,mobilenet_v2,black,15.0,0.736
imagenet,vgg16,smoothgrad,mobilenet_v2,black,20.0,0.71
imagenet,vgg16,smoothgrad,mobilenet_v2,black,25.0,0.672
imagenet,vgg16,smoothgrad,mobilenet_v2,black,30.0,0.645
imagenet,vgg16,smoothgrad,mobilenet_v2,black,35.0,0.616
imagenet,vgg16,smoothgrad,mobilenet_v2,black,40.0,0.594
imagenet,vgg16,smoothgrad,mobilenet_v2,black,45.0,0.549
imagenet,vgg16,smoothgrad,mobilenet_v2,black,50.0,0.502
imagenet,vgg16,smoothgrad,mobilenet_v2,black,55.0,0.449
imagenet,vgg16,smoothgrad,mobilenet_v2,black,60.0,0.411
imagenet,vgg16,smoothgrad,mobilenet_v2,black,65.0,0.351
imagenet,vgg16,smoothgrad,mobilenet_v2,black,70.0,0.288
imagenet,vgg16,smoothgrad,mobilenet_v2,black,75.0,0.236
imagenet,vgg16,smoothgrad,mobilenet_v2,black,80.0,0.184
imagenet,vgg16,smoothgrad,mobilenet_v2,black,85.0,0.128
imagenet,vgg16,smoothgrad,mobilenet_v2,black,90.0,0.058
imagenet,vgg16,smoothgrad,mobilenet_v2,black,95.0,0.009
imagenet,vgg16,smoothgrad,mobilenet_v2,black,100.0,0.001
imagenet,vgg16,smoothgrad,mobilenet_v2,blur,0.0,0.801
imagenet,vgg16,smoothgrad,mobilenet_v2,blur,5.0,0.79
imagenet,vgg16,smoothgrad,mobilenet_v2,blur,10.0,0.778
imagenet,vgg16,smoothgrad,mobilenet_v2,blur,15.0,0.76
imagenet,vgg16,smoothgrad,mobilenet_v2,blur,20.0,0.749
imagenet,vgg16,smoothgrad,mobilenet_v2,blur,25.0,0.732
imagenet,vgg16,smoothgrad,mobilenet_v2,blur,30.0,0.712
imagenet,vgg16,smoothgrad,mobilenet_v2,blur,35.0,0.683
imagenet,vgg16,smoothgrad,mobilenet_v2,blur,40.0,0.653
imagenet,vgg16,smoothgrad,mobilenet_v2,blur,45.0,0.641
imagenet,vgg16,smoothgrad,mobilenet_v2,blur,50.0,0.609
imagenet,vgg16,smoothgrad,mobilenet_v2,blur,55.0,0.566
imagenet,vgg16,smoothgrad,mobilenet_v2,blur,60.0,0.523
imagenet,vgg16,smoothgrad,mobilenet_v2,blur,65.0,0.479
imagenet,vgg16,smoothgrad,mobilenet_v2,blur,70.0,0.416
imagenet,vgg16,smoothgrad,mobilenet_v2,blur,75.0,0.364
imagenet,vgg16,smoothgrad,mobilenet_v2,blur,80.0,0.287
imagenet,vgg16,smoothgrad,mobilenet_v2,blur,85.0,0.224
imagenet,vgg16,smoothgrad,mobilenet_v2,blur,90.0,0.131
imagenet,vgg16,smoothgrad,mobilenet_v2,blur,95.0,0.061
imagenet,vgg16,smoothgrad,mobilenet_v2,blur,100.0,0.056
imagenet,vgg16,smoothgrad,mobilenet_v2,gray,0.0,0.801
imagenet,vgg16,smoothgrad,mobilenet_v2,gray,5.0,0.782
imagenet,vgg16,smoothgrad,mobilenet_v2,gray,10.0,0.763
imagenet,vgg16,smoothgrad,mobilenet_v2,gray,15.0,0.751
imagenet,vgg16,smoothgrad,mobilenet_v2,gray,20.0,0.716
imagenet,vgg16,smoothgrad,mobilenet_v2,gray,25.0,0.71
imagenet,vgg16,smoothgrad,mobilenet_v2,gray,30.0,0.677
imagenet,vgg16,smoothgrad,mobilenet_v2,gray,35.0,0.643
imagenet,vgg16,smoothgrad,mobilenet_v2,gray,40.0,0.617
imagenet,vgg16,smoothgrad,mobilenet_v2,gray,45.0,0.567
imagenet,vgg16,smoothgrad,mobilenet_v2,gray,50.0,0.547
imagenet,vgg16,smoothgrad,mobilenet_v2,gray,55.0,0.515
imagenet,vgg16,smoothgrad,mobilenet_v2,gray,60.0,0.469
imagenet,vgg16,smoothgrad,mobilenet_v2,gray,65.0,0.42
imagenet,vgg16,smoothgrad,mobilenet_v2,gray,70.0,0.359
imagenet,vgg16,smoothgrad,mobilenet_v2,gray,75.0,0.314
imagenet,vgg16,smoothgrad,mobilenet_v2,gray,80.0,0.261
imagenet,vgg16,smoothgrad,mobilenet_v2,gray,85.0,0.186
imagenet,vgg16,smoothgrad,mobilenet_v2,gray,90.0,0.09
imagenet,vgg16,smoothgrad,mobilenet_v2,gray,95.0,0.017
imagenet,vgg16,smoothgrad,mobilenet_v2,gray,100.0,0.001
imagenet,vgg16,smoothgrad,mobilenet_v2,mean,0.0,0.801
imagenet,vgg16,smoothgrad,mobilenet_v2,mean,5.0,0.786
imagenet,vgg16,smoothgrad,mobilenet_v2,mean,10.0,0.77
imagenet,vgg16,smoothgrad,mobilenet_v2,mean,15.0,0.757
imagenet,vgg16,smoothgrad,mobilenet_v2,mean,20.0,0.728
imagenet,vgg16,smoothgrad,mobilenet_v2,mean,25.0,0.708
imagenet,vgg16,smoothgrad,mobilenet_v2,mean,30.0,0.673
imagenet,vgg16,smoothgrad,mobilenet_v2,mean,35.0,0.646
imagenet,vgg16,smoothgrad,mobilenet_v2,mean,40.0,0.636
imagenet,vgg16,smoothgrad,mobilenet_v2,mean,45.0,0.588
imagenet,vgg16,smoothgrad,mobilenet_v2,mean,50.0,0.567
imagenet,vgg16,smoothgrad,mobilenet_v2,mean,55.0,0.531
imagenet,vgg16,smoothgrad,mobilenet_v2,mean,60.0,0.5
imagenet,vgg16,smoothgrad,mobilenet_v2,mean,65.0,0.447
imagenet,vgg16,smoothgrad,mobilenet_v2,mean,70.0,0.385
imagenet,vgg16,smoothgrad,mobilenet_v2,mean,75.0,0.318
imagenet,vgg16,smoothgrad,mobilenet_v2,mean,80.0,0.266
imagenet,vgg16,smoothgrad,mobilenet_v2,mean,85.0,0.191
imagenet,vgg16,smoothgrad,mobilenet_v2,mean,90.0,0.107
imagenet,vgg16,smoothgrad,mobilenet_v2,mean,95.0,0.037
imagenet,vgg16,smoothgrad,mobilenet_v2,mean,100.0,0.003
imagenet,vgg16,smoothgrad,mobilenet_v2,random_noise,0.0,0.801
imagenet,vgg16,smoothgrad,mobilenet_v2,random_noise,5.0,0.779
imagenet,vgg16,smoothgrad,mobilenet_v2,random_noise,10.0,0.764
imagenet,vgg16,smoothgrad,mobilenet_v2,random_noise,15.0,0.746
imagenet,vgg16,smoothgrad,mobilenet_v2,random_noise,20.0,0.715
imagenet,vgg16,smoothgrad,mobilenet_v2,random_noise,25.0,0.697
imagenet,vgg16,smoothgrad,mobilenet_v2,random_noise,30.0,0.676
imagenet,vgg16,smoothgrad,mobilenet_v2,random_noise,35.0,0.639
imagenet,vgg16,smoothgrad,mobilenet_v2,random_noise,40.0,0.609
imagenet,vgg16,smoothgrad,mobilenet_v2,random_noise,45.0,0.572
imagenet,vgg16,smoothgrad,mobilenet_v2,random_noise,50.0,0.52
imagenet,vgg16,smoothgrad,mobilenet_v2,random_noise,55.0,0.485
imagenet,vgg16,smoothgrad,mobilenet_v2,random_noise,60.0,0.446
imagenet,vgg16,smoothgrad,mobilenet_v2,random_noise,65.0,0.398
imagenet,vgg16,smoothgrad,mobilenet_v2,random_noise,70.0,0.334
imagenet,vgg16,smoothgrad,mobilenet_v2,random_noise,75.0,0.275
imagenet,vgg16,smoothgrad,mobilenet_v2,random_noise,80.0,0.219
imagenet,vgg16,smoothgrad,mobilenet_v2,random_noise,85.0,0.147
imagenet,vgg16,smoothgrad,mobilenet_v2,random_noise,90.0,0.077
imagenet,vgg16,smoothgrad,mobilenet_v2,random_noise,95.0,0.02
imagenet,vgg16,smoothgrad,mobilenet_v2,random_noise,100.0,0.001
imagenet,vgg16,smoothgrad,mobilenet_v2,white,0.0,0.801
imagenet,vgg16,smoothgrad,mobilenet_v2,white,5.0,0.765
imagenet,vgg16,smoothgrad,mobilenet_v2,white,10.0,0.728
imagenet,vgg16,smoothgrad,mobilenet_v2,white,15.0,0.699
imagenet,vgg16,smoothgrad,mobilenet_v2,white,20.0,0.675
imagenet,vgg16,smoothgrad,mobilenet_v2,white,25.0,0.654
imagenet,vgg16,smoothgrad,mobilenet_v2,white,30.0,0.625
imagenet,vgg16,smoothgrad,mobilenet_v2,white,35.0,0.582
imagenet,vgg16,smoothgrad,mobilenet_v2,white,40.0,0.55
imagenet,vgg16,smoothgrad,mobilenet_v2,white,45.0,0.512
imagenet,vgg16,smoothgrad,mobilenet_v2,white,50.0,0.486
imagenet,vgg16,smoothgrad,mobilenet_v2,white,55.0,0.444
imagenet,vgg16,smoothgrad,mobilenet_v2,white,60.0,0.393
imagenet,vgg16,smoothgrad,mobilenet_v2,white,65.0,0.35
imagenet,vgg16,smoothgrad,mobilenet_v2,white,70.0,0.284
imagenet,vgg16,smoothgrad,mobilenet_v2,white,75.0,0.24
imagenet,vgg16,smoothgrad,mobilenet_v2,white,80.0,0.182
imagenet,vgg16,smoothgrad,mobilenet_v2,white,85.0,0.125
imagenet,vgg16,smoothgrad,mobilenet_v2,white,90.0,0.059
imagenet,vgg16,smoothgrad,mobilenet_v2,white,95.0,0.015
imagenet,vgg16,smoothgrad,mobilenet_v2,white,100.0,0.001
imagenet,vgg16,smoothgrad,resnet50,black,0.0,0.92
imagenet,vgg16,smoothgrad,resnet50,black,5.0,0.911
imagenet,vgg16,smoothgrad,resnet50,black,10.0,0.888
imagenet,vgg16,smoothgrad,resnet50,black,15.0,0.865
imagenet,vgg16,smoothgrad,resnet50,black,20.0,0.836
imagenet,vgg16,smoothgrad,resnet50,black,25.0,0.801
imagenet,vgg16,smoothgrad,resnet50,black,30.0,0.756
imagenet,vgg16,smoothgrad,resnet50,black,35.0,0.72
imagenet,vgg16,smoothgrad,resnet50,black,40.0,0.667
imagenet,vgg16,smoothgrad,resnet50,black,45.0,0.628
imagenet,vgg16,smoothgrad,resnet50,black,50.0,0.58
imagenet,vgg16,smoothgrad,resnet50,black,55.0,0.529
imagenet,vgg16,smoothgrad,resnet50,black,60.0,0.468
imagenet,vgg16,smoothgrad,resnet50,black,65.0,0.398
imagenet,vgg16,smoothgrad,resnet50,black,70.0,0.342
imagenet,vgg16,smoothgrad,resnet50,black,75.0,0.277
imagenet,vgg16,smoothgrad,resnet50,black,80.0,0.214
imagenet,vgg16,smoothgrad,resnet50,black,85.0,0.139
imagenet,vgg16,smoothgrad,resnet50,black,90.0,0.072
imagenet,vgg16,smoothgrad,resnet50,black,95.0,0.015
imagenet,vgg16,smoothgrad,resnet50,black,100.0,0.001
imagenet,vgg16,smoothgrad,resnet50,blur,0.0,0.92
imagenet,vgg16,smoothgrad,resnet50,blur,5.0,0.913
imagenet,vgg16,smoothgrad,resnet50,blur,10.0,0.912
imagenet,vgg16,smoothgrad,resnet50,blur,15.0,0.901
imagenet,vgg16,smoothgrad,resnet50,blur,20.0,0.89
imagenet,vgg16,smoothgrad,resnet50,blur,25.0,0.878
imagenet,vgg16,smoothgrad,resnet50,blur,30.0,0.858
imagenet,vgg16,smoothgrad,resnet50,blur,35.0,0.826
imagenet,vgg16,smoothgrad,resnet50,blur,40.0,0.805
imagenet,vgg16,smoothgrad,resnet50,blur,45.0,0.778
imagenet,vgg16,smoothgrad,resnet50,blur,50.0,0.75
imagenet,vgg16,smoothgrad,resnet50,blur,55.0,0.715
imagenet,vgg16,smoothgrad,resnet50,blur,60.0,0.679
imagenet,vgg16,smoothgrad,resnet50,blur,65.0,0.655
imagenet,vgg16,smoothgrad,resnet50,blur,70.0,0.594
imagenet,vgg16,smoothgrad,resnet50,blur,75.0,0.516
imagenet,vgg16,smoothgrad,resnet50,blur,80.0,0.463
imagenet,vgg16,smoothgrad,resnet50,blur,85.0,0.397
imagenet,vgg16,smoothgrad,resnet50,blur,90.0,0.306
imagenet,vgg16,smoothgrad,resnet50,blur,95.0,0.187
imagenet,vgg16,smoothgrad,resnet50,blur,100.0,0.163
imagenet,vgg16,smoothgrad,resnet50,gray,0.0,0.92
imagenet,vgg16,smoothgrad,resnet50,gray,5.0,0.911
imagenet,vgg16,smoothgrad,resnet50,gray,10.0,0.906
imagenet,vgg16,smoothgrad,resnet50,gray,15.0,0.883
imagenet,vgg16,smoothgrad,resnet50,gray,20.0,0.863
imagenet,vgg16,smoothgrad,resnet50,gray,25.0,0.825
imagenet,vgg16,smoothgrad,resnet50,gray,30.0,0.812
imagenet,vgg16,smoothgrad,resnet50,gray,35.0,0.782
imagenet,vgg16,smoothgrad,resnet50,gray,40.0,0.744
imagenet,vgg16,smoothgrad,resnet50,gray,45.0,0.7
imagenet,vgg16,smoothgrad,resnet50,gray,50.0,0.656
imagenet,vgg16,smoothgrad,resnet50,gray,55.0,0.621
imagenet,vgg16,smoothgrad,resnet50,gray,60.0,0.577
imagenet,vgg16,smoothgrad,resnet50,gray,65.0,0.53
imagenet,vgg16,smoothgrad,resnet50,gray,70.0,0.473
imagenet,vgg16,smoothgrad,resnet50,gray,75.0,0.411
imagenet,vgg16,smoothgrad,resnet50,gray,80.0,0.335
imagenet,vgg16,smoothgrad,resnet50,gray,85.0,0.249
imagenet,vgg16,smoothgrad,resnet50,gray,90.0,0.167
imagenet,vgg16,smoothgrad,resnet50,gray,95.0,0.062
imagenet,vgg16,smoothgrad,resnet50,gray,100.0,0.001
imagenet,vgg16,smoothgrad,resnet50,mean,0.0,0.92
imagenet,vgg16,smoothgrad,resnet50,mean,5.0,0.917
imagenet,vgg16,smoothgrad,resnet50,mean,10.0,0.904
imagenet,vgg16,smoothgrad,resnet50,mean,15.0,0.892
imagenet,vgg16,smoothgrad,resnet50,mean,20.0,0.879
imagenet,vgg16,smoothgrad,resnet50,mean,25.0,0.857
imagenet,vgg16,smoothgrad,resnet50,mean,30.0,0.837
imagenet,vgg16,smoothgrad,resnet50,mean,35.0,0.801
imagenet,vgg16,smoothgrad,resnet50,mean,40.0,0.767
imagenet,vgg16,smoothgrad,resnet50,mean,45.0,0.719
imagenet,vgg16,smoothgrad,resnet50,mean,50.0,0.69
imagenet,vgg16,smoothgrad,resnet50,mean,55.0,0.654
imagenet,vgg16,smoothgrad,resnet50,mean,60.0,0.594
imagenet,vgg16,smoothgrad,resnet50,mean,65.0,0.547
imagenet,vgg16,smoothgrad,resnet50,mean,70.0,0.507
imagenet,vgg16,smoothgrad,resnet50,mean,75.0,0.424
imagenet,vgg16,smoothgrad,resnet50,mean,80.0,0.349
imagenet,vgg16,smoothgrad,resnet50,mean,85.0,0.279
imagenet,vgg16,smoothgrad,resnet50,mean,90.0,0.182
imagenet,vgg16,smoothgrad,resnet50,mean,95.0,0.068
imagenet,vgg16,smoothgrad,resnet50,mean,100.0,0.006
imagenet,vgg16,smoothgrad,resnet50,random_noise,0.0,0.92
imagenet,vgg16,smoothgrad,resnet50,random_noise,5.0,0.913
imagenet,vgg16,smoothgrad,resnet50,random_noise,10.0,0.9
imagenet,vgg16,smoothgrad,resnet50,random_noise,15.0,0.885
imagenet,vgg16,smoothgrad,resnet50,random_noise,20.0,0.874
imagenet,vgg16,smoothgrad,resnet50,random_noise,25.0,0.839
imagenet,vgg16,smoothgrad,resnet50,random_noise,30.0,0.808
imagenet,vgg16,smoothgrad,resnet50,random_noise,35.0,0.782
imagenet,vgg16,smoothgrad,resnet50,random_noise,40.0,0.743
imagenet,vgg16,smoothgrad,resnet50,random_noise,45.0,0.704
imagenet,vgg16,smoothgrad,resnet50,random_noise,50.0,0.659
imagenet,vgg16,smoothgrad,resnet50,random_noise,55.0,0.615
imagenet,vgg16,smoothgrad,resnet50,random_noise,60.0,0.575
imagenet,vgg16,smoothgrad,resnet50,random_noise,65.0,0.511
imagenet,vgg16,smoothgrad,resnet50,random_noise,70.0,0.448
imagenet,vgg16,smoothgrad,resnet50,random_noise,75.0,0.381
imagenet,vgg16,smoothgrad,resnet50,random_noise,80.0,0.313
imagenet,vgg16,smoothgrad,resnet50,random_noise,85.0,0.235
imagenet,vgg16,smoothgrad,resnet50,random_noise,90.0,0.124
imagenet,vgg16,smoothgrad,resnet50,random_noise,95.0,0.042
imagenet,vgg16,smoothgrad,resnet50,random_noise,100.0,0.001
imagenet,vgg16,smoothgrad,resnet50,white,0.0,0.92
imagenet,vgg16,smoothgrad,resnet50,white,5.0,0.902
imagenet,vgg16,smoothgrad,resnet50,white,10.0,0.885
imagenet,vgg16,smoothgrad,resnet50,white,15.0,0.863
imagenet,vgg16,smoothgrad,resnet50,white,20.0,0.829
imagenet,vgg16,smoothgrad,resnet50,white,25.0,0.798
imagenet,vgg16,smoothgrad,resnet50,white,30.0,0.755
imagenet,vgg16,smoothgrad,resnet50,white,35.0,0.726
imagenet,vgg16,smoothgrad,resnet50,white,40.0,0.68
imagenet,vgg16,smoothgrad,resnet50,white,45.0,0.609
imagenet,vgg16,smoothgrad,resnet50,white,50.0,0.577
imagenet,vgg16,smoothgrad,resnet50,white,55.0,0.531
imagenet,vgg16,smoothgrad,resnet50,white,60.0,0.476
imagenet,vgg16,smoothgrad,resnet50,white,65.0,0.419
imagenet,vgg16,smoothgrad,resnet50,white,70.0,0.35
imagenet,vgg16,smoothgrad,resnet50,white,75.0,0.301
imagenet,vgg16,smoothgrad,resnet50,white,80.0,0.252
imagenet,vgg16,smoothgrad,resnet50,white,85.0,0.173
imagenet,vgg16,smoothgrad,resnet50,white,90.0,0.083
imagenet,vgg16,smoothgrad,resnet50,white,95.0,0.024
imagenet,vgg16,smoothgrad,resnet50,white,100.0,0.001
