dataset,generating_model,attribution_method,judging_model,fill_strategy,occlusion_level,mean_accuracy,mean_accuracy_top5
imagenet,efficientnet_b0,grad_cam,resnet50,gray,0.0,0.889,0.98
imagenet,efficientnet_b0,grad_cam,resnet50,gray,5.0,0.892,0.981
imagenet,efficientnet_b0,grad_cam,resnet50,gray,10.0,0.891,0.983
imagenet,efficientnet_b0,grad_cam,resnet50,gray,15.0,0.89,0.981
imagenet,efficientnet_b0,grad_cam,resnet50,gray,20.0,0.889,0.981
imagenet,efficientnet_b0,grad_cam,resnet50,gray,25.0,0.896,0.979
imagenet,efficientnet_b0,grad_cam,resnet50,gray,30.0,0.885,0.981
imagenet,efficientnet_b0,grad_cam,resnet50,gray,35.0,0.882,0.983
imagenet,efficientnet_b0,grad_cam,resnet50,gray,40.0,0.869,0.983
imagenet,efficientnet_b0,grad_cam,resnet50,gray,45.0,0.855,0.979
imagenet,efficientnet_b0,grad_cam,resnet50,gray,50.0,0.85,0.975
imagenet,efficientnet_b0,grad_cam,resnet50,gray,55.0,0.842,0.97
imagenet,efficientnet_b0,grad_cam,resnet50,gray,60.0,0.821,0.964
imagenet,efficientnet_b0,grad_cam,resnet50,gray,65.0,0.801,0.954
imagenet,efficientnet_b0,grad_cam,resnet50,gray,70.0,0.766,0.931
imagenet,efficientnet_b0,grad_cam,resnet50,gray,75.0,0.742,0.915
imagenet,efficientnet_b0,grad_cam,resnet50,gray,80.0,0.686,0.892
imagenet,efficientnet_b0,grad_cam,resnet50,gray,85.0,0.609,0.838
imagenet,efficientnet_b0,grad_cam,resnet50,gray,90.0,0.488,0.744
imagenet,efficientnet_b0,grad_cam,resnet50,gray,95.0,0.296,0.511
imagenet,efficientnet_b0,grad_cam,resnet50,gray,100.0,0.001,0.005
imagenet,efficientnet_b0,gradientshap,resnet50,gray,0.0,0.889,0.98
imagenet,efficientnet_b0,gradientshap,resnet50,gray,5.0,0.857,0.975
imagenet,efficientnet_b0,gradientshap,resnet50,gray,10.0,0.831,0.967
imagenet,efficientnet_b0,gradientshap,resnet50,gray,15.0,0.805,0.946
imagenet,efficientnet_b0,gradientshap,resnet50,gray,20.0,0.758,0.921
imagenet,efficientnet_b0,gradientshap,resnet50,gray,25.0,0.715,0.9
imagenet,efficientnet_b0,gradientshap,resnet50,gray,30.0,0.681,0.862
imagenet,efficientnet_b0,gradientshap,resnet50,gray,35.0,0.633,0.832
imagenet,efficientnet_b0,gradientshap,resnet50,gray,40.0,0.586,0.792
imagenet,efficientnet_b0,gradientshap,resnet50,gray,45.0,0.516,0.743
imagenet,efficientnet_b0,gradientshap,resnet50,gray,50.0,0.46,0.692
imagenet,efficientnet_b0,gradientshap,resnet50,gray,55.0,0.401,0.636
imagenet,efficientnet_b0,gradientshap,resnet50,gray,60.0,0.335,0.577
imagenet,efficientnet_b0,gradientshap,resnet50,gray,65.0,0.285,0.495
imagenet,efficientnet_b0,gradientshap,resnet50,gray,70.0,0.238,0.403
imagenet,efficientnet_b0,gradientshap,resnet50,gray,75.0,0.181,0.325
imagenet,efficientnet_b0,gradientshap,resnet50,gray,80.0,0.122,0.239
imagenet,efficientnet_b0,gradientshap,resnet50,gray,85.0,0.065,0.159
imagenet,efficientnet_b0,gradientshap,resnet50,gray,90.0,0.027,0.076
imagenet,efficientnet_b0,gradientshap,resnet50,gray,95.0,0.007,0.015
imagenet,efficientnet_b0,gradientshap,resnet50,gray,100.0,0.001,0.005
imagenet,efficientnet_b0,guided_backprop,resnet50,blur,0.0,0.889,0.98
imagenet,efficientnet_b0,guided_backprop,resnet50,blur,5.0,0.883,0.983
imagenet,efficientnet_b0,guided_backprop,resnet50,blur,10.0,0.884,0.98
imagenet,efficientnet_b0,guided_backprop,resnet50,blur,15.0,0.882,0.98
imagenet,efficientnet_b0,guided_backprop,resnet50,blur,20.0,0.876,0.979
imagenet,efficientnet_b0,guided_backprop,resnet50,blur,25.0,0.87,0.978
imagenet,efficientnet_b0,guided_backprop,resnet50,blur,30.0,0.864,0.973
imagenet,efficientnet_b0,guided_backprop,resnet50,blur,35.0,0.851,0.973
imagenet,efficientnet_b0,guided_backprop,resnet50,blur,40.0,0.834,0.97
imagenet,efficientnet_b0,guided_backprop,resnet50,blur,45.0,0.826,0.966
imagenet,efficientnet_b0,guided_backprop,resnet50,blur,50.0,0.803,0.958
imagenet,efficientnet_b0,guided_backprop,resnet50,blur,55.0,0.792,0.952
imagenet,efficientnet_b0,guided_backprop,resnet50,blur,60.0,0.772,0.939
imagenet,efficientnet_b0,guided_backprop,resnet50,blur,65.0,0.755,0.925
imagenet,efficientnet_b0,guided_backprop,resnet50,blur,70.0,0.726,0.901
imagenet,efficientnet_b0,guided_backprop,resnet50,blur,75.0,0.697,0.875
imagenet,efficientnet_b0,guided_backprop,resnet50,blur,80.0,0.65,0.842
imagenet,efficientnet_b0,guided_backprop,resnet50,blur,85.0,0.58,0.798
imagenet,efficientnet_b0,guided_backprop,resnet50,blur,90.0,0.48,0.714
imagenet,efficientnet_b0,guided_backprop,resnet50,blur,95.0,0.346,0.567
imagenet,efficientnet_b0,guided_backprop,resnet50,blur,100.0,0.106,0.217
imagenet,efficientnet_b0,guided_backprop,resnet50,gray,0.0,0.889,0.98
imagenet,efficientnet_b0,guided_backprop,resnet50,gray,5.0,0.855,0.98
imagenet,efficientnet_b0,guided_backprop,resnet50,gray,10.0,0.851,0.974
imagenet,efficientnet_b0,guided_backprop,resnet50,gray,15.0,0.84,0.966
imagenet,efficientnet_b0,guided_backprop,resnet50,gray,20.0,0.832,0.958
imagenet,efficientnet_b0,guided_backprop,resnet50,gray,25.0,0.812,0.951
imagenet,efficientnet_b0,guided_backprop,resnet50,gray,30.0,0.803,0.94
imagenet,efficientnet_b0,guided_backprop,resnet50,gray,35.0,0.785,0.935
imagenet,efficientnet_b0,guided_backprop,resnet50,gray,40.0,0.756,0.922
imagenet,efficientnet_b0,guided_backprop,resnet50,gray,45.0,0.738,0.907
imagenet,efficientnet_b0,guided_backprop,resnet50,gray,50.0,0.722,0.894
imagenet,efficientnet_b0,guided_backprop,resnet50,gray,55.0,0.699,0.89
imagenet,efficientnet_b0,guided_backprop,resnet50,gray,60.0,0.664,0.87
imagenet,efficientnet_b0,guided_backprop,resnet50,gray,65.0,0.641,0.842
imagenet,efficientnet_b0,guided_backprop,resnet50,gray,70.0,0.597,0.815
imagenet,efficientnet_b0,guided_backprop,resnet50,gray,75.0,0.546,0.774
imagenet,efficientnet_b0,guided_backprop,resnet50,gray,80.0,0.466,0.711
imagenet,efficientnet_b0,guided_backprop,resnet50,gray,85.0,0.386,0.619
imagenet,efficientnet_b0,guided_backprop,resnet50,gray,90.0,0.249,0.46
imagenet,efficientnet_b0,guided_backprop,resnet50,gray,95.0,0.077,0.181
imagenet,efficientnet_b0,guided_backprop,resnet50,gray,100.0,0.001,0.005
imagenet,efficientnet_b0,guided_gradcam,resnet50,gray,0.0,0.889,0.98
imagenet,efficientnet_b0,guided_gradcam,resnet50,gray,5.0,0.884,0.981
imagenet,efficientnet_b0,guided_gradcam,resnet50,gray,10.0,0.879,0.977
imagenet,efficientnet_b0,guided_gradcam,resnet50,gray,15.0,0.876,0.977
imagenet,efficientnet_b0,guided_gradcam,resnet50,gray,20.0,0.871,0.979
imagenet,efficientnet_b0,guided_gradcam,resnet50,gray,25.0,0.853,0.973
imagenet,efficientnet_b0,guided_gradcam,resnet50,gray,30.0,0.842,0.969
imagenet,efficientnet_b0,guided_gradcam,resnet50,gray,35.0,0.832,0.967
imagenet,efficientnet_b0,guided_gradcam,resnet50,gray,40.0,0.821,0.961
imagenet,efficientnet_b0,guided_gradcam,resnet50,gray,45.0,0.799,0.953
imagenet,efficientnet_b0,guided_gradcam,resnet50,gray,50.0,0.796,0.942
imagenet,efficientnet_b0,guided_gradcam,resnet50,gray,55.0,0.778,0.925
imagenet,efficientnet_b0,guided_gradcam,resnet50,gray,60.0,0.762,0.915
imagenet,efficientnet_b0,guided_gradcam,resnet50,gray,65.0,0.719,0.896
imagenet,efficientnet_b0,guided_gradcam,resnet50,gray,70.0,0.688,0.878
imagenet,efficientnet_b0,guided_gradcam,resnet50,gray,75.0,0.636,0.847
imagenet,efficientnet_b0,guided_gradcam,resnet50,gray,80.0,0.529,0.776
imagenet,efficientnet_b0,guided_gradcam,resnet50,gray,85.0,0.423,0.678
imagenet,efficientnet_b0,guided_gradcam,resnet50,gray,90.0,0.272,0.51
imagenet,efficientnet_b0,guided_gradcam,resnet50,gray,95.0,0.109,0.236
imagenet,efficientnet_b0,guided_gradcam,resnet50,gray,100.0,0.001,0.005
imagenet,efficientnet_b0,inputxgradient,resnet50,blur,0.0,0.889,0.98
imagenet,efficientnet_b0,inputxgradient,resnet50,blur,5.0,0.869,0.98
imagenet,efficientnet_b0,inputxgradient,resnet50,blur,10.0,0.861,0.973
imagenet,efficientnet_b0,inputxgradient,resnet50,blur,15.0,0.841,0.965
imagenet,efficientnet_b0,inputxgradient,resnet50,blur,20.0,0.816,0.955
imagenet,efficientnet_b0,inputxgradient,resnet50,blur,25.0,0.788,0.943
imagenet,efficientnet_b0,inputxgradient,resnet50,blur,30.0,0.75,0.919
imagenet,efficientnet_b0,inputxgradient,resnet50,blur,35.0,0.701,0.886
imagenet,efficientnet_b0,inputxgradient,resnet50,blur,40.0,0.643,0.853
imagenet,efficientnet_b0,inputxgradient,resnet50,blur,45.0,0.585,0.796
imagenet,efficientnet_b0,inputxgradient,resnet50,blur,50.0,0.521,0.755
imagenet,efficientnet_b0,inputxgradient,resnet50,blur,55.0,0.452,0.691
imagenet,efficientnet_b0,inputxgradient,resnet50,blur,60.0,0.407,0.633
imagenet,efficientnet_b0,inputxgradient,resnet50,blur,65.0,0.343,0.58
imagenet,efficientnet_b0,inputxgradient,resnet50,blur,70.0,0.286,0.516
imagenet,efficientnet_b0,inputxgradient,resnet50,blur,75.0,0.268,0.465
imagenet,efficientnet_b0,inputxgradient,resnet50,blur,80.0,0.231,0.41
imagenet,efficientnet_b0,inputxgradient,resnet50,blur,85.0,0.194,0.368
imagenet,efficientnet_b0,inputxgradient,resnet50,blur,90.0,0.15,0.311
imagenet,efficientnet_b0,inputxgradient,resnet50,blur,95.0,0.114,0.259
imagenet,efficientnet_b0,inputxgradient,resnet50,blur,100.0,0.106,0.217
imagenet,efficientnet_b0,inputxgradient,resnet50,gray,0.0,0.889,0.98
imagenet,efficientnet_b0,inputxgradient,resnet50,gray,5.0,0.853,0.973
imagenet,efficientnet_b0,inputxgradient,resnet50,gray,10.0,0.826,0.957
imagenet,efficientnet_b0,inputxgradient,resnet50,gray,15.0,0.792,0.938
imagenet,efficientnet_b0,inputxgradient,resnet50,gray,20.0,0.752,0.925
imagenet,efficientnet_b0,inputxgradient,resnet50,gray,25.0,0.699,0.883
imagenet,efficientnet_b0,inputxgradient,resnet50,gray,30.0,0.656,0.839
imagenet,efficientnet_b0,inputxgradient,resnet50,gray,35.0,0.595,0.794
imagenet,efficientnet_b0,inputxgradient,resnet50,gray,40.0,0.531,0.753
imagenet,efficientnet_b0,inputxgradient,resnet50,gray,45.0,0.469,0.686
imagenet,efficientnet_b0,inputxgradient,resnet50,gray,50.0,0.404,0.627
imagenet,efficientnet_b0,inputxgradient,resnet50,gray,55.0,0.345,0.558
imagenet,efficientnet_b0,inputxgradient,resnet50,gray,60.0,0.282,0.471
imagenet,efficientnet_b0,inputxgradient,resnet50,gray,65.0,0.234,0.401
imagenet,efficientnet_b0,inputxgradient,resnet50,gray,70.0,0.171,0.325
imagenet,efficientnet_b0,inputxgradient,resnet50,gray,75.0,0.127,0.25
imagenet,efficientnet_b0,inputxgradient,resnet50,gray,80.0,0.074,0.161
imagenet,efficientnet_b0,inputxgradient,resnet50,gray,85.0,0.032,0.094
imagenet,efficientnet_b0,inputxgradient,resnet50,gray,90.0,0.009,0.042
imagenet,efficientnet_b0,inputxgradient,resnet50,gray,95.0,0.002,0.009
imagenet,efficientnet_b0,inputxgradient,resnet50,gray,100.0,0.001,0.005
imagenet,efficientnet_b0,integrated_gradients,resnet50,blur,0.0,0.889,0.98
imagenet,efficientnet_b0,integrated_gradients,resnet50,blur,5.0,0.879,0.977
imagenet,efficientnet_b0,integrated_gradients,resnet50,blur,10.0,0.868,0.975
imagenet,efficientnet_b0,integrated_gradients,resnet50,blur,15.0,0.849,0.972
imagenet,efficientnet_b0,integrated_gradients,resnet50,blur,20.0,0.832,0.964
imagenet,efficientnet_b0,integrated_gradients,resnet50,blur,25.0,0.816,0.951
imagenet,efficientnet_b0,integrated_gradients,resnet50,blur,30.0,0.788,0.942
imagenet,efficientnet_b0,integrated_gradients,resnet50,blur,35.0,0.765,0.923
imagenet,efficientnet_b0,integrated_gradients,resnet50,blur,40.0,0.718,0.904
imagenet,efficientnet_b0,integrated_gradients,resnet50,blur,45.0,0.668,0.88
imagenet,efficientnet_b0,integrated_gradients,resnet50,blur,50.0,0.612,0.83
imagenet,efficientnet_b0,integrated_gradients,resnet50,blur,55.0,0.556,0.782
imagenet,efficientnet_b0,integrated_gradients,resnet50,blur,60.0,0.495,0.732
imagenet,efficientnet_b0,integrated_gradients,resnet50,blur,65.0,0.439,0.672
imagenet,efficientnet_b0,integrated_gradients,resnet50,blur,70.0,0.385,0.602
imagenet,efficientnet_b0,integrated_gradients,resnet50,blur,75.0,0.302,0.538
imagenet,efficientnet_b0,integrated_gradients,resnet50,blur,80.0,0.268,0.469
imagenet,efficientnet_b0,integrated_gradients,resnet50,blur,85.0,0.216,0.407
imagenet,efficientnet_b0,integrated_gradients,resnet50,blur,90.0,0.175,0.364
imagenet,efficientnet_b0,integrated_gradients,resnet50,blur,95.0,0.14,0.296
imagenet,efficientnet_b0,integrated_gradients,resnet50,blur,100.0,0.106,0.217
imagenet,efficientnet_b0,integrated_gradients,resnet50,gray,0.0,0.889,0.98
imagenet,efficientnet_b0,integrated_gradients,resnet50,gray,5.0,0.857,0.976
imagenet,efficientnet_b0,integrated_gradients,resnet50,gray,10.0,0.833,0.966
imagenet,efficientnet_b0,integrated_gradients,resnet50,gray,15.0,0.8,0.948
imagenet,efficientnet_b0,integrated_gradients,resnet50,gray,20.0,0.766,0.938
imagenet,efficientnet_b0,integrated_gradients,resnet50,gray,25.0,0.738,0.911
imagenet,efficientnet_b0,integrated_gradients,resnet50,gray,30.0,0.695,0.889
imagenet,efficientnet_b0,integrated_gradients,resnet50,gray,35.0,0.647,0.864
imagenet,efficientnet_b0,integrated_gradients,resnet50,gray,40.0,0.596,0.834
imagenet,efficientnet_b0,integrated_gradients,resnet50,gray,45.0,0.529,0.779
imagenet,efficientnet_b0,integrated_gradients,resnet50,gray,50.0,0.479,0.733
imagenet,efficientnet_b0,integrated_gradients,resnet50,gray,55.0,0.421,0.68
imagenet,efficientnet_b0,integrated_gradients,resnet50,gray,60.0,0.355,0.597
imagenet,efficientnet_b0,integrated_gradients,resnet50,gray,65.0,0.311,0.525
imagenet,efficientnet_b0,integrated_gradients,resnet50,gray,70.0,0.251,0.452
imagenet,efficientnet_b0,integrated_gradients,resnet50,gray,75.0,0.178,0.355
imagenet,efficientnet_b0,integrated_gradients,resnet50,gray,80.0,0.12,0.289
imagenet,efficientnet_b0,integrated_gradients,resnet50,gray,85.0,0.06,0.166
imagenet,efficientnet_b0,integrated_gradients,resnet50,gray,90.0,0.026,0.08
imagenet,efficientnet_b0,integrated_gradients,resnet50,gray,95.0,0.008,0.027
imagenet,efficientnet_b0,integrated_gradients,resnet50,gray,100.0,0.001,0.005
imagenet,efficientnet_b0,occlusion,resnet50,blur,0.0,0.889,0.98
imagenet,efficientnet_b0,occlusion,resnet50,blur,5.0,0.887,0.98
imagenet,efficientnet_b0,occlusion,resnet50,gray,0.0,0.889,0.98
imagenet,efficientnet_b0,occlusion,resnet50,gray,5.0,0.868,0.978
imagenet,efficientnet_b0,occlusion,resnet50,gray,10.0,0.857,0.97
imagenet,efficientnet_b0,occlusion,resnet50,gray,15.0,0.832,0.97
imagenet,efficientnet_b0,occlusion,resnet50,gray,20.0,0.815,0.956
imagenet,efficientnet_b0,occlusion,resnet50,gray,25.0,0.792,0.948
imagenet,efficientnet_b0,occlusion,resnet50,gray,30.0,0.763,0.937
imagenet,efficientnet_b0,occlusion,resnet50,gray,35.0,0.747,0.92
imagenet,efficientnet_b0,occlusion,resnet50,gray,40.0,0.712,0.918
imagenet,efficientnet_b0,occlusion,resnet50,gray,45.0,0.691,0.913
imagenet,efficientnet_b0,occlusion,resnet50,gray,50.0,0.688,0.887
imagenet,efficientnet_b0,occlusion,resnet50,gray,55.0,0.675,0.882
imagenet,efficientnet_b0,occlusion,resnet50,gray,60.0,0.668,0.867
imagenet,efficientnet_b0,occlusion,resnet50,gray,65.0,0.637,0.853
imagenet,efficientnet_b0,occlusion,resnet50,gray,70.0,0.596,0.829
imagenet,efficientnet_b0,occlusion,resnet50,gray,75.0,0.587,0.791
imagenet,efficientnet_b0,occlusion,resnet50,gray,80.0,0.523,0.761
imagenet,efficientnet_b0,occlusion,resnet50,gray,85.0,0.455,0.691
imagenet,efficientnet_b0,occlusion,resnet50,gray,90.0,0.366,0.601
imagenet,efficientnet_b0,occlusion,resnet50,gray,95.0,0.184,0.385
imagenet,efficientnet_b0,occlusion,resnet50,gray,100.0,0.001,0.005
imagenet,efficientnet_b0,random_baseline,resnet50,gray,0.0,0.889,0.98
imagenet,efficientnet_b0,random_baseline,resnet50,gray,5.0,0.789,0.93
imagenet,efficientnet_b0,random_baseline,resnet50,gray,10.0,0.698,0.896
imagenet,efficientnet_b0,random_baseline,resnet50,gray,15.0,0.613,0.835
imagenet,efficientnet_b0,random_baseline,resnet50,gray,20.0,0.522,0.78
imagenet,efficientnet_b0,random_baseline,resnet50,gray,25.0,0.436,0.692
imagenet,efficientnet_b0,random_baseline,resnet50,gray,30.0,0.347,0.61
imagenet,efficientnet_b0,random_baseline,resnet50,gray,35.0,0.278,0.523
imagenet,efficientnet_b0,random_baseline,resnet50,gray,40.0,0.229,0.459
imagenet,efficientnet_b0,random_baseline,resnet50,gray,45.0,0.193,0.405
imagenet,efficientnet_b0,random_baseline,resnet50,gray,50.0,0.149,0.351
imagenet,efficientnet_b0,random_baseline,resnet50,gray,55.0,0.126,0.289
imagenet,efficientnet_b0,random_baseline,resnet50,gray,60.0,0.091,0.235
imagenet,efficientnet_b0,random_baseline,resnet50,gray,65.0,0.07,0.203
imagenet,efficientnet_b0,random_baseline,resnet50,gray,70.0,0.062,0.142
imagenet,efficientnet_b0,random_baseline,resnet50,gray,75.0,0.033,0.099
imagenet,efficientnet_b0,random_baseline,resnet50,gray,80.0,0.017,0.058
imagenet,efficientnet_b0,random_baseline,resnet50,gray,85.0,0.01,0.028
imagenet,efficientnet_b0,random_baseline,resnet50,gray,90.0,0.0,0.009
imagenet,efficientnet_b0,random_baseline,resnet50,gray,95.0,0.0,0.007
imagenet,efficientnet_b0,random_baseline,resnet50,gray,100.0,0.001,0.005
imagenet,efficientnet_b0,saliency,resnet50,blur,0.0,0.889,0.98
imagenet,efficientnet_b0,saliency,resnet50,blur,5.0,0.878,0.975
imagenet,efficientnet_b0,saliency,resnet50,blur,10.0,0.86,0.971
imagenet,efficientnet_b0,saliency,resnet50,blur,15.0,0.828,0.963
imagenet,efficientnet_b0,saliency,resnet50,blur,20.0,0.791,0.95
imagenet,efficientnet_b0,saliency,resnet50,blur,25.0,0.762,0.926
imagenet,efficientnet_b0,saliency,resnet50,blur,30.0,0.711,0.897
imagenet,efficientnet_b0,saliency,resnet50,blur,35.0,0.668,0.866
imagenet,efficientnet_b0,saliency,resnet50,blur,40.0,0.601,0.816
imagenet,efficientnet_b0,saliency,resnet50,blur,45.0,0.556,0.769
imagenet,efficientnet_b0,saliency,resnet50,blur,50.0,0.486,0.708
imagenet,efficientnet_b0,saliency,resnet50,blur,55.0,0.422,0.66
imagenet,efficientnet_b0,saliency,resnet50,blur,60.0,0.373,0.602
imagenet,efficientnet_b0,saliency,resnet50,blur,65.0,0.312,0.537
imagenet,efficientnet_b0,saliency,resnet50,blur,70.0,0.266,0.465
imagenet,efficientnet_b0,saliency,resnet50,blur,75.0,0.228,0.407
imagenet,efficientnet_b0,saliency,resnet50,blur,80.0,0.188,0.363
imagenet,efficientnet_b0,saliency,resnet50,blur,85.0,0.165,0.326
imagenet,efficientnet_b0,saliency,resnet50,blur,90.0,0.13,0.308
imagenet,efficientnet_b0,saliency,resnet50,blur,95.0,0.132,0.285
imagenet,efficientnet_b0,saliency,resnet50,blur,100.0,0.106,0.217
imagenet,efficientnet_b0,saliency,resnet50,gray,0.0,0.889,0.98
imagenet,efficientnet_b0,saliency,resnet50,gray,5.0,0.858,0.965
imagenet,efficientnet_b0,saliency,resnet50,gray,10.0,0.802,0.938
imagenet,efficientnet_b0,saliency,resnet50,gray,15.0,0.738,0.918
imagenet,efficientnet_b0,saliency,resnet50,gray,20.0,0.677,0.876
imagenet,efficientnet_b0,saliency,resnet50,gray,25.0,0.623,0.821
imagenet,efficientnet_b0,saliency,resnet50,gray,30.0,0.547,0.75
imagenet,efficientnet_b0,saliency,resnet50,gray,35.0,0.47,0.703
imagenet,efficientnet_b0,saliency,resnet50,gray,40.0,0.416,0.647
imagenet,efficientnet_b0,saliency,resnet50,gray,45.0,0.343,0.577
imagenet,efficientnet_b0,saliency,resnet50,gray,50.0,0.291,0.514
imagenet,efficientnet_b0,saliency,resnet50,gray,55.0,0.242,0.446
imagenet,efficientnet_b0,saliency,resnet50,gray,60.0,0.204,0.373
imagenet,efficientnet_b0,saliency,resnet50,gray,65.0,0.147,0.297
imagenet,efficientnet_b0,saliency,resnet50,gray,70.0,0.103,0.232
imagenet,efficientnet_b0,saliency,resnet50,gray,75.0,0.076,0.168
imagenet,efficientnet_b0,saliency,resnet50,gray,80.0,0.038,0.121
imagenet,efficientnet_b0,saliency,resnet50,gray,85.0,0.023,0.065
imagenet,efficientnet_b0,saliency,resnet50,gray,90.0,0.007,0.03
imagenet,efficientnet_b0,saliency,resnet50,gray,95.0,0.003,0.011
imagenet,efficientnet_b0,saliency,resnet50,gray,100.0,0.001,0.005
imagenet,efficientnet_b0,xrai,resnet50,gray,0.0,0.889,0.98
imagenet,efficientnet_b0,xrai,resnet50,gray,5.0,0.885,0.981
imagenet,efficientnet_b0,xrai,resnet50,gray,10.0,0.881,0.982
imagenet,efficientnet_b0,xrai,resnet50,gray,15.0,0.875,0.98
imagenet,efficientnet_b0,xrai,resnet50,gray,20.0,0.859,0.974
imagenet,efficientnet_b0,xrai,resnet50,gray,25.0,0.846,0.968
imagenet,efficientnet_b0,xrai,resnet50,gray,30.0,0.831,0.958
imagenet,efficientnet_b0,xrai,resnet50,gray,35.0,0.806,0.951
imagenet,efficientnet_b0,xrai,resnet50,gray,40.0,0.775,0.942
imagenet,efficientnet_b0,xrai,resnet50,gray,45.0,0.742,0.913
imagenet,efficientnet_b0,xrai,resnet50,gray,50.0,0.693,0.892
imagenet,efficientnet_b0,xrai,resnet50,gray,55.0,0.644,0.851
imagenet,efficientnet_b0,xrai,resnet50,gray,60.0,0.591,0.802
imagenet,efficientnet_b0,xrai,resnet50,gray,65.0,0.514,0.742
imagenet,efficientnet_b0,xrai,resnet50,gray,70.0,0.435,0.66
imagenet,efficientnet_b0,xrai,resnet50,gray,75.0,0.351,0.569
imagenet,efficientnet_b0,xrai,resnet50,gray,80.0,0.274,0.471
imagenet,efficientnet_b0,xrai,resnet50,gray,85.0,0.196,0.361
imagenet,efficientnet_b0,xrai,resnet50,gray,90.0,0.115,0.231
imagenet,efficientnet_b0,xrai,resnet50,gray,95.0,0.034,0.087
imagenet,efficientnet_b0,xrai,resnet50,gray,100.0,0.001,0.005
imagenet,resnet50,dino,independent,black,0.0,0.91991991991992,0.98998998998999
imagenet,resnet50,dino,independent,black,5.0,0.91,0.986
imagenet,resnet50,dino,independent,black,10.0,0.92,0.984
imagenet,resnet50,dino,independent,black,15.0,0.904,0.982
imagenet,resnet50,dino,independent,black,20.0,0.9,0.984
imagenet,resnet50,dino,independent,black,25.0,0.893,0.98
imagenet,resnet50,dino,independent,black,30.0,0.891,0.983
imagenet,resnet50,dino,independent,black,35.0,0.882,0.975
imagenet,resnet50,dino,independent,black,40.0,0.865,0.971
imagenet,resnet50,dino,independent,black,45.0,0.861,0.966
imagenet,resnet50,dino,independent,black,50.0,0.843,0.962
imagenet,resnet50,dino,independent,black,55.0,0.821,0.952
imagenet,resnet50,dino,independent,black,60.0,0.795,0.938
imagenet,resnet50,dino,independent,black,65.0,0.772,0.914
imagenet,resnet50,dino,independent,black,70.0,0.722,0.884
imagenet,resnet50,dino,independent,black,75.0,0.671,0.841
imagenet,resnet50,dino,independent,black,80.0,0.612,0.792
imagenet,resnet50,dino,independent,black,85.0,0.502,0.69
imagenet,resnet50,dino,independent,black,90.0,0.354,0.539
imagenet,resnet50,dino,independent,black,95.0,0.152,0.263
imagenet,resnet50,dino,independent,black,100.0,0.001,0.005
imagenet,resnet50,dino,independent,blur,0.0,0.91991991991992,0.98998998998999
imagenet,resnet50,dino,independent,blur,5.0,0.921,0.988
imagenet,resnet50,dino,independent,blur,10.0,0.914,0.988
imagenet,resnet50,dino,independent,blur,15.0,0.91,0.986
imagenet,resnet50,dino,independent,blur,20.0,0.912,0.986
imagenet,resnet50,dino,independent,blur,25.0,0.902,0.984
imagenet,resnet50,dino,independent,blur,30.0,0.895,0.982
imagenet,resnet50,dino,independent,blur,35.0,0.891,0.979
imagenet,resnet50,dino,independent,blur,40.0,0.886,0.976
imagenet,resnet50,dino,independent,blur,45.0,0.872,0.973
imagenet,resnet50,dino,independent,blur,50.0,0.858,0.965
imagenet,resnet50,dino,independent,blur,55.0,0.836,0.954
imagenet,resnet50,dino,independent,blur,60.0,0.815,0.942
imagenet,resnet50,dino,independent,blur,65.0,0.781,0.92
imagenet,resnet50,dino,independent,blur,70.0,0.733,0.892
imagenet,resnet50,dino,independent,blur,75.0,0.681,0.852
imagenet,resnet50,dino,independent,blur,80.0,0.593,0.795
imagenet,resnet50,dino,independent,blur,85.0,0.474,0.686
imagenet,resnet50,dino,independent,blur,90.0,0.336,0.532
imagenet,resnet50,dino,independent,blur,95.0,0.205,0.349
imagenet,resnet50,dino,independent,blur,100.0,0.163,0.31
imagenet,resnet50,dino,independent,gray,0.0,0.91991991991992,0.98998998998999
imagenet,resnet50,dino,independent,gray,5.0,0.916,0.988
imagenet,resnet50,dino,independent,gray,10.0,0.907,0.986
imagenet,resnet50,dino,independent,gray,15.0,0.899,0.985
imagenet,resnet50,dino,independent,gray,20.0,0.893,0.981
imagenet,resnet50,dino,independent,gray,25.0,0.883,0.981
imagenet,resnet50,dino,independent,gray,30.0,0.875,0.979
imagenet,resnet50,dino,independent,gray,35.0,0.865,0.967
imagenet,resnet50,dino,independent,gray,40.0,0.853,0.965
imagenet,resnet50,dino,independent,gray,45.0,0.843,0.957
imagenet,resnet50,dino,independent,gray,50.0,0.82,0.95
imagenet,resnet50,dino,independent,gray,55.0,0.794,0.936
imagenet,resnet50,dino,independent,gray,60.0,0.763,0.922
imagenet,resnet50,dino,independent,gray,65.0,0.728,0.891
imagenet,resnet50,dino,independent,gray,70.0,0.686,0.865
imagenet,resnet50,dino,independent,gray,75.0,0.629,0.805
imagenet,resnet50,dino,independent,gray,80.0,0.537,0.729
imagenet,resnet50,dino,independent,gray,85.0,0.417,0.623
imagenet,resnet50,dino,independent,gray,90.0,0.294,0.461
imagenet,resnet50,dino,independent,gray,95.0,0.124,0.226
imagenet,resnet50,dino,independent,gray,100.0,0.001,0.005
imagenet,resnet50,dino,independent,random_noise,0.0,0.91991991991992,0.98998998998999
imagenet,resnet50,dino,independent,random_noise,5.0,0.918,0.988
imagenet,resnet50,dino,independent,random_noise,10.0,0.905,0.986
imagenet,resnet50,dino,independent,random_noise,15.0,0.901,0.983
imagenet,resnet50,dino,independent,random_noise,20.0,0.888,0.979
imagenet,resnet50,dino,independent,random_noise,25.0,0.876,0.98
imagenet,resnet50,dino,independent,random_noise,30.0,0.859,0.971
imagenet,resnet50,dino,independent,random_noise,35.0,0.849,0.959
imagenet,resnet50,dino,independent,random_noise,40.0,0.826,0.952
imagenet,resnet50,dino,independent,random_noise,45.0,0.807,0.943
imagenet,resnet50,dino,independent,random_noise,50.0,0.776,0.923
imagenet,resnet50,dino,independent,random_noise,55.0,0.732,0.896
imagenet,resnet50,dino,independent,random_noise,60.0,0.682,0.866
imagenet,resnet50,dino,independent,random_noise,65.0,0.646,0.824
imagenet,resnet50,dino,independent,random_noise,70.0,0.583,0.767
imagenet,resnet50,dino,independent,random_noise,75.0,0.495,0.683
imagenet,resnet50,dino,independent,random_noise,80.0,0.422,0.602
imagenet,resnet50,dino,independent,random_noise,85.0,0.298,0.454
imagenet,resnet50,dino,independent,random_noise,90.0,0.182,0.302
imagenet,resnet50,dino,independent,random_noise,95.0,0.06,0.131
imagenet,resnet50,dino,independent,random_noise,100.0,0.001,0.005
imagenet,resnet50,dino+u2net_sum,independent,black,0.0,0.91991991991992,0.98998998998999
imagenet,resnet50,dino+u2net_sum,independent,black,5.0,0.915,0.987
imagenet,resnet50,dino+u2net_sum,independent,black,10.0,0.921,0.986
imagenet,resnet50,dino+u2net_sum,independent,black,15.0,0.915,0.984
imagenet,resnet50,dino+u2net_sum,independent,black,20.0,0.906,0.985
imagenet,resnet50,dino+u2net_sum,independent,black,25.0,0.898,0.982
imagenet,resnet50,dino+u2net_sum,independent,black,30.0,0.902,0.982
imagenet,resnet50,dino+u2net_sum,independent,black,35.0,0.894,0.98
imagenet,resnet50,dino+u2net_sum,independent,black,40.0,0.887,0.975
imagenet,resnet50,dino+u2net_sum,independent,black,45.0,0.876,0.977
imagenet,resnet50,dino+u2net_sum,independent,black,50.0,0.86,0.976
imagenet,resnet50,dino+u2net_sum,independent,black,55.0,0.851,0.96
imagenet,resnet50,dino+u2net_sum,independent,black,60.0,0.832,0.954
imagenet,resnet50,dino+u2net_sum,independent,black,65.0,0.805,0.94
imagenet,resnet50,dino+u2net_sum,independent,black,70.0,0.773,0.918
imagenet,resnet50,dino+u2net_sum,independent,black,75.0,0.725,0.897
imagenet,resnet50,dino+u2net_sum,independent,black,80.0,0.672,0.843
imagenet,resnet50,dino+u2net_sum,independent,black,85.0,0.509,0.726
imagenet,resnet50,dino+u2net_sum,independent,black,90.0,0.355,0.552
imagenet,resnet50,dino+u2net_sum,independent,black,95.0,0.122,0.222
imagenet,resnet50,dino+u2net_sum,independent,black,100.0,0.001,0.005
imagenet,resnet50,dino+u2net_sum,independent,blur,0.0,0.91991991991992,0.98998998998999
imagenet,resnet50,dino+u2net_sum,independent,blur,5.0,0.921,0.989
imagenet,resnet50,dino+u2net_sum,independent,blur,10.0,0.915,0.988
imagenet,resnet50,dino+u2net_sum,independent,blur,15.0,0.915,0.987
imagenet,resnet50,dino+u2net_sum,independent,blur,20.0,0.913,0.989
imagenet,resnet50,dino+u2net_sum,independent,blur,25.0,0.907,0.987
imagenet,resnet50,dino+u2net_sum,independent,blur,30.0,0.901,0.988
imagenet,resnet50,dino+u2net_sum,independent,blur,35.0,0.901,0.983
imagenet,resnet50,dino+u2net_sum,independent,blur,40.0,0.896,0.983
imagenet,resnet50,dino+u2net_sum,independent,blur,45.0,0.891,0.979
imagenet,resnet50,dino+u2net_sum,independent,blur,50.0,0.88,0.972
imagenet,resnet50,dino+u2net_sum,independent,blur,55.0,0.866,0.967
imagenet,resnet50,dino+u2net_sum,independent,blur,60.0,0.841,0.958
imagenet,resnet50,dino+u2net_sum,independent,blur,65.0,0.817,0.947
imagenet,resnet50,dino+u2net_sum,independent,blur,70.0,0.791,0.927
imagenet,resnet50,dino+u2net_sum,independent,blur,75.0,0.764,0.901
imagenet,resnet50,dino+u2net_sum,independent,blur,80.0,0.701,0.861
imagenet,resnet50,dino+u2net_sum,independent,blur,85.0,0.602,0.79
imagenet,resnet50,dino+u2net_sum,independent,blur,90.0,0.431,0.659
imagenet,resnet50,dino+u2net_sum,independent,blur,95.0,0.251,0.444
imagenet,resnet50,dino+u2net_sum,independent,blur,100.0,0.163,0.31
imagenet,resnet50,dino+u2net_sum,independent,gray,0.0,0.91991991991992,0.98998998998999
imagenet,resnet50,dino+u2net_sum,independent,gray,5.0,0.919,0.988
imagenet,resnet50,dino+u2net_sum,independent,gray,10.0,0.909,0.986
imagenet,resnet50,dino+u2net_sum,independent,gray,15.0,0.908,0.986
imagenet,resnet50,dino+u2net_sum,independent,gray,20.0,0.903,0.986
imagenet,resnet50,dino+u2net_sum,independent,gray,25.0,0.897,0.984
imagenet,resnet50,dino+u2net_sum,independent,gray,30.0,0.892,0.982
imagenet,resnet50,dino+u2net_sum,independent,gray,35.0,0.879,0.979
imagenet,resnet50,dino+u2net_sum,independent,gray,40.0,0.877,0.977
imagenet,resnet50,dino+u2net_sum,independent,gray,45.0,0.868,0.971
imagenet,resnet50,dino+u2net_sum,independent,gray,50.0,0.846,0.965
imagenet,resnet50,dino+u2net_sum,independent,gray,55.0,0.834,0.951
imagenet,resnet50,dino+u2net_sum,independent,gray,60.0,0.823,0.946
imagenet,resnet50,dino+u2net_sum,independent,gray,65.0,0.8,0.936
imagenet,resnet50,dino+u2net_sum,independent,gray,70.0,0.768,0.923
imagenet,resnet50,dino+u2net_sum,independent,gray,75.0,0.728,0.894
imagenet,resnet50,dino+u2net_sum,independent,gray,80.0,0.674,0.855
imagenet,resnet50,dino+u2net_sum,independent,gray,85.0,0.561,0.774
imagenet,resnet50,dino+u2net_sum,independent,gray,90.0,0.431,0.634
imagenet,resnet50,dino+u2net_sum,independent,gray,95.0,0.206,0.352
imagenet,resnet50,dino+u2net_sum,independent,gray,100.0,0.001,0.005
imagenet,resnet50,dino+u2net_sum,independent,random_noise,0.0,0.91991991991992,0.98998998998999
imagenet,resnet50,dino+u2net_sum,independent,random_noise,5.0,0.921,0.987
imagenet,resnet50,dino+u2net_sum,independent,random_noise,10.0,0.911,0.984
imagenet,resnet50,dino+u2net_sum,independent,random_noise,15.0,0.902,0.985
imagenet,resnet50,dino+u2net_sum,independent,random_noise,20.0,0.892,0.984
imagenet,resnet50,dino+u2net_sum,independent,random_noise,25.0,0.879,0.98
imagenet,resnet50,dino+u2net_sum,independent,random_noise,30.0,0.872,0.976
imagenet,resnet50,dino+u2net_sum,independent,random_noise,35.0,0.866,0.979
imagenet,resnet50,dino+u2net_sum,independent,random_noise,40.0,0.856,0.967
imagenet,resnet50,dino+u2net_sum,independent,random_noise,45.0,0.843,0.965
imagenet,resnet50,dino+u2net_sum,independent,random_noise,50.0,0.83,0.962
imagenet,resnet50,dino+u2net_sum,independent,random_noise,55.0,0.804,0.941
imagenet,resnet50,dino+u2net_sum,independent,random_noise,60.0,0.779,0.919
imagenet,resnet50,dino+u2net_sum,independent,random_noise,65.0,0.745,0.9
imagenet,resnet50,dino+u2net_sum,independent,random_noise,70.0,0.717,0.872
imagenet,resnet50,dino+u2net_sum,independent,random_noise,75.0,0.676,0.836
imagenet,resnet50,dino+u2net_sum,independent,random_noise,80.0,0.577,0.769
imagenet,resnet50,dino+u2net_sum,independent,random_noise,85.0,0.458,0.644
imagenet,resnet50,dino+u2net_sum,independent,random_noise,90.0,0.256,0.434
imagenet,resnet50,dino+u2net_sum,independent,random_noise,95.0,0.08,0.15
imagenet,resnet50,dino+u2net_sum,independent,random_noise,100.0,0.001,0.005
imagenet,resnet50,dino448,independent,black,0.0,0.91991991991992,0.98998998998999
imagenet,resnet50,dino448,independent,black,5.0,0.919,0.986
imagenet,resnet50,dino448,independent,black,10.0,0.921,0.987
imagenet,resnet50,dino448,independent,black,15.0,0.91,0.986
imagenet,resnet50,dino448,independent,black,20.0,0.91,0.984
imagenet,resnet50,dino448,independent,black,25.0,0.905,0.983
imagenet,resnet50,dino448,independent,black,30.0,0.904,0.984
imagenet,resnet50,dino448,independent,black,35.0,0.904,0.983
imagenet,resnet50,dino448,independent,black,40.0,0.901,0.98
imagenet,resnet50,dino448,independent,black,45.0,0.895,0.978
imagenet,resnet50,dino448,independent,black,50.0,0.884,0.974
imagenet,resnet50,dino448,independent,black,55.0,0.872,0.973
imagenet,resnet50,dino448,independent,black,60.0,0.849,0.968
imagenet,resnet50,dino448,independent,black,65.0,0.831,0.959
imagenet,resnet50,dino448,independent,black,70.0,0.792,0.939
imagenet,resnet50,dino448,independent,black,75.0,0.757,0.913
imagenet,resnet50,dino448,independent,black,80.0,0.702,0.872
imagenet,resnet50,dino448,independent,black,85.0,0.595,0.8
imagenet,resnet50,dino448,independent,black,90.0,0.458,0.676
imagenet,resnet50,dino448,independent,black,95.0,0.25,0.392
imagenet,resnet50,dino448,independent,black,100.0,0.001,0.005
imagenet,resnet50,dino448,independent,blur,0.0,0.91991991991992,0.98998998998999
imagenet,resnet50,dino448,independent,blur,5.0,0.919,0.988
imagenet,resnet50,dino448,independent,blur,10.0,0.919,0.989
imagenet,resnet50,dino448,independent,blur,15.0,0.919,0.99
imagenet,resnet50,dino448,independent,blur,20.0,0.918,0.99
imagenet,resnet50,dino448,independent,blur,25.0,0.912,0.989
imagenet,resnet50,dino448,independent,blur,30.0,0.907,0.988
imagenet,resnet50,dino448,independent,blur,35.0,0.901,0.986
imagenet,resnet50,dino448,independent,blur,40.0,0.885,0.98
imagenet,resnet50,dino448,independent,blur,45.0,0.883,0.975
imagenet,resnet50,dino448,independent,blur,50.0,0.873,0.97
imagenet,resnet50,dino448,independent,blur,55.0,0.843,0.967
imagenet,resnet50,dino448,independent,blur,60.0,0.833,0.954
imagenet,resnet50,dino448,independent,blur,65.0,0.805,0.933
imagenet,resnet50,dino448,independent,blur,70.0,0.766,0.913
imagenet,resnet50,dino448,independent,blur,75.0,0.715,0.878
imagenet,resnet50,dino448,independent,blur,80.0,0.645,0.828
imagenet,resnet50,dino448,independent,blur,85.0,0.537,0.745
imagenet,resnet50,dino448,independent,blur,90.0,0.414,0.616
imagenet,resnet50,dino448,independent,blur,95.0,0.225,0.419
imagenet,resnet50,dino448,independent,blur,100.0,0.163,0.31
imagenet,resnet50,dino448,independent,gray,0.0,0.91991991991992,0.98998998998999
imagenet,resnet50,dino448,independent,gray,5.0,0.919,0.988
imagenet,resnet50,dino448,independent,gray,10.0,0.918,0.989
imagenet,resnet50,dino448,independent,gray,15.0,0.911,0.987
imagenet,resnet50,dino448,independent,gray,20.0,0.904,0.985
imagenet,resnet50,dino448,independent,gray,25.0,0.905,0.986
imagenet,resnet50,dino448,independent,gray,30.0,0.899,0.985
imagenet,resnet50,dino448,independent,gray,35.0,0.899,0.983
imagenet,resnet50,dino448,independent,gray,40.0,0.888,0.979
imagenet,resnet50,dino448,independent,gray,45.0,0.875,0.977
imagenet,resnet50,dino448,independent,gray,50.0,0.856,0.962
imagenet,resnet50,dino448,independent,gray,55.0,0.838,0.965
imagenet,resnet50,dino448,independent,gray,60.0,0.824,0.952
imagenet,resnet50,dino448,independent,gray,65.0,0.793,0.936
imagenet,resnet50,dino448,independent,gray,70.0,0.767,0.911
imagenet,resnet50,dino448,independent,gray,75.0,0.709,0.875
imagenet,resnet50,dino448,independent,gray,80.0,0.639,0.829
imagenet,resnet50,dino448,independent,gray,85.0,0.521,0.742
imagenet,resnet50,dino448,independent,gray,90.0,0.38,0.586
imagenet,resnet50,dino448,independent,gray,95.0,0.185,0.323
imagenet,resnet50,dino448,independent,gray,100.0,0.001,0.005
imagenet,resnet50,dino448,independent,random_noise,0.0,0.91991991991992,0.98998998998999
imagenet,resnet50,dino448,independent,random_noise,5.0,0.922,0.988
imagenet,resnet50,dino448,independent,random_noise,10.0,0.911,0.985
imagenet,resnet50,dino448,independent,random_noise,15.0,0.905,0.987
imagenet,resnet50,dino448,independent,random_noise,20.0,0.898,0.983
imagenet,resnet50,dino448,independent,random_noise,25.0,0.89,0.982
imagenet,resnet50,dino448,independent,random_noise,30.0,0.881,0.981
imagenet,resnet50,dino448,independent,random_noise,35.0,0.88,0.975
imagenet,resnet50,dino448,independent,random_noise,40.0,0.857,0.968
imagenet,resnet50,dino448,independent,random_noise,45.0,0.837,0.962
imagenet,resnet50,dino448,independent,random_noise,50.0,0.81,0.947
imagenet,resnet50,dino448,independent,random_noise,55.0,0.781,0.927
imagenet,resnet50,dino448,independent,random_noise,60.0,0.75,0.892
imagenet,resnet50,dino448,independent,random_noise,65.0,0.715,0.876
imagenet,resnet50,dino448,independent,random_noise,70.0,0.654,0.83
imagenet,resnet50,dino448,independent,random_noise,75.0,0.589,0.764
imagenet,resnet50,dino448,independent,random_noise,80.0,0.494,0.676
imagenet,resnet50,dino448,independent,random_noise,85.0,0.363,0.559
imagenet,resnet50,dino448,independent,random_noise,90.0,0.234,0.38
imagenet,resnet50,dino448,independent,random_noise,95.0,0.082,0.177
imagenet,resnet50,dino448,independent,random_noise,100.0,0.001,0.007
imagenet,resnet50,dino448+u2net,independent,black,0.0,0.91991991991992,0.98998998998999
imagenet,resnet50,dino448+u2net,independent,black,5.0,0.92,0.989
imagenet,resnet50,dino448+u2net,independent,black,10.0,0.918,0.988
imagenet,resnet50,dino448+u2net,independent,black,15.0,0.916,0.986
imagenet,resnet50,dino448+u2net,independent,black,20.0,0.917,0.983
imagenet,resnet50,dino448+u2net,independent,black,25.0,0.909,0.985
imagenet,resnet50,dino448+u2net,independent,black,30.0,0.909,0.983
imagenet,resnet50,dino448+u2net,independent,black,35.0,0.908,0.983
imagenet,resnet50,dino448+u2net,independent,black,40.0,0.899,0.985
imagenet,resnet50,dino448+u2net,independent,black,45.0,0.899,0.984
imagenet,resnet50,dino448+u2net,independent,black,50.0,0.89,0.979
imagenet,resnet50,dino448+u2net,independent,black,55.0,0.875,0.971
imagenet,resnet50,dino448+u2net,independent,black,60.0,0.85,0.966
imagenet,resnet50,dino448+u2net,independent,black,65.0,0.834,0.961
imagenet,resnet50,dino448+u2net,independent,black,70.0,0.797,0.942
imagenet,resnet50,dino448+u2net,independent,black,75.0,0.761,0.914
imagenet,resnet50,dino448+u2net,independent,black,80.0,0.711,0.873
imagenet,resnet50,dino448+u2net,independent,black,85.0,0.621,0.813
imagenet,resnet50,dino448+u2net,independent,black,90.0,0.497,0.691
imagenet,resnet50,dino448+u2net,independent,black,95.0,0.286,0.434
imagenet,resnet50,dino448+u2net,independent,black,100.0,0.001,0.005
imagenet,resnet50,dino448+u2net,independent,blur,0.0,0.91991991991992,0.98998998998999
imagenet,resnet50,dino448+u2net,independent,blur,5.0,0.919,0.989
imagenet,resnet50,dino448+u2net,independent,blur,10.0,0.921,0.989
imagenet,resnet50,dino448+u2net,independent,blur,15.0,0.922,0.99
imagenet,resnet50,dino448+u2net,independent,blur,20.0,0.918,0.99
imagenet,resnet50,dino448+u2net,independent,blur,25.0,0.915,0.99
imagenet,resnet50,dino448+u2net,independent,blur,30.0,0.911,0.988
imagenet,resnet50,dino448+u2net,independent,blur,35.0,0.913,0.989
imagenet,resnet50,dino448+u2net,independent,blur,40.0,0.899,0.985
imagenet,resnet50,dino448+u2net,independent,blur,45.0,0.884,0.979
imagenet,resnet50,dino448+u2net,independent,blur,50.0,0.885,0.975
imagenet,resnet50,dino448+u2net,independent,blur,55.0,0.868,0.967
imagenet,resnet50,dino448+u2net,independent,blur,60.0,0.837,0.96
imagenet,resnet50,dino448+u2net,independent,blur,65.0,0.817,0.948
imagenet,resnet50,dino448+u2net,independent,blur,70.0,0.792,0.926
imagenet,resnet50,dino448+u2net,independent,blur,75.0,0.74,0.892
imagenet,resnet50,dino448+u2net,independent,blur,80.0,0.695,0.856
imagenet,resnet50,dino448+u2net,independent,blur,85.0,0.61,0.812
imagenet,resnet50,dino448+u2net,independent,blur,90.0,0.478,0.682
imagenet,resnet50,dino448+u2net,independent,blur,95.0,0.282,0.482
imagenet,resnet50,dino448+u2net,independent,blur,100.0,0.163,0.31
imagenet,resnet50,dino448+u2net,independent,gray,0.0,0.91991991991992,0.98998998998999
imagenet,resnet50,dino448+u2net,independent,gray,5.0,0.922,0.989
imagenet,resnet50,dino448+u2net,independent,gray,10.0,0.923,0.987
imagenet,resnet50,dino448+u2net,independent,gray,15.0,0.913,0.988
imagenet,resnet50,dino448+u2net,independent,gray,20.0,0.917,0.986
imagenet,resnet50,dino448+u2net,independent,gray,25.0,0.907,0.986
imagenet,resnet50,dino448+u2net,independent,gray,30.0,0.91,0.986
imagenet,resnet50,dino448+u2net,independent,gray,35.0,0.901,0.986
imagenet,resnet50,dino448+u2net,independent,gray,40.0,0.896,0.984
imagenet,resnet50,dino448+u2net,independent,gray,45.0,0.883,0.981
imagenet,resnet50,dino448+u2net,independent,gray,50.0,0.879,0.975
imagenet,resnet50,dino448+u2net,independent,gray,55.0,0.857,0.968
imagenet,resnet50,dino448+u2net,independent,gray,60.0,0.844,0.96
imagenet,resnet50,dino448+u2net,independent,gray,65.0,0.825,0.95
imagenet,resnet50,dino448+u2net,independent,gray,70.0,0.79,0.932
imagenet,resnet50,dino448+u2net,independent,gray,75.0,0.74,0.895
imagenet,resnet50,dino448+u2net,independent,gray,80.0,0.677,0.854
imagenet,resnet50,dino448+u2net,independent,gray,85.0,0.597,0.787
imagenet,resnet50,dino448+u2net,independent,gray,90.0,0.439,0.648
imagenet,resnet50,dino448+u2net,independent,gray,95.0,0.236,0.403
imagenet,resnet50,dino448+u2net,independent,gray,100.0,0.001,0.005
imagenet,resnet50,dino448+u2net,independent,random_noise,0.0,0.91991991991992,0.98998998998999
imagenet,resnet50,dino448+u2net,independent,random_noise,5.0,0.92,0.988
imagenet,resnet50,dino448+u2net,independent,random_noise,10.0,0.914,0.985
imagenet,resnet50,dino448+u2net,independent,random_noise,15.0,0.912,0.985
imagenet,resnet50,dino448+u2net,independent,random_noise,20.0,0.911,0.986
imagenet,resnet50,dino448+u2net,independent,random_noise,25.0,0.895,0.983
imagenet,resnet50,dino448+u2net,independent,random_noise,30.0,0.897,0.981
imagenet,resnet50,dino448+u2net,independent,random_noise,35.0,0.887,0.977
imagenet,resnet50,dino448+u2net,independent,random_noise,40.0,0.872,0.973
imagenet,resnet50,dino448+u2net,independent,random_noise,45.0,0.859,0.971
imagenet,resnet50,dino448+u2net,independent,random_noise,50.0,0.839,0.964
imagenet,resnet50,dino448+u2net,independent,random_noise,55.0,0.83,0.946
imagenet,resnet50,dino448+u2net,independent,random_noise,60.0,0.798,0.931
imagenet,resnet50,dino448+u2net,independent,random_noise,65.0,0.758,0.906
imagenet,resnet50,dino448+u2net,independent,random_noise,70.0,0.707,0.865
imagenet,resnet50,dino448+u2net,independent,random_noise,75.0,0.654,0.813
imagenet,resnet50,dino448+u2net,independent,random_noise,80.0,0.565,0.749
imagenet,resnet50,dino448+u2net,independent,random_noise,85.0,0.446,0.644
imagenet,resnet50,dino448+u2net,independent,random_noise,90.0,0.311,0.48
imagenet,resnet50,dino448+u2net,independent,random_noise,95.0,0.118,0.23
imagenet,resnet50,dino448+u2net,independent,random_noise,100.0,0.001,0.004
imagenet,resnet50,dinov2_COMBO_ENT_SMOOTH,independent,black,0.0,0.91991991991992,0.98998998998999
imagenet,resnet50,dinov2_COMBO_ENT_SMOOTH,independent,black,5.0,0.919,0.989
imagenet,resnet50,dinov2_COMBO_ENT_SMOOTH,independent,black,10.0,0.921,0.986
imagenet,resnet50,dinov2_COMBO_ENT_SMOOTH,independent,black,15.0,0.923,0.985
imagenet,resnet50,dinov2_COMBO_ENT_SMOOTH,independent,black,20.0,0.92,0.988
imagenet,resnet50,dinov2_COMBO_ENT_SMOOTH,independent,black,25.0,0.912,0.986
imagenet,resnet50,dinov2_COMBO_ENT_SMOOTH,independent,black,30.0,0.913,0.983
imagenet,resnet50,dinov2_COMBO_ENT_SMOOTH,independent,black,35.0,0.91,0.978
imagenet,resnet50,dinov2_COMBO_ENT_SMOOTH,independent,black,40.0,0.894,0.98
imagenet,resnet50,dinov2_COMBO_ENT_SMOOTH,independent,black,45.0,0.892,0.975
imagenet,resnet50,dinov2_COMBO_ENT_SMOOTH,independent,black,50.0,0.89,0.974
imagenet,resnet50,dinov2_COMBO_ENT_SMOOTH,independent,black,55.0,0.886,0.969
imagenet,resnet50,dinov2_COMBO_ENT_SMOOTH,independent,black,60.0,0.85,0.966
imagenet,resnet50,dinov2_COMBO_ENT_SMOOTH,independent,black,65.0,0.838,0.953
imagenet,resnet50,dinov2_COMBO_ENT_SMOOTH,independent,black,70.0,0.811,0.94
imagenet,resnet50,dinov2_COMBO_ENT_SMOOTH,independent,black,75.0,0.783,0.927
imagenet,resnet50,dinov2_COMBO_ENT_SMOOTH,independent,black,80.0,0.751,0.901
imagenet,resnet50,dinov2_COMBO_ENT_SMOOTH,independent,black,85.0,0.688,0.849
imagenet,resnet50,dinov2_COMBO_ENT_SMOOTH,independent,black,90.0,0.574,0.765
imagenet,resnet50,dinov2_COMBO_ENT_SMOOTH,independent,black,95.0,0.362,0.553
imagenet,resnet50,dinov2_COMBO_ENT_SMOOTH,independent,black,100.0,0.001,0.005
imagenet,resnet50,dinov2_COMBO_ENT_SMOOTH,independent,blur,0.0,0.91991991991992,0.98998998998999
imagenet,resnet50,dinov2_COMBO_ENT_SMOOTH,independent,blur,5.0,0.92,0.991
imagenet,resnet50,dinov2_COMBO_ENT_SMOOTH,independent,blur,10.0,0.915,0.988
imagenet,resnet50,dinov2_COMBO_ENT_SMOOTH,independent,blur,15.0,0.92,0.988
imagenet,resnet50,dinov2_COMBO_ENT_SMOOTH,independent,blur,20.0,0.921,0.987
imagenet,resnet50,dinov2_COMBO_ENT_SMOOTH,independent,blur,25.0,0.917,0.986
imagenet,resnet50,dinov2_COMBO_ENT_SMOOTH,independent,blur,30.0,0.909,0.983
imagenet,resnet50,dinov2_COMBO_ENT_SMOOTH,independent,blur,35.0,0.905,0.982
imagenet,resnet50,dinov2_COMBO_ENT_SMOOTH,independent,blur,40.0,0.899,0.978
imagenet,resnet50,dinov2_COMBO_ENT_SMOOTH,independent,blur,45.0,0.88,0.975
imagenet,resnet50,dinov2_COMBO_ENT_SMOOTH,independent,blur,50.0,0.866,0.967
imagenet,resnet50,dinov2_COMBO_ENT_SMOOTH,independent,blur,55.0,0.857,0.958
imagenet,resnet50,dinov2_COMBO_ENT_SMOOTH,independent,blur,60.0,0.829,0.949
imagenet,resnet50,dinov2_COMBO_ENT_SMOOTH,independent,blur,65.0,0.813,0.939
imagenet,resnet50,dinov2_COMBO_ENT_SMOOTH,independent,blur,70.0,0.787,0.919
imagenet,resnet50,dinov2_COMBO_ENT_SMOOTH,independent,blur,75.0,0.751,0.907
imagenet,resnet50,dinov2_COMBO_ENT_SMOOTH,independent,blur,80.0,0.705,0.86
imagenet,resnet50,dinov2_COMBO_ENT_SMOOTH,independent,blur,85.0,0.624,0.786
imagenet,resnet50,dinov2_COMBO_ENT_SMOOTH,independent,blur,90.0,0.49,0.696
imagenet,resnet50,dinov2_COMBO_ENT_SMOOTH,independent,blur,95.0,0.325,0.501
imagenet,resnet50,dinov2_COMBO_ENT_SMOOTH,independent,blur,100.0,0.163,0.31
imagenet,resnet50,dinov2_COMBO_ENT_SMOOTH,independent,gray,0.0,0.91991991991992,0.98998998998999
imagenet,resnet50,dinov2_COMBO_ENT_SMOOTH,independent,gray,5.0,0.917,0.99
imagenet,resnet50,dinov2_COMBO_ENT_SMOOTH,independent,gray,10.0,0.919,0.99
imagenet,resnet50,dinov2_COMBO_ENT_SMOOTH,independent,gray,15.0,0.925,0.988
imagenet,resnet50,dinov2_COMBO_ENT_SMOOTH,independent,gray,20.0,0.922,0.985
imagenet,resnet50,dinov2_COMBO_ENT_SMOOTH,independent,gray,25.0,0.912,0.984
imagenet,resnet50,dinov2_COMBO_ENT_SMOOTH,independent,gray,30.0,0.91,0.983
imagenet,resnet50,dinov2_COMBO_ENT_SMOOTH,independent,gray,35.0,0.903,0.978
imagenet,resnet50,dinov2_COMBO_ENT_SMOOTH,independent,gray,40.0,0.895,0.978
imagenet,resnet50,dinov2_COMBO_ENT_SMOOTH,independent,gray,45.0,0.883,0.977
imagenet,resnet50,dinov2_COMBO_ENT_SMOOTH,independent,gray,50.0,0.871,0.971
imagenet,resnet50,dinov2_COMBO_ENT_SMOOTH,independent,gray,55.0,0.856,0.966
imagenet,resnet50,dinov2_COMBO_ENT_SMOOTH,independent,gray,60.0,0.837,0.96
imagenet,resnet50,dinov2_COMBO_ENT_SMOOTH,independent,gray,65.0,0.818,0.943
imagenet,resnet50,dinov2_COMBO_ENT_SMOOTH,independent,gray,70.0,0.793,0.925
imagenet,resnet50,dinov2_COMBO_ENT_SMOOTH,independent,gray,75.0,0.765,0.903
imagenet,resnet50,dinov2_COMBO_ENT_SMOOTH,independent,gray,80.0,0.716,0.864
imagenet,resnet50,dinov2_COMBO_ENT_SMOOTH,independent,gray,85.0,0.613,0.809
imagenet,resnet50,dinov2_COMBO_ENT_SMOOTH,independent,gray,90.0,0.476,0.696
imagenet,resnet50,dinov2_COMBO_ENT_SMOOTH,independent,gray,95.0,0.261,0.434
imagenet,resnet50,dinov2_COMBO_ENT_SMOOTH,independent,gray,100.0,0.001,0.005
imagenet,resnet50,dinov2_COMBO_ENT_SMOOTH,independent,random_noise,0.0,0.91991991991992,0.98998998998999
imagenet,resnet50,dinov2_COMBO_ENT_SMOOTH,independent,random_noise,5.0,0.918,0.99
imagenet,resnet50,dinov2_COMBO_ENT_SMOOTH,independent,random_noise,10.0,0.918,0.987
imagenet,resnet50,dinov2_COMBO_ENT_SMOOTH,independent,random_noise,15.0,0.916,0.986
imagenet,resnet50,dinov2_COMBO_ENT_SMOOTH,independent,random_noise,20.0,0.918,0.988
imagenet,resnet50,dinov2_COMBO_ENT_SMOOTH,independent,random_noise,25.0,0.905,0.984
imagenet,resnet50,dinov2_COMBO_ENT_SMOOTH,independent,random_noise,30.0,0.892,0.98
imagenet,resnet50,dinov2_COMBO_ENT_SMOOTH,independent,random_noise,35.0,0.888,0.977
imagenet,resnet50,dinov2_COMBO_ENT_SMOOTH,independent,random_noise,40.0,0.871,0.972
imagenet,resnet50,dinov2_COMBO_ENT_SMOOTH,independent,random_noise,45.0,0.85,0.962
imagenet,resnet50,dinov2_COMBO_ENT_SMOOTH,independent,random_noise,50.0,0.841,0.957
imagenet,resnet50,dinov2_COMBO_ENT_SMOOTH,independent,random_noise,55.0,0.813,0.943
imagenet,resnet50,dinov2_COMBO_ENT_SMOOTH,independent,random_noise,60.0,0.79,0.922
imagenet,resnet50,dinov2_COMBO_ENT_SMOOTH,independent,random_noise,65.0,0.747,0.897
imagenet,resnet50,dinov2_COMBO_ENT_SMOOTH,independent,random_noise,70.0,0.724,0.862
imagenet,resnet50,dinov2_COMBO_ENT_SMOOTH,independent,random_noise,75.0,0.67,0.832
imagenet,resnet50,dinov2_COMBO_ENT_SMOOTH,independent,random_noise,80.0,0.586,0.763
imagenet,resnet50,dinov2_COMBO_ENT_SMOOTH,independent,random_noise,85.0,0.475,0.654
imagenet,resnet50,dinov2_COMBO_ENT_SMOOTH,independent,random_noise,90.0,0.318,0.495
imagenet,resnet50,dinov2_COMBO_ENT_SMOOTH,independent,random_noise,95.0,0.134,0.264
imagenet,resnet50,dinov2_COMBO_ENT_SMOOTH,independent,random_noise,100.0,0.001,0.005
imagenet,resnet50,grad_cam,efficientnet_b0,black,0.0,0.91991991991992,0.98998998998999
imagenet,resnet50,grad_cam,efficientnet_b0,black,5.0,0.92,0.988
imagenet,resnet50,grad_cam,efficientnet_b0,black,10.0,0.923,0.989
imagenet,resnet50,grad_cam,efficientnet_b0,black,15.0,0.923,0.988
imagenet,resnet50,grad_cam,efficientnet_b0,black,20.0,0.922,0.987
imagenet,resnet50,grad_cam,efficientnet_b0,black,25.0,0.924,0.988
imagenet,resnet50,grad_cam,efficientnet_b0,black,30.0,0.929,0.987
imagenet,resnet50,grad_cam,efficientnet_b0,black,35.0,0.925,0.989
imagenet,resnet50,grad_cam,efficientnet_b0,black,40.0,0.929,0.989
imagenet,resnet50,grad_cam,efficientnet_b0,black,45.0,0.925,0.988
imagenet,resnet50,grad_cam,efficientnet_b0,black,50.0,0.912,0.987
imagenet,resnet50,grad_cam,efficientnet_b0,black,55.0,0.907,0.988
imagenet,resnet50,grad_cam,efficientnet_b0,black,60.0,0.905,0.986
imagenet,resnet50,grad_cam,efficientnet_b0,black,65.0,0.895,0.984
imagenet,resnet50,grad_cam,efficientnet_b0,black,70.0,0.887,0.983
imagenet,resnet50,grad_cam,efficientnet_b0,black,75.0,0.87,0.98
imagenet,resnet50,grad_cam,efficientnet_b0,black,80.0,0.844,0.964
imagenet,resnet50,grad_cam,efficientnet_b0,black,85.0,0.814,0.945
imagenet,resnet50,grad_cam,efficientnet_b0,black,90.0,0.706,0.887
imagenet,resnet50,grad_cam,efficientnet_b0,black,95.0,0.46,0.679
imagenet,resnet50,grad_cam,efficientnet_b0,black,100.0,0.001,0.005
imagenet,resnet50,grad_cam,efficientnet_b0,blur,0.0,0.91991991991992,0.98998998998999
imagenet,resnet50,grad_cam,efficientnet_b0,blur,5.0,0.92,0.99
imagenet,resnet50,grad_cam,efficientnet_b0,blur,10.0,0.922,0.989
imagenet,resnet50,grad_cam,efficientnet_b0,blur,15.0,0.919,0.989
imagenet,resnet50,grad_cam,efficientnet_b0,blur,20.0,0.925,0.989
imagenet,resnet50,grad_cam,efficientnet_b0,blur,25.0,0.918,0.987
imagenet,resnet50,grad_cam,efficientnet_b0,blur,30.0,0.911,0.99
imagenet,resnet50,grad_cam,efficientnet_b0,blur,35.0,0.906,0.987
imagenet,resnet50,grad_cam,efficientnet_b0,blur,40.0,0.904,0.987
imagenet,resnet50,grad_cam,efficientnet_b0,blur,45.0,0.896,0.984
imagenet,resnet50,grad_cam,efficientnet_b0,blur,50.0,0.89,0.978
imagenet,resnet50,grad_cam,efficientnet_b0,blur,55.0,0.879,0.974
imagenet,resnet50,grad_cam,efficientnet_b0,blur,60.0,0.865,0.969
imagenet,resnet50,grad_cam,efficientnet_b0,blur,65.0,0.84,0.962
imagenet,resnet50,grad_cam,efficientnet_b0,blur,70.0,0.822,0.955
imagenet,resnet50,grad_cam,efficientnet_b0,blur,75.0,0.781,0.927
imagenet,resnet50,grad_cam,efficientnet_b0,blur,80.0,0.74,0.892
imagenet,resnet50,grad_cam,efficientnet_b0,blur,85.0,0.65,0.838
imagenet,resnet50,grad_cam,efficientnet_b0,blur,90.0,0.537,0.734
imagenet,resnet50,grad_cam,efficientnet_b0,blur,95.0,0.331,0.528
imagenet,resnet50,grad_cam,efficientnet_b0,blur,100.0,0.163,0.31
imagenet,resnet50,grad_cam,efficientnet_b0,gray,0.0,0.91991991991992,0.98998998998999
imagenet,resnet50,grad_cam,efficientnet_b0,gray,5.0,0.915,0.988
imagenet,resnet50,grad_cam,efficientnet_b0,gray,10.0,0.921,0.989
imagenet,resnet50,grad_cam,efficientnet_b0,gray,15.0,0.919,0.987
imagenet,resnet50,grad_cam,efficientnet_b0,gray,20.0,0.922,0.988
imagenet,resnet50,grad_cam,efficientnet_b0,gray,25.0,0.922,0.987
imagenet,resnet50,grad_cam,efficientnet_b0,gray,30.0,0.925,0.987
imagenet,resnet50,grad_cam,efficientnet_b0,gray,35.0,0.921,0.99
imagenet,resnet50,grad_cam,efficientnet_b0,gray,40.0,0.917,0.987
imagenet,resnet50,grad_cam,efficientnet_b0,gray,45.0,0.914,0.987
imagenet,resnet50,grad_cam,efficientnet_b0,gray,50.0,0.904,0.988
imagenet,resnet50,grad_cam,efficientnet_b0,gray,55.0,0.892,0.988
imagenet,resnet50,grad_cam,efficientnet_b0,gray,60.0,0.883,0.984
imagenet,resnet50,grad_cam,efficientnet_b0,gray,65.0,0.872,0.975
imagenet,resnet50,grad_cam,efficientnet_b0,gray,70.0,0.86,0.965
imagenet,resnet50,grad_cam,efficientnet_b0,gray,75.0,0.835,0.958
imagenet,resnet50,grad_cam,efficientnet_b0,gray,80.0,0.803,0.936
imagenet,resnet50,grad_cam,efficientnet_b0,gray,85.0,0.718,0.895
imagenet,resnet50,grad_cam,efficientnet_b0,gray,90.0,0.571,0.778
imagenet,resnet50,grad_cam,efficientnet_b0,gray,95.0,0.319,0.508
imagenet,resnet50,grad_cam,efficientnet_b0,gray,100.0,0.001,0.005
imagenet,resnet50,grad_cam,efficientnet_b0,random_noise,0.0,0.91991991991992,0.98998998998999
imagenet,resnet50,grad_cam,efficientnet_b0,random_noise,5.0,0.919,0.99
imagenet,resnet50,grad_cam,efficientnet_b0,random_noise,10.0,0.918,0.987
imagenet,resnet50,grad_cam,efficientnet_b0,random_noise,15.0,0.913,0.985
imagenet,resnet50,grad_cam,efficientnet_b0,random_noise,20.0,0.91,0.986
imagenet,resnet50,grad_cam,efficientnet_b0,random_noise,25.0,0.912,0.986
imagenet,resnet50,grad_cam,efficientnet_b0,random_noise,30.0,0.91,0.984
imagenet,resnet50,grad_cam,efficientnet_b0,random_noise,35.0,0.905,0.985
imagenet,resnet50,grad_cam,efficientnet_b0,random_noise,40.0,0.899,0.983
imagenet,resnet50,grad_cam,efficientnet_b0,random_noise,45.0,0.887,0.984
imagenet,resnet50,grad_cam,efficientnet_b0,random_noise,50.0,0.873,0.983
imagenet,resnet50,grad_cam,efficientnet_b0,random_noise,55.0,0.853,0.973
imagenet,resnet50,grad_cam,efficientnet_b0,random_noise,60.0,0.836,0.966
imagenet,resnet50,grad_cam,efficientnet_b0,random_noise,65.0,0.812,0.949
imagenet,resnet50,grad_cam,efficientnet_b0,random_noise,70.0,0.776,0.927
imagenet,resnet50,grad_cam,efficientnet_b0,random_noise,75.0,0.735,0.888
imagenet,resnet50,grad_cam,efficientnet_b0,random_noise,80.0,0.663,0.841
imagenet,resnet50,grad_cam,efficientnet_b0,random_noise,85.0,0.529,0.742
imagenet,resnet50,grad_cam,efficientnet_b0,random_noise,90.0,0.375,0.564
imagenet,resnet50,grad_cam,efficientnet_b0,random_noise,95.0,0.134,0.262
imagenet,resnet50,grad_cam,efficientnet_b0,random_noise,100.0,0.001,0.005
imagenet,resnet50,grad_cam,vgg16,black,0.0,0.91991991991992,0.98998998998999
imagenet,resnet50,grad_cam,vgg16,black,5.0,0.892,0.986
imagenet,resnet50,grad_cam,vgg16,black,10.0,0.888,0.978
imagenet,resnet50,grad_cam,vgg16,black,15.0,0.875,0.967
imagenet,resnet50,grad_cam,vgg16,black,20.0,0.857,0.965
imagenet,resnet50,grad_cam,vgg16,black,25.0,0.855,0.958
imagenet,resnet50,grad_cam,vgg16,black,30.0,0.836,0.959
imagenet,resnet50,grad_cam,vgg16,black,35.0,0.827,0.947
imagenet,resnet50,grad_cam,vgg16,black,40.0,0.807,0.929
imagenet,resnet50,grad_cam,vgg16,black,45.0,0.794,0.925
imagenet,resnet50,grad_cam,vgg16,black,50.0,0.779,0.914
imagenet,resnet50,grad_cam,vgg16,black,55.0,0.748,0.906
imagenet,resnet50,grad_cam,vgg16,black,60.0,0.724,0.88
imagenet,resnet50,grad_cam,vgg16,black,65.0,0.697,0.866
imagenet,resnet50,grad_cam,vgg16,black,70.0,0.673,0.841
imagenet,resnet50,grad_cam,vgg16,black,75.0,0.625,0.819
imagenet,resnet50,grad_cam,vgg16,black,80.0,0.571,0.766
imagenet,resnet50,grad_cam,vgg16,black,85.0,0.503,0.706
imagenet,resnet50,grad_cam,vgg16,black,90.0,0.371,0.566
imagenet,resnet50,grad_cam,vgg16,black,95.0,0.199,0.361
imagenet,resnet50,grad_cam,vgg16,black,100.0,0.001,0.005
imagenet,resnet50,grad_cam,vgg16,blur,0.0,0.91991991991992,0.98998998998999
imagenet,resnet50,grad_cam,vgg16,blur,5.0,0.904,0.985
imagenet,resnet50,grad_cam,vgg16,blur,10.0,0.889,0.982
imagenet,resnet50,grad_cam,vgg16,blur,15.0,0.874,0.978
imagenet,resnet50,grad_cam,vgg16,blur,20.0,0.853,0.967
imagenet,resnet50,grad_cam,vgg16,blur,25.0,0.849,0.955
imagenet,resnet50,grad_cam,vgg16,blur,30.0,0.84,0.95
imagenet,resnet50,grad_cam,vgg16,blur,35.0,0.811,0.943
imagenet,resnet50,grad_cam,vgg16,blur,40.0,0.786,0.929
imagenet,resnet50,grad_cam,vgg16,blur,45.0,0.768,0.917
imagenet,resnet50,grad_cam,vgg16,blur,50.0,0.734,0.897
imagenet,resnet50,grad_cam,vgg16,blur,55.0,0.709,0.872
imagenet,resnet50,grad_cam,vgg16,blur,60.0,0.674,0.843
imagenet,resnet50,grad_cam,vgg16,blur,65.0,0.624,0.804
imagenet,resnet50,grad_cam,vgg16,blur,70.0,0.555,0.768
imagenet,resnet50,grad_cam,vgg16,blur,75.0,0.511,0.713
imagenet,resnet50,grad_cam,vgg16,blur,80.0,0.446,0.657
imagenet,resnet50,grad_cam,vgg16,blur,85.0,0.352,0.564
imagenet,resnet50,grad_cam,vgg16,blur,90.0,0.257,0.458
imagenet,resnet50,grad_cam,vgg16,blur,95.0,0.18,0.362
imagenet,resnet50,grad_cam,vgg16,blur,100.0,0.163,0.31
imagenet,resnet50,grad_cam,vgg16,gray,0.0,0.91991991991992,0.98998998998999
imagenet,resnet50,grad_cam,vgg16,gray,5.0,0.904,0.985
imagenet,resnet50,grad_cam,vgg16,gray,10.0,0.891,0.982
imagenet,resnet50,grad_cam,vgg16,gray,15.0,0.881,0.972
imagenet,resnet50,grad_cam,vgg16,gray,20.0,0.866,0.968
imagenet,resnet50,grad_cam,vgg16,gray,25.0,0.861,0.963
imagenet,resnet50,grad_cam,vgg16,gray,30.0,0.842,0.956
imagenet,resnet50,grad_cam,vgg16,gray,35.0,0.825,0.945
imagenet,resnet50,grad_cam,vgg16,gray,40.0,0.81,0.938
imagenet,resnet50,grad_cam,vgg16,gray,45.0,0.784,0.918
imagenet,resnet50,grad_cam,vgg16,gray,50.0,0.758,0.908
imagenet,resnet50,grad_cam,vgg16,gray,55.0,0.737,0.885
imagenet,resnet50,grad_cam,vgg16,gray,60.0,0.696,0.866
imagenet,resnet50,grad_cam,vgg16,gray,65.0,0.665,0.823
imagenet,resnet50,grad_cam,vgg16,gray,70.0,0.608,0.78
imagenet,resnet50,grad_cam,vgg16,gray,75.0,0.535,0.719
imagenet,resnet50,grad_cam,vgg16,gray,80.0,0.461,0.65
imagenet,resnet50,grad_cam,vgg16,gray,85.0,0.371,0.563
imagenet,resnet50,grad_cam,vgg16,gray,90.0,0.227,0.42
imagenet,resnet50,grad_cam,vgg16,gray,95.0,0.104,0.209
imagenet,resnet50,grad_cam,vgg16,gray,100.0,0.001,0.005
imagenet,resnet50,grad_cam,vgg16,random_noise,0.0,0.91991991991992,0.98998998998999
imagenet,resnet50,grad_cam,vgg16,random_noise,5.0,0.9,0.985
imagenet,resnet50,grad_cam,vgg16,random_noise,10.0,0.892,0.977
imagenet,resnet50,grad_cam,vgg16,random_noise,15.0,0.875,0.969
imagenet,resnet50,grad_cam,vgg16,random_noise,20.0,0.859,0.963
imagenet,resnet50,grad_cam,vgg16,random_noise,25.0,0.838,0.95
imagenet,resnet50,grad_cam,vgg16,random_noise,30.0,0.821,0.94
imagenet,resnet50,grad_cam,vgg16,random_noise,35.0,0.788,0.915
imagenet,resnet50,grad_cam,vgg16,random_noise,40.0,0.752,0.897
imagenet,resnet50,grad_cam,vgg16,random_noise,45.0,0.717,0.873
imagenet,resnet50,grad_cam,vgg16,random_noise,50.0,0.675,0.843
imagenet,resnet50,grad_cam,vgg16,random_noise,55.0,0.605,0.796
imagenet,resnet50,grad_cam,vgg16,random_noise,60.0,0.546,0.737
imagenet,resnet50,grad_cam,vgg16,random_noise,65.0,0.504,0.673
imagenet,resnet50,grad_cam,vgg16,random_noise,70.0,0.415,0.616
imagenet,resnet50,grad_cam,vgg16,random_noise,75.0,0.333,0.521
imagenet,resnet50,grad_cam,vgg16,random_noise,80.0,0.263,0.433
imagenet,resnet50,grad_cam,vgg16,random_noise,85.0,0.172,0.327
imagenet,resnet50,grad_cam,vgg16,random_noise,90.0,0.103,0.21
imagenet,resnet50,grad_cam,vgg16,random_noise,95.0,0.028,0.075
imagenet,resnet50,grad_cam,vgg16,random_noise,100.0,0.001,0.005
imagenet,resnet50,gradientshap,efficientnet_b0,black,0.0,0.91991991991992,0.98998998998999
imagenet,resnet50,gradientshap,efficientnet_b0,black,5.0,0.838,0.959
imagenet,resnet50,gradientshap,efficientnet_b0,black,10.0,0.775,0.924
imagenet,resnet50,gradientshap,efficientnet_b0,black,15.0,0.724,0.88
imagenet,resnet50,gradientshap,efficientnet_b0,black,20.0,0.654,0.831
imagenet,resnet50,gradientshap,efficientnet_b0,black,25.0,0.596,0.79
imagenet,resnet50,gradientshap,efficientnet_b0,black,30.0,0.537,0.745
imagenet,resnet50,gradientshap,efficientnet_b0,black,35.0,0.488,0.706
imagenet,resnet50,gradientshap,efficientnet_b0,black,40.0,0.442,0.642
imagenet,resnet50,gradientshap,efficientnet_b0,black,45.0,0.394,0.597
imagenet,resnet50,gradientshap,efficientnet_b0,black,50.0,0.348,0.547
imagenet,resnet50,gradientshap,efficientnet_b0,black,55.0,0.286,0.487
imagenet,resnet50,gradientshap,efficientnet_b0,black,60.0,0.263,0.437
imagenet,resnet50,gradientshap,efficientnet_b0,black,65.0,0.219,0.382
imagenet,resnet50,gradientshap,efficientnet_b0,black,70.0,0.176,0.313
imagenet,resnet50,gradientshap,efficientnet_b0,black,75.0,0.13,0.246
imagenet,resnet50,gradientshap,efficientnet_b0,black,80.0,0.09,0.175
imagenet,resnet50,gradientshap,efficientnet_b0,black,85.0,0.054,0.121
imagenet,resnet50,gradientshap,efficientnet_b0,black,90.0,0.023,0.075
imagenet,resnet50,gradientshap,efficientnet_b0,black,95.0,0.005,0.025
imagenet,resnet50,gradientshap,efficientnet_b0,black,100.0,0.001,0.005
imagenet,resnet50,gradientshap,efficientnet_b0,blur,0.0,0.91991991991992,0.98998998998999
imagenet,resnet50,gradientshap,efficientnet_b0,blur,5.0,0.91,0.987
imagenet,resnet50,gradientshap,efficientnet_b0,blur,10.0,0.891,0.98
imagenet,resnet50,gradientshap,efficientnet_b0,blur,15.0,0.887,0.981
imagenet,resnet50,gradientshap,efficientnet_b0,blur,20.0,0.868,0.977
imagenet,resnet50,gradientshap,efficientnet_b0,blur,25.0,0.848,0.967
imagenet,resnet50,gradientshap,efficientnet_b0,blur,30.0,0.836,0.956
imagenet,resnet50,gradientshap,efficientnet_b0,blur,35.0,0.803,0.944
imagenet,resnet50,gradientshap,efficientnet_b0,blur,40.0,0.784,0.928
imagenet,resnet50,gradientshap,efficientnet_b0,blur,45.0,0.751,0.907
imagenet,resnet50,gradientshap,efficientnet_b0,blur,50.0,0.702,0.873
imagenet,resnet50,gradientshap,efficientnet_b0,blur,55.0,0.663,0.839
imagenet,resnet50,gradientshap,efficientnet_b0,blur,60.0,0.608,0.799
imagenet,resnet50,gradientshap,efficientnet_b0,blur,65.0,0.55,0.739
imagenet,resnet50,gradientshap,efficientnet_b0,blur,70.0,0.501,0.673
imagenet,resnet50,gradientshap,efficientnet_b0,blur,75.0,0.42,0.601
imagenet,resnet50,gradientshap,efficientnet_b0,blur,80.0,0.35,0.524
imagenet,resnet50,gradientshap,efficientnet_b0,blur,85.0,0.271,0.433
imagenet,resnet50,gradientshap,efficientnet_b0,blur,90.0,0.182,0.328
imagenet,resnet50,gradientshap,efficientnet_b0,blur,95.0,0.116,0.256
imagenet,resnet50,gradientshap,efficientnet_b0,blur,100.0,0.163,0.31
imagenet,resnet50,gradientshap,efficientnet_b0,gray,0.0,0.91991991991992,0.98998998998999
imagenet,resnet50,gradientshap,efficientnet_b0,gray,5.0,0.886,0.98
imagenet,resnet50,gradientshap,efficientnet_b0,gray,10.0,0.854,0.971
imagenet,resnet50,gradientshap,efficientnet_b0,gray,15.0,0.831,0.951
imagenet,resnet50,gradientshap,efficientnet_b0,gray,20.0,0.815,0.943
imagenet,resnet50,gradientshap,efficientnet_b0,gray,25.0,0.776,0.926
imagenet,resnet50,gradientshap,efficientnet_b0,gray,30.0,0.739,0.908
imagenet,resnet50,gradientshap,efficientnet_b0,gray,35.0,0.711,0.88
imagenet,resnet50,gradientshap,efficientnet_b0,gray,40.0,0.675,0.843
imagenet,resnet50,gradientshap,efficientnet_b0,gray,45.0,0.63,0.815
imagenet,resnet50,gradientshap,efficientnet_b0,gray,50.0,0.583,0.788
imagenet,resnet50,gradientshap,efficientnet_b0,gray,55.0,0.544,0.742
imagenet,resnet50,gradientshap,efficientnet_b0,gray,60.0,0.5,0.7
imagenet,resnet50,gradientshap,efficientnet_b0,gray,65.0,0.448,0.662
imagenet,resnet50,gradientshap,efficientnet_b0,gray,70.0,0.383,0.592
imagenet,resnet50,gradientshap,efficientnet_b0,gray,75.0,0.316,0.515
imagenet,resnet50,gradientshap,efficientnet_b0,gray,80.0,0.262,0.432
imagenet,resnet50,gradientshap,efficientnet_b0,gray,85.0,0.196,0.335
imagenet,resnet50,gradientshap,efficientnet_b0,gray,90.0,0.125,0.211
imagenet,resnet50,gradientshap,efficientnet_b0,gray,95.0,0.04,0.086
imagenet,resnet50,gradientshap,efficientnet_b0,gray,100.0,0.001,0.005
imagenet,resnet50,gradientshap,efficientnet_b0,random_noise,0.0,0.91991991991992,0.98998998998999
imagenet,resnet50,gradientshap,efficientnet_b0,random_noise,5.0,0.896,0.983
imagenet,resnet50,gradientshap,efficientnet_b0,random_noise,10.0,0.859,0.971
imagenet,resnet50,gradientshap,efficientnet_b0,random_noise,15.0,0.846,0.951
imagenet,resnet50,gradientshap,efficientnet_b0,random_noise,20.0,0.822,0.945
imagenet,resnet50,gradientshap,efficientnet_b0,random_noise,25.0,0.784,0.927
imagenet,resnet50,gradientshap,efficientnet_b0,random_noise,30.0,0.742,0.91
imagenet,resnet50,gradientshap,efficientnet_b0,random_noise,35.0,0.699,0.883
imagenet,resnet50,gradientshap,efficientnet_b0,random_noise,40.0,0.663,0.849
imagenet,resnet50,gradientshap,efficientnet_b0,random_noise,45.0,0.621,0.824
imagenet,resnet50,gradientshap,efficientnet_b0,random_noise,50.0,0.563,0.784
imagenet,resnet50,gradientshap,efficientnet_b0,random_noise,55.0,0.511,0.732
imagenet,resnet50,gradientshap,efficientnet_b0,random_noise,60.0,0.473,0.676
imagenet,resnet50,gradientshap,efficientnet_b0,random_noise,65.0,0.41,0.614
imagenet,resnet50,gradientshap,efficientnet_b0,random_noise,70.0,0.348,0.53
imagenet,resnet50,gradientshap,efficientnet_b0,random_noise,75.0,0.262,0.454
imagenet,resnet50,gradientshap,efficientnet_b0,random_noise,80.0,0.19,0.349
imagenet,resnet50,gradientshap,efficientnet_b0,random_noise,85.0,0.137,0.25
imagenet,resnet50,gradientshap,efficientnet_b0,random_noise,90.0,0.071,0.151
imagenet,resnet50,gradientshap,efficientnet_b0,random_noise,95.0,0.021,0.049
imagenet,resnet50,gradientshap,efficientnet_b0,random_noise,100.0,0.001,0.004
imagenet,resnet50,gradientshap,vgg16,black,0.0,0.91991991991992,0.98998998998999
imagenet,resnet50,gradientshap,vgg16,black,5.0,0.85,0.965
imagenet,resnet50,gradientshap,vgg16,black,10.0,0.766,0.925
imagenet,resnet50,gradientshap,vgg16,black,15.0,0.706,0.879
imagenet,resnet50,gradientshap,vgg16,black,20.0,0.654,0.833
imagenet,resnet50,gradientshap,vgg16,black,25.0,0.588,0.778
imagenet,resnet50,gradientshap,vgg16,black,30.0,0.543,0.745
imagenet,resnet50,gradientshap,vgg16,black,35.0,0.498,0.692
imagenet,resnet50,gradientshap,vgg16,black,40.0,0.442,0.644
imagenet,resnet50,gradientshap,vgg16,black,45.0,0.398,0.588
imagenet,resnet50,gradientshap,vgg16,black,50.0,0.35,0.536
imagenet,resnet50,gradientshap,vgg16,black,55.0,0.307,0.484
imagenet,resnet50,gradientshap,vgg16,black,60.0,0.265,0.452
imagenet,resnet50,gradientshap,vgg16,black,65.0,0.214,0.392
imagenet,resnet50,gradientshap,vgg16,black,70.0,0.176,0.327
imagenet,resnet50,gradientshap,vgg16,black,75.0,0.135,0.256
imagenet,resnet50,gradientshap,vgg16,black,80.0,0.093,0.188
imagenet,resnet50,gradientshap,vgg16,black,85.0,0.06,0.139
imagenet,resnet50,gradientshap,vgg16,black,90.0,0.03,0.068
imagenet,resnet50,gradientshap,vgg16,black,95.0,0.013,0.03
imagenet,resnet50,gradientshap,vgg16,black,100.0,0.001,0.005
imagenet,resnet50,gradientshap,vgg16,blur,0.0,0.91991991991992,0.98998998998999
imagenet,resnet50,gradientshap,vgg16,blur,5.0,0.907,0.989
imagenet,resnet50,gradientshap,vgg16,blur,10.0,0.898,0.981
imagenet,resnet50,gradientshap,vgg16,blur,15.0,0.883,0.977
imagenet,resnet50,gradientshap,vgg16,blur,20.0,0.862,0.972
imagenet,resnet50,gradientshap,vgg16,blur,25.0,0.85,0.96
imagenet,resnet50,gradientshap,vgg16,blur,30.0,0.834,0.951
imagenet,resnet50,gradientshap,vgg16,blur,35.0,0.809,0.941
imagenet,resnet50,gradientshap,vgg16,blur,40.0,0.775,0.923
imagenet,resnet50,gradientshap,vgg16,blur,45.0,0.741,0.898
imagenet,resnet50,gradientshap,vgg16,blur,50.0,0.7,0.883
imagenet,resnet50,gradientshap,vgg16,blur,55.0,0.663,0.84
imagenet,resnet50,gradientshap,vgg16,blur,60.0,0.603,0.802
imagenet,resnet50,gradientshap,vgg16,blur,65.0,0.557,0.75
imagenet,resnet50,gradientshap,vgg16,blur,70.0,0.493,0.688
imagenet,resnet50,gradientshap,vgg16,blur,75.0,0.433,0.622
imagenet,resnet50,gradientshap,vgg16,blur,80.0,0.356,0.537
imagenet,resnet50,gradientshap,vgg16,blur,85.0,0.287,0.475
imagenet,resnet50,gradientshap,vgg16,blur,90.0,0.217,0.364
imagenet,resnet50,gradientshap,vgg16,blur,95.0,0.148,0.284
imagenet,resnet50,gradientshap,vgg16,blur,100.0,0.163,0.31
imagenet,resnet50,gradientshap,vgg16,gray,0.0,0.91991991991992,0.98998998998999
imagenet,resnet50,gradientshap,vgg16,gray,5.0,0.897,0.982
imagenet,resnet50,gradientshap,vgg16,gray,10.0,0.859,0.967
imagenet,resnet50,gradientshap,vgg16,gray,15.0,0.824,0.955
imagenet,resnet50,gradientshap,vgg16,gray,20.0,0.802,0.932
imagenet,resnet50,gradientshap,vgg16,gray,25.0,0.776,0.907
imagenet,resnet50,gradientshap,vgg16,gray,30.0,0.741,0.9
imagenet,resnet50,gradientshap,vgg16,gray,35.0,0.716,0.878
imagenet,resnet50,gradientshap,vgg16,gray,40.0,0.68,0.849
imagenet,resnet50,gradientshap,vgg16,gray,45.0,0.642,0.827
imagenet,resnet50,gradientshap,vgg16,gray,50.0,0.593,0.788
imagenet,resnet50,gradientshap,vgg16,gray,55.0,0.552,0.74
imagenet,resnet50,gradientshap,vgg16,gray,60.0,0.509,0.717
imagenet,resnet50,gradientshap,vgg16,gray,65.0,0.453,0.665
imagenet,resnet50,gradientshap,vgg16,gray,70.0,0.398,0.61
imagenet,resnet50,gradientshap,vgg16,gray,75.0,0.341,0.532
imagenet,resnet50,gradientshap,vgg16,gray,80.0,0.276,0.461
imagenet,resnet50,gradientshap,vgg16,gray,85.0,0.206,0.355
imagenet,resnet50,gradientshap,vgg16,gray,90.0,0.128,0.233
imagenet,resnet50,gradientshap,vgg16,gray,95.0,0.042,0.1
imagenet,resnet50,gradientshap,vgg16,gray,100.0,0.001,0.005
imagenet,resnet50,gradientshap,vgg16,random_noise,0.0,0.91991991991992,0.98998998998999
imagenet,resnet50,gradientshap,vgg16,random_noise,5.0,0.902,0.98
imagenet,resnet50,gradientshap,vgg16,random_noise,10.0,0.87,0.971
imagenet,resnet50,gradientshap,vgg16,random_noise,15.0,0.823,0.952
imagenet,resnet50,gradientshap,vgg16,random_noise,20.0,0.801,0.929
imagenet,resnet50,gradientshap,vgg16,random_noise,25.0,0.771,0.916
imagenet,resnet50,gradientshap,vgg16,random_noise,30.0,0.751,0.9
imagenet,resnet50,gradientshap,vgg16,random_noise,35.0,0.712,0.877
imagenet,resnet50,gradientshap,vgg16,random_noise,40.0,0.667,0.856
imagenet,resnet50,gradientshap,vgg16,random_noise,45.0,0.621,0.823
imagenet,resnet50,gradientshap,vgg16,random_noise,50.0,0.58,0.776
imagenet,resnet50,gradientshap,vgg16,random_noise,55.0,0.534,0.732
imagenet,resnet50,gradientshap,vgg16,random_noise,60.0,0.453,0.679
imagenet,resnet50,gradientshap,vgg16,random_noise,65.0,0.412,0.62
imagenet,resnet50,gradientshap,vgg16,random_noise,70.0,0.353,0.554
imagenet,resnet50,gradientshap,vgg16,random_noise,75.0,0.279,0.479
imagenet,resnet50,gradientshap,vgg16,random_noise,80.0,0.231,0.385
imagenet,resnet50,gradientshap,vgg16,random_noise,85.0,0.165,0.295
imagenet,resnet50,gradientshap,vgg16,random_noise,90.0,0.086,0.187
imagenet,resnet50,gradientshap,vgg16,random_noise,95.0,0.023,0.067
imagenet,resnet50,gradientshap,vgg16,random_noise,100.0,0.001,0.005
imagenet,resnet50,guided_backprop,efficientnet_b0,black,0.0,0.91991991991992,0.98998998998999
imagenet,resnet50,guided_backprop,efficientnet_b0,black,5.0,0.849,0.958
imagenet,resnet50,guided_backprop,efficientnet_b0,black,10.0,0.751,0.916
imagenet,resnet50,guided_backprop,efficientnet_b0,black,15.0,0.694,0.844
imagenet,resnet50,guided_backprop,efficientnet_b0,black,20.0,0.623,0.796
imagenet,resnet50,guided_backprop,efficientnet_b0,black,25.0,0.56,0.738
imagenet,resnet50,guided_backprop,efficientnet_b0,black,30.0,0.482,0.676
imagenet,resnet50,guided_backprop,efficientnet_b0,black,35.0,0.433,0.622
imagenet,resnet50,guided_backprop,efficientnet_b0,black,40.0,0.367,0.56
imagenet,resnet50,guided_backprop,efficientnet_b0,black,45.0,0.323,0.491
imagenet,resnet50,guided_backprop,efficientnet_b0,black,50.0,0.271,0.433
imagenet,resnet50,guided_backprop,efficientnet_b0,black,55.0,0.227,0.379
imagenet,resnet50,guided_backprop,efficientnet_b0,black,60.0,0.18,0.324
imagenet,resnet50,guided_backprop,efficientnet_b0,black,65.0,0.141,0.254
imagenet,resnet50,guided_backprop,efficientnet_b0,black,70.0,0.111,0.203
imagenet,resnet50,guided_backprop,efficientnet_b0,black,75.0,0.082,0.148
imagenet,resnet50,guided_backprop,efficientnet_b0,black,80.0,0.047,0.104
imagenet,resnet50,guided_backprop,efficientnet_b0,black,85.0,0.026,0.059
imagenet,resnet50,guided_backprop,efficientnet_b0,black,90.0,0.009,0.028
imagenet,resnet50,guided_backprop,efficientnet_b0,black,95.0,0.004,0.011
imagenet,resnet50,guided_backprop,efficientnet_b0,black,100.0,0.001,0.005
imagenet,resnet50,guided_backprop,efficientnet_b0,blur,0.0,0.91991991991992,0.98998998998999
imagenet,resnet50,guided_backprop,efficientnet_b0,blur,5.0,0.908,0.985
imagenet,resnet50,guided_backprop,efficientnet_b0,blur,10.0,0.894,0.982
imagenet,resnet50,guided_backprop,efficientnet_b0,blur,15.0,0.866,0.977
imagenet,resnet50,guided_backprop,efficientnet_b0,blur,20.0,0.852,0.965
imagenet,resnet50,guided_backprop,efficientnet_b0,blur,25.0,0.821,0.95
imagenet,resnet50,guided_backprop,efficientnet_b0,blur,30.0,0.793,0.938
imagenet,resnet50,guided_backprop,efficientnet_b0,blur,35.0,0.744,0.905
imagenet,resnet50,guided_backprop,efficientnet_b0,blur,40.0,0.712,0.866
imagenet,resnet50,guided_backprop,efficientnet_b0,blur,45.0,0.663,0.831
imagenet,resnet50,guided_backprop,efficientnet_b0,blur,50.0,0.626,0.805
imagenet,resnet50,guided_backprop,efficientnet_b0,blur,55.0,0.572,0.753
imagenet,resnet50,guided_backprop,efficientnet_b0,blur,60.0,0.503,0.689
imagenet,resnet50,guided_backprop,efficientnet_b0,blur,65.0,0.455,0.631
imagenet,resnet50,guided_backprop,efficientnet_b0,blur,70.0,0.389,0.564
imagenet,resnet50,guided_backprop,efficientnet_b0,blur,75.0,0.324,0.485
imagenet,resnet50,guided_backprop,efficientnet_b0,blur,80.0,0.256,0.415
imagenet,resnet50,guided_backprop,efficientnet_b0,blur,85.0,0.207,0.339
imagenet,resnet50,guided_backprop,efficientnet_b0,blur,90.0,0.159,0.276
imagenet,resnet50,guided_backprop,efficientnet_b0,blur,95.0,0.114,0.224
imagenet,resnet50,guided_backprop,efficientnet_b0,blur,100.0,0.163,0.31
imagenet,resnet50,guided_backprop,efficientnet_b0,gray,0.0,0.91991991991992,0.98998998998999
imagenet,resnet50,guided_backprop,efficientnet_b0,gray,5.0,0.876,0.972
imagenet,resnet50,guided_backprop,efficientnet_b0,gray,10.0,0.824,0.949
imagenet,resnet50,guided_backprop,efficientnet_b0,gray,15.0,0.785,0.928
imagenet,resnet50,guided_backprop,efficientnet_b0,gray,20.0,0.752,0.888
imagenet,resnet50,guided_backprop,efficientnet_b0,gray,25.0,0.7,0.859
imagenet,resnet50,guided_backprop,efficientnet_b0,gray,30.0,0.641,0.82
imagenet,resnet50,guided_backprop,efficientnet_b0,gray,35.0,0.585,0.783
imagenet,resnet50,guided_backprop,efficientnet_b0,gray,40.0,0.532,0.727
imagenet,resnet50,guided_backprop,efficientnet_b0,gray,45.0,0.486,0.685
imagenet,resnet50,guided_backprop,efficientnet_b0,gray,50.0,0.45,0.637
imagenet,resnet50,guided_backprop,efficientnet_b0,gray,55.0,0.397,0.586
imagenet,resnet50,guided_backprop,efficientnet_b0,gray,60.0,0.346,0.538
imagenet,resnet50,guided_backprop,efficientnet_b0,gray,65.0,0.292,0.468
imagenet,resnet50,guided_backprop,efficientnet_b0,gray,70.0,0.248,0.406
imagenet,resnet50,guided_backprop,efficientnet_b0,gray,75.0,0.199,0.342
imagenet,resnet50,guided_backprop,efficientnet_b0,gray,80.0,0.161,0.283
imagenet,resnet50,guided_backprop,efficientnet_b0,gray,85.0,0.111,0.201
imagenet,resnet50,guided_backprop,efficientnet_b0,gray,90.0,0.06,0.125
imagenet,resnet50,guided_backprop,efficientnet_b0,gray,95.0,0.015,0.038
imagenet,resnet50,guided_backprop,efficientnet_b0,gray,100.0,0.001,0.005
imagenet,resnet50,guided_backprop,efficientnet_b0,random_noise,0.0,0.91991991991992,0.98998998998999
imagenet,resnet50,guided_backprop,efficientnet_b0,random_noise,5.0,0.879,0.976
imagenet,resnet50,guided_backprop,efficientnet_b0,random_noise,10.0,0.832,0.947
imagenet,resnet50,guided_backprop,efficientnet_b0,random_noise,15.0,0.79,0.927
imagenet,resnet50,guided_backprop,efficientnet_b0,random_noise,20.0,0.756,0.902
imagenet,resnet50,guided_backprop,efficientnet_b0,random_noise,25.0,0.696,0.865
imagenet,resnet50,guided_backprop,efficientnet_b0,random_noise,30.0,0.647,0.822
imagenet,resnet50,guided_backprop,efficientnet_b0,random_noise,35.0,0.595,0.787
imagenet,resnet50,guided_backprop,efficientnet_b0,random_noise,40.0,0.536,0.736
imagenet,resnet50,guided_backprop,efficientnet_b0,random_noise,45.0,0.488,0.694
imagenet,resnet50,guided_backprop,efficientnet_b0,random_noise,50.0,0.425,0.643
imagenet,resnet50,guided_backprop,efficientnet_b0,random_noise,55.0,0.366,0.575
imagenet,resnet50,guided_backprop,efficientnet_b0,random_noise,60.0,0.317,0.505
imagenet,resnet50,guided_backprop,efficientnet_b0,random_noise,65.0,0.277,0.436
imagenet,resnet50,guided_backprop,efficientnet_b0,random_noise,70.0,0.226,0.374
imagenet,resnet50,guided_backprop,efficientnet_b0,random_noise,75.0,0.182,0.299
imagenet,resnet50,guided_backprop,efficientnet_b0,random_noise,80.0,0.125,0.243
imagenet,resnet50,guided_backprop,efficientnet_b0,random_noise,85.0,0.082,0.166
imagenet,resnet50,guided_backprop,efficientnet_b0,random_noise,90.0,0.042,0.087
imagenet,resnet50,guided_backprop,efficientnet_b0,random_noise,95.0,0.006,0.023
imagenet,resnet50,guided_backprop,efficientnet_b0,random_noise,100.0,0.001,0.004
imagenet,resnet50,guided_backprop,vgg16,black,0.0,0.91991991991992,0.98998998998999
imagenet,resnet50,guided_backprop,vgg16,black,5.0,0.883,0.979
imagenet,resnet50,guided_backprop,vgg16,black,10.0,0.842,0.952
imagenet,resnet50,guided_backprop,vgg16,black,15.0,0.803,0.929
imagenet,resnet50,guided_backprop,vgg16,black,20.0,0.757,0.909
imagenet,resnet50,guided_backprop,vgg16,black,25.0,0.727,0.88
imagenet,resnet50,guided_backprop,vgg16,black,30.0,0.676,0.858
imagenet,resnet50,guided_backprop,vgg16,black,35.0,0.636,0.828
imagenet,resnet50,guided_backprop,vgg16,black,40.0,0.594,0.798
imagenet,resnet50,guided_backprop,vgg16,black,45.0,0.56,0.754
imagenet,resnet50,guided_backprop,vgg16,black,50.0,0.52,0.732
imagenet,resnet50,guided_backprop,vgg16,black,55.0,0.496,0.712
imagenet,resnet50,guided_backprop,vgg16,black,60.0,0.461,0.666
imagenet,resnet50,guided_backprop,vgg16,black,65.0,0.428,0.625
imagenet,resnet50,guided_backprop,vgg16,black,70.0,0.384,0.594
imagenet,resnet50,guided_backprop,vgg16,black,75.0,0.336,0.552
imagenet,resnet50,guided_backprop,vgg16,black,80.0,0.294,0.496
imagenet,resnet50,guided_backprop,vgg16,black,85.0,0.229,0.43
imagenet,resnet50,guided_backprop,vgg16,black,90.0,0.171,0.339
imagenet,resnet50,guided_backprop,vgg16,black,95.0,0.101,0.21
imagenet,resnet50,guided_backprop,vgg16,black,100.0,0.001,0.005
imagenet,resnet50,guided_backprop,vgg16,blur,0.0,0.91991991991992,0.98998998998999
imagenet,resnet50,guided_backprop,vgg16,blur,5.0,0.912,0.987
imagenet,resnet50,guided_backprop,vgg16,blur,10.0,0.91,0.985
imagenet,resnet50,guided_backprop,vgg16,blur,15.0,0.904,0.983
imagenet,resnet50,guided_backprop,vgg16,blur,20.0,0.896,0.982
imagenet,resnet50,guided_backprop,vgg16,blur,25.0,0.892,0.981
imagenet,resnet50,guided_backprop,vgg16,blur,30.0,0.887,0.981
imagenet,resnet50,guided_backprop,vgg16,blur,35.0,0.876,0.981
imagenet,resnet50,guided_backprop,vgg16,blur,40.0,0.874,0.973
imagenet,resnet50,guided_backprop,vgg16,blur,45.0,0.86,0.967
imagenet,resnet50,guided_backprop,vgg16,blur,50.0,0.847,0.96
imagenet,resnet50,guided_backprop,vgg16,blur,55.0,0.836,0.957
imagenet,resnet50,guided_backprop,vgg16,blur,60.0,0.823,0.944
imagenet,resnet50,guided_backprop,vgg16,blur,65.0,0.798,0.937
imagenet,resnet50,guided_backprop,vgg16,blur,70.0,0.765,0.919
imagenet,resnet50,guided_backprop,vgg16,blur,75.0,0.727,0.904
imagenet,resnet50,guided_backprop,vgg16,blur,80.0,0.69,0.864
imagenet,resnet50,guided_backprop,vgg16,blur,85.0,0.618,0.793
imagenet,resnet50,guided_backprop,vgg16,blur,90.0,0.489,0.697
imagenet,resnet50,guided_backprop,vgg16,blur,95.0,0.317,0.505
imagenet,resnet50,guided_backprop,vgg16,blur,100.0,0.163,0.31
imagenet,resnet50,guided_backprop,vgg16,gray,0.0,0.91991991991992,0.98998998998999
imagenet,resnet50,guided_backprop,vgg16,gray,5.0,0.889,0.979
imagenet,resnet50,guided_backprop,vgg16,gray,10.0,0.861,0.973
imagenet,resnet50,guided_backprop,vgg16,gray,15.0,0.839,0.954
imagenet,resnet50,guided_backprop,vgg16,gray,20.0,0.814,0.94
imagenet,resnet50,guided_backprop,vgg16,gray,25.0,0.793,0.931
imagenet,resnet50,guided_backprop,vgg16,gray,30.0,0.772,0.919
imagenet,resnet50,guided_backprop,vgg16,gray,35.0,0.756,0.904
imagenet,resnet50,guided_backprop,vgg16,gray,40.0,0.722,0.89
imagenet,resnet50,guided_backprop,vgg16,gray,45.0,0.701,0.882
imagenet,resnet50,guided_backprop,vgg16,gray,50.0,0.682,0.859
imagenet,resnet50,guided_backprop,vgg16,gray,55.0,0.636,0.849
imagenet,resnet50,guided_backprop,vgg16,gray,60.0,0.615,0.826
imagenet,resnet50,guided_backprop,vgg16,gray,65.0,0.575,0.8
imagenet,resnet50,guided_backprop,vgg16,gray,70.0,0.553,0.774
imagenet,resnet50,guided_backprop,vgg16,gray,75.0,0.504,0.741
imagenet,resnet50,guided_backprop,vgg16,gray,80.0,0.449,0.675
imagenet,resnet50,guided_backprop,vgg16,gray,85.0,0.401,0.609
imagenet,resnet50,guided_backprop,vgg16,gray,90.0,0.298,0.486
imagenet,resnet50,guided_backprop,vgg16,gray,95.0,0.152,0.29
imagenet,resnet50,guided_backprop,vgg16,gray,100.0,0.001,0.005
imagenet,resnet50,guided_backprop,vgg16,random_noise,0.0,0.91991991991992,0.98998998998999
imagenet,resnet50,guided_backprop,vgg16,random_noise,5.0,0.89,0.979
imagenet,resnet50,guided_backprop,vgg16,random_noise,10.0,0.866,0.974
imagenet,resnet50,guided_backprop,vgg16,random_noise,15.0,0.842,0.956
imagenet,resnet50,guided_backprop,vgg16,random_noise,20.0,0.825,0.944
imagenet,resnet50,guided_backprop,vgg16,random_noise,25.0,0.801,0.934
imagenet,resnet50,guided_backprop,vgg16,random_noise,30.0,0.779,0.921
imagenet,resnet50,guided_backprop,vgg16,random_noise,35.0,0.769,0.909
imagenet,resnet50,guided_backprop,vgg16,random_noise,40.0,0.736,0.903
imagenet,resnet50,guided_backprop,vgg16,random_noise,45.0,0.715,0.88
imagenet,resnet50,guided_backprop,vgg16,random_noise,50.0,0.681,0.866
imagenet,resnet50,guided_backprop,vgg16,random_noise,55.0,0.637,0.854
imagenet,resnet50,guided_backprop,vgg16,random_noise,60.0,0.605,0.812
imagenet,resnet50,guided_backprop,vgg16,random_noise,65.0,0.558,0.769
imagenet,resnet50,guided_backprop,vgg16,random_noise,70.0,0.499,0.72
imagenet,resnet50,guided_backprop,vgg16,random_noise,75.0,0.465,0.678
imagenet,resnet50,guided_backprop,vgg16,random_noise,80.0,0.399,0.606
imagenet,resnet50,guided_backprop,vgg16,random_noise,85.0,0.314,0.493
imagenet,resnet50,guided_backprop,vgg16,random_noise,90.0,0.219,0.358
imagenet,resnet50,guided_backprop,vgg16,random_noise,95.0,0.087,0.177
imagenet,resnet50,guided_backprop,vgg16,random_noise,100.0,0.001,0.004
imagenet,resnet50,guided_gradcam,efficientnet_b0,black,0.0,0.91991991991992,0.98998998998999
imagenet,resnet50,guided_gradcam,efficientnet_b0,black,5.0,0.91,0.986
imagenet,resnet50,guided_gradcam,efficientnet_b0,black,10.0,0.888,0.978
imagenet,resnet50,guided_gradcam,efficientnet_b0,black,15.0,0.865,0.958
imagenet,resnet50,guided_gradcam,efficientnet_b0,black,20.0,0.834,0.939
imagenet,resnet50,guided_gradcam,efficientnet_b0,black,25.0,0.785,0.905
imagenet,resnet50,guided_gradcam,efficientnet_b0,black,30.0,0.744,0.879
imagenet,resnet50,guided_gradcam,efficientnet_b0,black,35.0,0.695,0.838
imagenet,resnet50,guided_gradcam,efficientnet_b0,black,40.0,0.643,0.795
imagenet,resnet50,guided_gradcam,efficientnet_b0,black,45.0,0.585,0.747
imagenet,resnet50,guided_gradcam,efficientnet_b0,black,50.0,0.536,0.685
imagenet,resnet50,guided_gradcam,efficientnet_b0,black,55.0,0.473,0.638
imagenet,resnet50,guided_gradcam,efficientnet_b0,black,60.0,0.41,0.567
imagenet,resnet50,guided_gradcam,efficientnet_b0,black,65.0,0.325,0.502
imagenet,resnet50,guided_gradcam,efficientnet_b0,black,70.0,0.261,0.42
imagenet,resnet50,guided_gradcam,efficientnet_b0,black,75.0,0.204,0.322
imagenet,resnet50,guided_gradcam,efficientnet_b0,black,80.0,0.15,0.245
imagenet,resnet50,guided_gradcam,efficientnet_b0,black,85.0,0.077,0.149
imagenet,resnet50,guided_gradcam,efficientnet_b0,black,90.0,0.028,0.056
imagenet,resnet50,guided_gradcam,efficientnet_b0,black,95.0,0.005859375,0.015625
imagenet,resnet50,guided_gradcam,efficientnet_b0,blur,0.0,0.91991991991992,0.98998998998999
imagenet,resnet50,guided_gradcam,efficientnet_b0,blur,5.0,0.916,0.99
imagenet,resnet50,guided_gradcam,efficientnet_b0,blur,10.0,0.917,0.987
imagenet,resnet50,guided_gradcam,efficientnet_b0,blur,15.0,0.914,0.988
imagenet,resnet50,guided_gradcam,efficientnet_b0,blur,20.0,0.898,0.985
imagenet,resnet50,guided_gradcam,efficientnet_b0,blur,25.0,0.889,0.98
imagenet,resnet50,guided_gradcam,efficientnet_b0,blur,30.0,0.872,0.974
imagenet,resnet50,guided_gradcam,efficientnet_b0,blur,35.0,0.858,0.974
imagenet,resnet50,guided_gradcam,efficientnet_b0,blur,40.0,0.834,0.959
imagenet,resnet50,guided_gradcam,efficientnet_b0,blur,45.0,0.804,0.953
imagenet,resnet50,guided_gradcam,efficientnet_b0,blur,50.0,0.79,0.93
imagenet,resnet50,guided_gradcam,efficientnet_b0,blur,55.0,0.745,0.903
imagenet,resnet50,guided_gradcam,efficientnet_b0,blur,60.0,0.704,0.866
imagenet,resnet50,guided_gradcam,efficientnet_b0,blur,65.0,0.664,0.814
imagenet,resnet50,guided_gradcam,efficientnet_b0,blur,70.0,0.596,0.772
imagenet,resnet50,guided_gradcam,efficientnet_b0,blur,75.0,0.526,0.7
imagenet,resnet50,guided_gradcam,efficientnet_b0,blur,80.0,0.444,0.644
imagenet,resnet50,guided_gradcam,efficientnet_b0,blur,85.0,0.329,0.53
imagenet,resnet50,guided_gradcam,efficientnet_b0,blur,90.0,0.232,0.397
imagenet,resnet50,guided_gradcam,efficientnet_b0,blur,95.0,0.148,0.292
imagenet,resnet50,guided_gradcam,efficientnet_b0,blur,100.0,0.163,0.31
imagenet,resnet50,guided_gradcam,efficientnet_b0,gray,0.0,0.91991991991992,0.98998998998999
imagenet,resnet50,guided_gradcam,efficientnet_b0,gray,5.0,0.912,0.987
imagenet,resnet50,guided_gradcam,efficientnet_b0,gray,10.0,0.897,0.984
imagenet,resnet50,guided_gradcam,efficientnet_b0,gray,15.0,0.879,0.977
imagenet,resnet50,guided_gradcam,efficientnet_b0,gray,20.0,0.855,0.966
imagenet,resnet50,guided_gradcam,efficientnet_b0,gray,25.0,0.832,0.952
imagenet,resnet50,guided_gradcam,efficientnet_b0,gray,30.0,0.801,0.937
imagenet,resnet50,guided_gradcam,efficientnet_b0,gray,35.0,0.762,0.919
imagenet,resnet50,guided_gradcam,efficientnet_b0,gray,40.0,0.728,0.897
imagenet,resnet50,guided_gradcam,efficientnet_b0,gray,45.0,0.687,0.867
imagenet,resnet50,guided_gradcam,efficientnet_b0,gray,50.0,0.638,0.828
imagenet,resnet50,guided_gradcam,efficientnet_b0,gray,55.0,0.597,0.78
imagenet,resnet50,guided_gradcam,efficientnet_b0,gray,60.0,0.558,0.735
imagenet,resnet50,guided_gradcam,efficientnet_b0,gray,65.0,0.507,0.689
imagenet,resnet50,guided_gradcam,efficientnet_b0,gray,70.0,0.432,0.628
imagenet,resnet50,guided_gradcam,efficientnet_b0,gray,75.0,0.379,0.55
imagenet,resnet50,guided_gradcam,efficientnet_b0,gray,80.0,0.282,0.452
imagenet,resnet50,guided_gradcam,efficientnet_b0,gray,85.0,0.208,0.349
imagenet,resnet50,guided_gradcam,efficientnet_b0,gray,90.0,0.132,0.232
imagenet,resnet50,guided_gradcam,efficientnet_b0,gray,95.0,0.031,0.078
imagenet,resnet50,guided_gradcam,efficientnet_b0,gray,100.0,0.001,0.005
imagenet,resnet50,guided_gradcam,efficientnet_b0,random_noise,0.0,0.91991991991992,0.98998998998999
imagenet,resnet50,guided_gradcam,efficientnet_b0,random_noise,5.0,0.915,0.984
imagenet,resnet50,guided_gradcam,efficientnet_b0,random_noise,10.0,0.891,0.983
imagenet,resnet50,guided_gradcam,efficientnet_b0,random_noise,15.0,0.877,0.975
imagenet,resnet50,guided_gradcam,efficientnet_b0,random_noise,20.0,0.856,0.967
imagenet,resnet50,guided_gradcam,efficientnet_b0,random_noise,25.0,0.831,0.95
imagenet,resnet50,guided_gradcam,efficientnet_b0,random_noise,30.0,0.804,0.933
imagenet,resnet50,guided_gradcam,efficientnet_b0,random_noise,35.0,0.775,0.917
imagenet,resnet50,guided_gradcam,efficientnet_b0,random_noise,40.0,0.736,0.895
imagenet,resnet50,guided_gradcam,efficientnet_b0,random_noise,45.0,0.691,0.864
imagenet,resnet50,guided_gradcam,efficientnet_b0,random_noise,50.0,0.637,0.824
imagenet,resnet50,guided_gradcam,efficientnet_b0,random_noise,55.0,0.602,0.784
imagenet,resnet50,guided_gradcam,efficientnet_b0,random_noise,60.0,0.539,0.729
imagenet,resnet50,guided_gradcam,efficientnet_b0,random_noise,65.0,0.474,0.669
imagenet,resnet50,guided_gradcam,efficientnet_b0,random_noise,70.0,0.402,0.594
imagenet,resnet50,guided_gradcam,efficientnet_b0,random_noise,75.0,0.35,0.516
imagenet,resnet50,guided_gradcam,efficientnet_b0,random_noise,80.0,0.255,0.405
imagenet,resnet50,guided_gradcam,efficientnet_b0,random_noise,85.0,0.169,0.279
imagenet,resnet50,guided_gradcam,efficientnet_b0,random_noise,90.0,0.097,0.187
imagenet,resnet50,guided_gradcam,efficientnet_b0,random_noise,95.0,0.021,0.053
imagenet,resnet50,guided_gradcam,efficientnet_b0,random_noise,100.0,0.001,0.006
imagenet,resnet50,guided_gradcam,vgg16,blur,0.0,0.91991991991992,0.98998998998999
imagenet,resnet50,guided_gradcam,vgg16,blur,5.0,0.913,0.988
imagenet,resnet50,guided_gradcam,vgg16,blur,10.0,0.899,0.988
imagenet,resnet50,guided_gradcam,vgg16,blur,15.0,0.873,0.979
imagenet,resnet50,guided_gradcam,vgg16,blur,20.0,0.84,0.964
imagenet,resnet50,guided_gradcam,vgg16,blur,25.0,0.84,0.957
imagenet,resnet50,guided_gradcam,vgg16,blur,30.0,0.832,0.957
imagenet,resnet50,guided_gradcam,vgg16,blur,35.0,0.816,0.946
imagenet,resnet50,guided_gradcam,vgg16,blur,40.0,0.797,0.937
imagenet,resnet50,guided_gradcam,vgg16,blur,45.0,0.778,0.927
imagenet,resnet50,guided_gradcam,vgg16,blur,50.0,0.764,0.908
imagenet,resnet50,guided_gradcam,vgg16,blur,55.0,0.731,0.907
imagenet,resnet50,guided_gradcam,vgg16,blur,60.0,0.704,0.892
imagenet,resnet50,guided_gradcam,vgg16,blur,65.0,0.684,0.863
imagenet,resnet50,guided_gradcam,vgg16,blur,70.0,0.627,0.827
imagenet,resnet50,guided_gradcam,vgg16,blur,75.0,0.581,0.791
imagenet,resnet50,guided_gradcam,vgg16,blur,80.0,0.506,0.731
imagenet,resnet50,guided_gradcam,vgg16,blur,85.0,0.416,0.658
imagenet,resnet50,guided_gradcam,vgg16,blur,90.0,0.335,0.552
imagenet,resnet50,guided_gradcam,vgg16,blur,95.0,0.209,0.404
imagenet,resnet50,guided_gradcam,vgg16,blur,100.0,0.163,0.31
imagenet,resnet50,guided_gradcam,vgg16,gray,0.0,0.91991991991992,0.98998998998999
imagenet,resnet50,guided_gradcam,vgg16,gray,5.0,0.897,0.987
imagenet,resnet50,guided_gradcam,vgg16,gray,10.0,0.887,0.984
imagenet,resnet50,guided_gradcam,vgg16,gray,15.0,0.869,0.973
imagenet,resnet50,guided_gradcam,vgg16,gray,20.0,0.862,0.969
imagenet,resnet50,guided_gradcam,vgg16,gray,25.0,0.857,0.965
imagenet,resnet50,guided_gradcam,vgg16,gray,30.0,0.85,0.962
imagenet,resnet50,guided_gradcam,vgg16,gray,35.0,0.827,0.95
imagenet,resnet50,guided_gradcam,vgg16,gray,40.0,0.807,0.95
imagenet,resnet50,guided_gradcam,vgg16,gray,45.0,0.79,0.94
imagenet,resnet50,guided_gradcam,vgg16,gray,50.0,0.777,0.929
imagenet,resnet50,guided_gradcam,vgg16,gray,55.0,0.745,0.923
imagenet,resnet50,guided_gradcam,vgg16,gray,60.0,0.724,0.899
imagenet,resnet50,guided_gradcam,vgg16,gray,65.0,0.673,0.877
imagenet,resnet50,guided_gradcam,vgg16,gray,70.0,0.633,0.832
imagenet,resnet50,guided_gradcam,vgg16,gray,75.0,0.562,0.758
imagenet,resnet50,guided_gradcam,vgg16,gray,80.0,0.486,0.684
imagenet,resnet50,guided_gradcam,vgg16,gray,85.0,0.394,0.595
imagenet,resnet50,guided_gradcam,vgg16,gray,90.0,0.252,0.44
imagenet,resnet50,guided_gradcam,vgg16,gray,95.0,0.087,0.179
imagenet,resnet50,guided_gradcam,vgg16,gray,100.0,0.001,0.005
imagenet,resnet50,guided_gradcam,vgg16,random_noise,0.0,0.91991991991992,0.98998998998999
imagenet,resnet50,guided_gradcam,vgg16,random_noise,5.0,0.905,0.986
imagenet,resnet50,guided_gradcam,vgg16,random_noise,10.0,0.892,0.981
imagenet,resnet50,guided_gradcam,vgg16,random_noise,15.0,0.853,0.967
imagenet,resnet50,guided_gradcam,vgg16,random_noise,20.0,0.839,0.955
imagenet,resnet50,guided_gradcam,vgg16,random_noise,25.0,0.829,0.953
imagenet,resnet50,guided_gradcam,vgg16,random_noise,30.0,0.82,0.947
imagenet,resnet50,guided_gradcam,vgg16,random_noise,35.0,0.799,0.937
imagenet,resnet50,guided_gradcam,vgg16,random_noise,40.0,0.781,0.921
imagenet,resnet50,guided_gradcam,vgg16,random_noise,45.0,0.74,0.908
imagenet,resnet50,guided_gradcam,vgg16,random_noise,50.0,0.71,0.891
imagenet,resnet50,guided_gradcam,vgg16,random_noise,55.0,0.682,0.862
imagenet,resnet50,guided_gradcam,vgg16,random_noise,60.0,0.62,0.818
imagenet,resnet50,guided_gradcam,vgg16,random_noise,65.0,0.562,0.761
imagenet,resnet50,guided_gradcam,vgg16,random_noise,70.0,0.483,0.688
imagenet,resnet50,guided_gradcam,vgg16,random_noise,75.0,0.381,0.593
imagenet,resnet50,guided_gradcam,vgg16,random_noise,80.0,0.287,0.48
imagenet,resnet50,guided_gradcam,vgg16,random_noise,85.0,0.198,0.343
imagenet,resnet50,guided_gradcam,vgg16,random_noise,90.0,0.093,0.209
imagenet,resnet50,guided_gradcam,vgg16,random_noise,95.0,0.017,0.056
imagenet,resnet50,guided_gradcam,vgg16,random_noise,100.0,0.001,0.006
imagenet,resnet50,inputxgradient,efficientnet_b0,black,0.0,0.91991991991992,0.98998998998999
imagenet,resnet50,inputxgradient,efficientnet_b0,black,5.0,0.842,0.956
imagenet,resnet50,inputxgradient,efficientnet_b0,black,10.0,0.761,0.906
imagenet,resnet50,inputxgradient,efficientnet_b0,black,15.0,0.702,0.864
imagenet,resnet50,inputxgradient,efficientnet_b0,black,20.0,0.63,0.815
imagenet,resnet50,inputxgradient,efficientnet_b0,black,25.0,0.557,0.767
imagenet,resnet50,inputxgradient,efficientnet_b0,black,30.0,0.513,0.711
imagenet,resnet50,inputxgradient,efficientnet_b0,black,35.0,0.463,0.652
imagenet,resnet50,inputxgradient,efficientnet_b0,black,40.0,0.404,0.605
imagenet,resnet50,inputxgradient,efficientnet_b0,black,45.0,0.371,0.566
imagenet,resnet50,inputxgradient,efficientnet_b0,black,50.0,0.325,0.507
imagenet,resnet50,inputxgradient,efficientnet_b0,black,55.0,0.274,0.446
imagenet,resnet50,inputxgradient,efficientnet_b0,black,60.0,0.221,0.394
imagenet,resnet50,inputxgradient,efficientnet_b0,black,65.0,0.189,0.336
imagenet,resnet50,inputxgradient,efficientnet_b0,black,70.0,0.144,0.276
imagenet,resnet50,inputxgradient,efficientnet_b0,black,75.0,0.102,0.22
imagenet,resnet50,inputxgradient,efficientnet_b0,black,80.0,0.061,0.147
imagenet,resnet50,inputxgradient,efficientnet_b0,black,85.0,0.044,0.1
imagenet,resnet50,inputxgradient,efficientnet_b0,black,90.0,0.016,0.041
imagenet,resnet50,inputxgradient,efficientnet_b0,black,95.0,0.006,0.017
imagenet,resnet50,inputxgradient,efficientnet_b0,black,100.0,0.001,0.005
imagenet,resnet50,inputxgradient,efficientnet_b0,blur,0.0,0.91991991991992,0.98998998998999
imagenet,resnet50,inputxgradient,efficientnet_b0,blur,5.0,0.91,0.987
imagenet,resnet50,inputxgradient,efficientnet_b0,blur,10.0,0.891,0.981
imagenet,resnet50,inputxgradient,efficientnet_b0,blur,15.0,0.876,0.976
imagenet,resnet50,inputxgradient,efficientnet_b0,blur,20.0,0.863,0.966
imagenet,resnet50,inputxgradient,efficientnet_b0,blur,25.0,0.834,0.957
imagenet,resnet50,inputxgradient,efficientnet_b0,blur,30.0,0.802,0.939
imagenet,resnet50,inputxgradient,efficientnet_b0,blur,35.0,0.77,0.917
imagenet,resnet50,inputxgradient,efficientnet_b0,blur,40.0,0.738,0.894
imagenet,resnet50,inputxgradient,efficientnet_b0,blur,45.0,0.692,0.864
imagenet,resnet50,inputxgradient,efficientnet_b0,blur,50.0,0.644,0.829
imagenet,resnet50,inputxgradient,efficientnet_b0,blur,55.0,0.592,0.785
imagenet,resnet50,inputxgradient,efficientnet_b0,blur,60.0,0.535,0.726
imagenet,resnet50,inputxgradient,efficientnet_b0,blur,65.0,0.488,0.659
imagenet,resnet50,inputxgradient,efficientnet_b0,blur,70.0,0.423,0.591
imagenet,resnet50,inputxgradient,efficientnet_b0,blur,75.0,0.355,0.525
imagenet,resnet50,inputxgradient,efficientnet_b0,blur,80.0,0.298,0.447
imagenet,resnet50,inputxgradient,efficientnet_b0,blur,85.0,0.209,0.389
imagenet,resnet50,inputxgradient,efficientnet_b0,blur,90.0,0.162,0.305
imagenet,resnet50,inputxgradient,efficientnet_b0,blur,95.0,0.12,0.248
imagenet,resnet50,inputxgradient,efficientnet_b0,blur,100.0,0.163,0.31
imagenet,resnet50,inputxgradient,efficientnet_b0,gray,0.0,0.91991991991992,0.98998998998999
imagenet,resnet50,inputxgradient,efficientnet_b0,gray,5.0,0.883,0.982
imagenet,resnet50,inputxgradient,efficientnet_b0,gray,10.0,0.849,0.963
imagenet,resnet50,inputxgradient,efficientnet_b0,gray,15.0,0.824,0.94
imagenet,resnet50,inputxgradient,efficientnet_b0,gray,20.0,0.791,0.93
imagenet,resnet50,inputxgradient,efficientnet_b0,gray,25.0,0.766,0.911
imagenet,resnet50,inputxgradient,efficientnet_b0,gray,30.0,0.723,0.88
imagenet,resnet50,inputxgradient,efficientnet_b0,gray,35.0,0.663,0.844
imagenet,resnet50,inputxgradient,efficientnet_b0,gray,40.0,0.624,0.81
imagenet,resnet50,inputxgradient,efficientnet_b0,gray,45.0,0.583,0.777
imagenet,resnet50,inputxgradient,efficientnet_b0,gray,50.0,0.537,0.736
imagenet,resnet50,inputxgradient,efficientnet_b0,gray,55.0,0.485,0.685
imagenet,resnet50,inputxgradient,efficientnet_b0,gray,60.0,0.433,0.62
imagenet,resnet50,inputxgradient,efficientnet_b0,gray,65.0,0.385,0.579
imagenet,resnet50,inputxgradient,efficientnet_b0,gray,70.0,0.328,0.509
imagenet,resnet50,inputxgradient,efficientnet_b0,gray,75.0,0.26,0.427
imagenet,resnet50,inputxgradient,efficientnet_b0,gray,80.0,0.205,0.336
imagenet,resnet50,inputxgradient,efficientnet_b0,gray,85.0,0.152,0.246
imagenet,resnet50,inputxgradient,efficientnet_b0,gray,90.0,0.082,0.16
imagenet,resnet50,inputxgradient,efficientnet_b0,gray,95.0,0.024,0.058
imagenet,resnet50,inputxgradient,efficientnet_b0,gray,100.0,0.001,0.005
imagenet,resnet50,inputxgradient,efficientnet_b0,random_noise,0.0,0.91991991991992,0.98998998998999
imagenet,resnet50,inputxgradient,efficientnet_b0,random_noise,5.0,0.892,0.983
imagenet,resnet50,inputxgradient,efficientnet_b0,random_noise,10.0,0.855,0.965
imagenet,resnet50,inputxgradient,efficientnet_b0,random_noise,15.0,0.838,0.946
imagenet,resnet50,inputxgradient,efficientnet_b0,random_noise,20.0,0.809,0.927
imagenet,resnet50,inputxgradient,efficientnet_b0,random_noise,25.0,0.762,0.908
imagenet,resnet50,inputxgradient,efficientnet_b0,random_noise,30.0,0.717,0.882
imagenet,resnet50,inputxgradient,efficientnet_b0,random_noise,35.0,0.67,0.847
imagenet,resnet50,inputxgradient,efficientnet_b0,random_noise,40.0,0.631,0.817
imagenet,resnet50,inputxgradient,efficientnet_b0,random_noise,45.0,0.569,0.775
imagenet,resnet50,inputxgradient,efficientnet_b0,random_noise,50.0,0.51,0.714
imagenet,resnet50,inputxgradient,efficientnet_b0,random_noise,55.0,0.455,0.664
imagenet,resnet50,inputxgradient,efficientnet_b0,random_noise,60.0,0.403,0.594
imagenet,resnet50,inputxgradient,efficientnet_b0,random_noise,65.0,0.337,0.529
imagenet,resnet50,inputxgradient,efficientnet_b0,random_noise,70.0,0.283,0.456
imagenet,resnet50,inputxgradient,efficientnet_b0,random_noise,75.0,0.22,0.369
imagenet,resnet50,inputxgradient,efficientnet_b0,random_noise,80.0,0.154,0.277
imagenet,resnet50,inputxgradient,efficientnet_b0,random_noise,85.0,0.099,0.208
imagenet,resnet50,inputxgradient,efficientnet_b0,random_noise,90.0,0.062,0.105
imagenet,resnet50,inputxgradient,efficientnet_b0,random_noise,95.0,0.015,0.038
imagenet,resnet50,inputxgradient,efficientnet_b0,random_noise,100.0,0.001,0.006
imagenet,resnet50,inputxgradient,vgg16,black,0.0,0.91991991991992,0.98998998998999
imagenet,resnet50,inputxgradient,vgg16,black,5.0,0.824,0.955
imagenet,resnet50,inputxgradient,vgg16,black,10.0,0.744,0.905
imagenet,resnet50,inputxgradient,vgg16,black,15.0,0.672,0.85
imagenet,resnet50,inputxgradient,vgg16,black,20.0,0.606,0.794
imagenet,resnet50,inputxgradient,vgg16,black,25.0,0.527,0.748
imagenet,resnet50,inputxgradient,vgg16,black,30.0,0.491,0.697
imagenet,resnet50,inputxgradient,vgg16,black,35.0,0.446,0.65
imagenet,resnet50,inputxgradient,vgg16,black,40.0,0.402,0.598
imagenet,resnet50,inputxgradient,vgg16,black,45.0,0.345,0.54
imagenet,resnet50,inputxgradient,vgg16,black,50.0,0.299,0.483
imagenet,resnet50,inputxgradient,vgg16,black,55.0,0.264,0.42
imagenet,resnet50,inputxgradient,vgg16,black,60.0,0.213,0.379
imagenet,resnet50,inputxgradient,vgg16,black,65.0,0.178,0.316
imagenet,resnet50,inputxgradient,vgg16,black,70.0,0.133,0.253
imagenet,resnet50,inputxgradient,vgg16,black,75.0,0.099,0.198
imagenet,resnet50,inputxgradient,vgg16,black,80.0,0.06,0.135
imagenet,resnet50,inputxgradient,vgg16,black,85.0,0.04,0.094
imagenet,resnet50,inputxgradient,vgg16,black,90.0,0.014,0.032
imagenet,resnet50,inputxgradient,vgg16,black,95.0,0.001,0.014
imagenet,resnet50,inputxgradient,vgg16,black,100.0,0.001,0.005
imagenet,resnet50,inputxgradient,vgg16,blur,0.0,0.91991991991992,0.98998998998999
imagenet,resnet50,inputxgradient,vgg16,blur,5.0,0.905,0.986
imagenet,resnet50,inputxgradient,vgg16,blur,10.0,0.886,0.98
imagenet,resnet50,inputxgradient,vgg16,blur,15.0,0.862,0.973
imagenet,resnet50,inputxgradient,vgg16,blur,20.0,0.845,0.961
imagenet,resnet50,inputxgradient,vgg16,blur,25.0,0.829,0.95
imagenet,resnet50,inputxgradient,vgg16,blur,30.0,0.798,0.936
imagenet,resnet50,inputxgradient,vgg16,blur,35.0,0.75,0.909
imagenet,resnet50,inputxgradient,vgg16,blur,40.0,0.734,0.879
imagenet,resnet50,inputxgradient,vgg16,blur,45.0,0.681,0.854
imagenet,resnet50,inputxgradient,vgg16,blur,50.0,0.637,0.814
imagenet,resnet50,inputxgradient,vgg16,blur,55.0,0.578,0.751
imagenet,resnet50,inputxgradient,vgg16,blur,60.0,0.516,0.71
imagenet,resnet50,inputxgradient,vgg16,blur,65.0,0.461,0.644
imagenet,resnet50,inputxgradient,vgg16,blur,70.0,0.406,0.586
imagenet,resnet50,inputxgradient,vgg16,blur,75.0,0.348,0.521
imagenet,resnet50,inputxgradient,vgg16,blur,80.0,0.291,0.444
imagenet,resnet50,inputxgradient,vgg16,blur,85.0,0.243,0.373
imagenet,resnet50,inputxgradient,vgg16,blur,90.0,0.174,0.309
imagenet,resnet50,inputxgradient,vgg16,blur,95.0,0.12,0.255
imagenet,resnet50,inputxgradient,vgg16,blur,100.0,0.163,0.31
imagenet,resnet50,inputxgradient,vgg16,gray,0.0,0.91991991991992,0.98998998998999
imagenet,resnet50,inputxgradient,vgg16,gray,5.0,0.884,0.983
imagenet,resnet50,inputxgradient,vgg16,gray,10.0,0.846,0.964
imagenet,resnet50,inputxgradient,vgg16,gray,15.0,0.811,0.939
imagenet,resnet50,inputxgradient,vgg16,gray,20.0,0.782,0.92
imagenet,resnet50,inputxgradient,vgg16,gray,25.0,0.747,0.901
imagenet,resnet50,inputxgradient,vgg16,gray,30.0,0.705,0.863
imagenet,resnet50,inputxgradient,vgg16,gray,35.0,0.658,0.83
imagenet,resnet50,inputxgradient,vgg16,gray,40.0,0.623,0.787
imagenet,resnet50,inputxgradient,vgg16,gray,45.0,0.576,0.761
imagenet,resnet50,inputxgradient,vgg16,gray,50.0,0.543,0.719
imagenet,resnet50,inputxgradient,vgg16,gray,55.0,0.478,0.662
imagenet,resnet50,inputxgradient,vgg16,gray,60.0,0.415,0.619
imagenet,resnet50,inputxgradient,vgg16,gray,65.0,0.347,0.542
imagenet,resnet50,inputxgradient,vgg16,gray,70.0,0.301,0.493
imagenet,resnet50,inputxgradient,vgg16,gray,75.0,0.254,0.418
imagenet,resnet50,inputxgradient,vgg16,gray,80.0,0.196,0.35
imagenet,resnet50,inputxgradient,vgg16,gray,85.0,0.13,0.246
imagenet,resnet50,inputxgradient,vgg16,gray,90.0,0.081,0.152
imagenet,resnet50,inputxgradient,vgg16,gray,95.0,0.027,0.059
imagenet,resnet50,inputxgradient,vgg16,gray,100.0,0.001,0.005
imagenet,resnet50,inputxgradient,vgg16,random_noise,0.0,0.91991991991992,0.98998998998999
imagenet,resnet50,inputxgradient,vgg16,random_noise,5.0,0.893,0.981
imagenet,resnet50,inputxgradient,vgg16,random_noise,10.0,0.859,0.964
imagenet,resnet50,inputxgradient,vgg16,random_noise,15.0,0.818,0.947
imagenet,resnet50,inputxgradient,vgg16,random_noise,20.0,0.79,0.925
imagenet,resnet50,inputxgradient,vgg16,random_noise,25.0,0.747,0.903
imagenet,resnet50,inputxgradient,vgg16,random_noise,30.0,0.703,0.871
imagenet,resnet50,inputxgradient,vgg16,random_noise,35.0,0.667,0.839
imagenet,resnet50,inputxgradient,vgg16,random_noise,40.0,0.623,0.807
imagenet,resnet50,inputxgradient,vgg16,random_noise,45.0,0.57,0.758
imagenet,resnet50,inputxgradient,vgg16,random_noise,50.0,0.519,0.715
imagenet,resnet50,inputxgradient,vgg16,random_noise,55.0,0.445,0.634
imagenet,resnet50,inputxgradient,vgg16,random_noise,60.0,0.387,0.584
imagenet,resnet50,inputxgradient,vgg16,random_noise,65.0,0.339,0.499
imagenet,resnet50,inputxgradient,vgg16,random_noise,70.0,0.261,0.439
imagenet,resnet50,inputxgradient,vgg16,random_noise,75.0,0.205,0.36
imagenet,resnet50,inputxgradient,vgg16,random_noise,80.0,0.159,0.286
imagenet,resnet50,inputxgradient,vgg16,random_noise,85.0,0.099,0.188
imagenet,resnet50,inputxgradient,vgg16,random_noise,90.0,0.058,0.127
imagenet,resnet50,inputxgradient,vgg16,random_noise,95.0,0.017,0.042
imagenet,resnet50,inputxgradient,vgg16,random_noise,100.0,0.001,0.006
imagenet,resnet50,integrated_gradients,efficientnet_b0,black,0.0,0.91991991991992,0.98998998998999
imagenet,resnet50,integrated_gradients,efficientnet_b0,black,5.0,0.847,0.957
imagenet,resnet50,integrated_gradients,efficientnet_b0,black,10.0,0.78,0.922
imagenet,resnet50,integrated_gradients,efficientnet_b0,black,15.0,0.714,0.869
imagenet,resnet50,integrated_gradients,efficientnet_b0,black,20.0,0.652,0.823
imagenet,resnet50,integrated_gradients,efficientnet_b0,black,25.0,0.593,0.789
imagenet,resnet50,integrated_gradients,efficientnet_b0,black,30.0,0.531,0.743
imagenet,resnet50,integrated_gradients,efficientnet_b0,black,35.0,0.48,0.694
imagenet,resnet50,integrated_gradients,efficientnet_b0,black,40.0,0.44,0.635
imagenet,resnet50,integrated_gradients,efficientnet_b0,black,45.0,0.382,0.589
imagenet,resnet50,integrated_gradients,efficientnet_b0,black,50.0,0.332,0.554
imagenet,resnet50,integrated_gradients,efficientnet_b0,black,55.0,0.302,0.501
imagenet,resnet50,integrated_gradients,efficientnet_b0,black,60.0,0.253,0.424
imagenet,resnet50,integrated_gradients,efficientnet_b0,black,65.0,0.215,0.377
imagenet,resnet50,integrated_gradients,efficientnet_b0,black,70.0,0.185,0.319
imagenet,resnet50,integrated_gradients,efficientnet_b0,black,75.0,0.132,0.247
imagenet,resnet50,integrated_gradients,efficientnet_b0,black,80.0,0.09,0.196
imagenet,resnet50,integrated_gradients,efficientnet_b0,black,85.0,0.054,0.131
imagenet,resnet50,integrated_gradients,efficientnet_b0,black,90.0,0.027,0.07
imagenet,resnet50,integrated_gradients,efficientnet_b0,black,95.0,0.005,0.019
imagenet,resnet50,integrated_gradients,efficientnet_b0,black,100.0,0.001,0.005
imagenet,resnet50,integrated_gradients,efficientnet_b0,blur,0.0,0.91991991991992,0.98998998998999
imagenet,resnet50,integrated_gradients,efficientnet_b0,blur,5.0,0.91,0.987
imagenet,resnet50,integrated_gradients,efficientnet_b0,blur,10.0,0.901,0.986
imagenet,resnet50,integrated_gradients,efficientnet_b0,blur,15.0,0.88,0.983
imagenet,resnet50,integrated_gradients,efficientnet_b0,blur,20.0,0.866,0.976
imagenet,resnet50,integrated_gradients,efficientnet_b0,blur,25.0,0.86,0.964
imagenet,resnet50,integrated_gradients,efficientnet_b0,blur,30.0,0.823,0.959
imagenet,resnet50,integrated_gradients,efficientnet_b0,blur,35.0,0.803,0.947
imagenet,resnet50,integrated_gradients,efficientnet_b0,blur,40.0,0.78,0.929
imagenet,resnet50,integrated_gradients,efficientnet_b0,blur,45.0,0.754,0.911
imagenet,resnet50,integrated_gradients,efficientnet_b0,blur,50.0,0.713,0.889
imagenet,resnet50,integrated_gradients,efficientnet_b0,blur,55.0,0.658,0.844
imagenet,resnet50,integrated_gradients,efficientnet_b0,blur,60.0,0.601,0.801
imagenet,resnet50,integrated_gradients,efficientnet_b0,blur,65.0,0.539,0.733
imagenet,resnet50,integrated_gradients,efficientnet_b0,blur,70.0,0.487,0.673
imagenet,resnet50,integrated_gradients,efficientnet_b0,blur,75.0,0.427,0.607
imagenet,resnet50,integrated_gradients,efficientnet_b0,blur,80.0,0.359,0.528
imagenet,resnet50,integrated_gradients,efficientnet_b0,blur,85.0,0.266,0.449
imagenet,resnet50,integrated_gradients,efficientnet_b0,blur,90.0,0.19,0.328
imagenet,resnet50,integrated_gradients,efficientnet_b0,blur,95.0,0.124,0.244
imagenet,resnet50,integrated_gradients,efficientnet_b0,blur,100.0,0.163,0.31
imagenet,resnet50,integrated_gradients,efficientnet_b0,gray,0.0,0.91991991991992,0.98998998998999
imagenet,resnet50,integrated_gradients,efficientnet_b0,gray,5.0,0.884,0.981
imagenet,resnet50,integrated_gradients,efficientnet_b0,gray,10.0,0.858,0.968
imagenet,resnet50,integrated_gradients,efficientnet_b0,gray,15.0,0.832,0.95
imagenet,resnet50,integrated_gradients,efficientnet_b0,gray,20.0,0.802,0.938
imagenet,resnet50,integrated_gradients,efficientnet_b0,gray,25.0,0.769,0.929
imagenet,resnet50,integrated_gradients,efficientnet_b0,gray,30.0,0.74,0.905
imagenet,resnet50,integrated_gradients,efficientnet_b0,gray,35.0,0.696,0.882
imagenet,resnet50,integrated_gradients,efficientnet_b0,gray,40.0,0.669,0.856
imagenet,resnet50,integrated_gradients,efficientnet_b0,gray,45.0,0.633,0.824
imagenet,resnet50,integrated_gradients,efficientnet_b0,gray,50.0,0.587,0.791
imagenet,resnet50,integrated_gradients,efficientnet_b0,gray,55.0,0.559,0.751
imagenet,resnet50,integrated_gradients,efficientnet_b0,gray,60.0,0.521,0.707
imagenet,resnet50,integrated_gradients,efficientnet_b0,gray,65.0,0.45,0.664
imagenet,resnet50,integrated_gradients,efficientnet_b0,gray,70.0,0.398,0.6
imagenet,resnet50,integrated_gradients,efficientnet_b0,gray,75.0,0.331,0.525
imagenet,resnet50,integrated_gradients,efficientnet_b0,gray,80.0,0.264,0.445
imagenet,resnet50,integrated_gradients,efficientnet_b0,gray,85.0,0.198,0.339
imagenet,resnet50,integrated_gradients,efficientnet_b0,gray,90.0,0.128,0.214
imagenet,resnet50,integrated_gradients,efficientnet_b0,gray,95.0,0.044,0.102
imagenet,resnet50,integrated_gradients,efficientnet_b0,gray,100.0,0.001,0.005
imagenet,resnet50,integrated_gradients,efficientnet_b0,random_noise,0.0,0.91991991991992,0.98998998998999
imagenet,resnet50,integrated_gradients,efficientnet_b0,random_noise,5.0,0.891,0.984
imagenet,resnet50,integrated_gradients,efficientnet_b0,random_noise,10.0,0.87,0.968
imagenet,resnet50,integrated_gradients,efficientnet_b0,random_noise,15.0,0.837,0.95
imagenet,resnet50,integrated_gradients,efficientnet_b0,random_noise,20.0,0.818,0.936
imagenet,resnet50,integrated_gradients,efficientnet_b0,random_noise,25.0,0.774,0.926
imagenet,resnet50,integrated_gradients,efficientnet_b0,random_noise,30.0,0.74,0.906
imagenet,resnet50,integrated_gradients,efficientnet_b0,random_noise,35.0,0.703,0.884
imagenet,resnet50,integrated_gradients,efficientnet_b0,random_noise,40.0,0.661,0.863
imagenet,resnet50,integrated_gradients,efficientnet_b0,random_noise,45.0,0.617,0.819
imagenet,resnet50,integrated_gradients,efficientnet_b0,random_noise,50.0,0.573,0.773
imagenet,resnet50,integrated_gradients,efficientnet_b0,random_noise,55.0,0.527,0.73
imagenet,resnet50,integrated_gradients,efficientnet_b0,random_noise,60.0,0.456,0.674
imagenet,resnet50,integrated_gradients,efficientnet_b0,random_noise,65.0,0.399,0.622
imagenet,resnet50,integrated_gradients,efficientnet_b0,random_noise,70.0,0.34,0.541
imagenet,resnet50,integrated_gradients,efficientnet_b0,random_noise,75.0,0.272,0.459
imagenet,resnet50,integrated_gradients,efficientnet_b0,random_noise,80.0,0.209,0.369
imagenet,resnet50,integrated_gradients,efficientnet_b0,random_noise,85.0,0.146,0.254
imagenet,resnet50,integrated_gradients,efficientnet_b0,random_noise,90.0,0.084,0.161
imagenet,resnet50,integrated_gradients,efficientnet_b0,random_noise,95.0,0.029,0.062
imagenet,resnet50,integrated_gradients,efficientnet_b0,random_noise,100.0,0.001,0.006
imagenet,resnet50,integrated_gradients,vgg16,black,0.0,0.91991991991992,0.98998998998999
imagenet,resnet50,integrated_gradients,vgg16,black,5.0,0.843,0.965
imagenet,resnet50,integrated_gradients,vgg16,black,10.0,0.779,0.929
imagenet,resnet50,integrated_gradients,vgg16,black,15.0,0.712,0.868
imagenet,resnet50,integrated_gradients,vgg16,black,20.0,0.661,0.83
imagenet,resnet50,integrated_gradients,vgg16,black,25.0,0.59,0.784
imagenet,resnet50,integrated_gradients,vgg16,black,30.0,0.543,0.747
imagenet,resnet50,integrated_gradients,vgg16,black,35.0,0.483,0.688
imagenet,resnet50,integrated_gradients,vgg16,black,40.0,0.446,0.655
imagenet,resnet50,integrated_gradients,vgg16,black,45.0,0.4,0.597
imagenet,resnet50,integrated_gradients,vgg16,black,50.0,0.362,0.554
imagenet,resnet50,integrated_gradients,vgg16,black,55.0,0.315,0.496
imagenet,resnet50,integrated_gradients,vgg16,black,60.0,0.263,0.441
imagenet,resnet50,integrated_gradients,vgg16,black,65.0,0.241,0.391
imagenet,resnet50,integrated_gradients,vgg16,black,70.0,0.191,0.33
imagenet,resnet50,integrated_gradients,vgg16,black,75.0,0.132,0.27
imagenet,resnet50,integrated_gradients,vgg16,black,80.0,0.101,0.19
imagenet,resnet50,integrated_gradients,vgg16,black,85.0,0.064,0.144
imagenet,resnet50,integrated_gradients,vgg16,black,90.0,0.029,0.079
imagenet,resnet50,integrated_gradients,vgg16,black,95.0,0.006,0.025
imagenet,resnet50,integrated_gradients,vgg16,black,100.0,0.001,0.005
imagenet,resnet50,integrated_gradients,vgg16,blur,0.0,0.91991991991992,0.98998998998999
imagenet,resnet50,integrated_gradients,vgg16,blur,5.0,0.909,0.986
imagenet,resnet50,integrated_gradients,vgg16,blur,10.0,0.891,0.977
imagenet,resnet50,integrated_gradients,vgg16,blur,15.0,0.882,0.972
imagenet,resnet50,integrated_gradients,vgg16,blur,20.0,0.861,0.972
imagenet,resnet50,integrated_gradients,vgg16,blur,25.0,0.843,0.963
imagenet,resnet50,integrated_gradients,vgg16,blur,30.0,0.815,0.951
imagenet,resnet50,integrated_gradients,vgg16,blur,35.0,0.795,0.936
imagenet,resnet50,integrated_gradients,vgg16,blur,40.0,0.783,0.918
imagenet,resnet50,integrated_gradients,vgg16,blur,45.0,0.747,0.9
imagenet,resnet50,integrated_gradients,vgg16,blur,50.0,0.706,0.866
imagenet,resnet50,integrated_gradients,vgg16,blur,55.0,0.654,0.835
imagenet,resnet50,integrated_gradients,vgg16,blur,60.0,0.605,0.798
imagenet,resnet50,integrated_gradients,vgg16,blur,65.0,0.553,0.745
imagenet,resnet50,integrated_gradients,vgg16,blur,70.0,0.49,0.677
imagenet,resnet50,integrated_gradients,vgg16,blur,75.0,0.439,0.616
imagenet,resnet50,integrated_gradients,vgg16,blur,80.0,0.36,0.535
imagenet,resnet50,integrated_gradients,vgg16,blur,85.0,0.287,0.462
imagenet,resnet50,integrated_gradients,vgg16,blur,90.0,0.216,0.348
imagenet,resnet50,integrated_gradients,vgg16,blur,95.0,0.128,0.271
imagenet,resnet50,integrated_gradients,vgg16,blur,100.0,0.163,0.31
imagenet,resnet50,integrated_gradients,vgg16,gray,0.0,0.91991991991992,0.98998998998999
imagenet,resnet50,integrated_gradients,vgg16,gray,5.0,0.889,0.982
imagenet,resnet50,integrated_gradients,vgg16,gray,10.0,0.863,0.964
imagenet,resnet50,integrated_gradients,vgg16,gray,15.0,0.831,0.948
imagenet,resnet50,integrated_gradients,vgg16,gray,20.0,0.802,0.933
imagenet,resnet50,integrated_gradients,vgg16,gray,25.0,0.777,0.916
imagenet,resnet50,integrated_gradients,vgg16,gray,30.0,0.752,0.902
imagenet,resnet50,integrated_gradients,vgg16,gray,35.0,0.717,0.867
imagenet,resnet50,integrated_gradients,vgg16,gray,40.0,0.685,0.844
imagenet,resnet50,integrated_gradients,vgg16,gray,45.0,0.642,0.821
imagenet,resnet50,integrated_gradients,vgg16,gray,50.0,0.6,0.792
imagenet,resnet50,integrated_gradients,vgg16,gray,55.0,0.558,0.76
imagenet,resnet50,integrated_gradients,vgg16,gray,60.0,0.515,0.723
imagenet,resnet50,integrated_gradients,vgg16,gray,65.0,0.462,0.669
imagenet,resnet50,integrated_gradients,vgg16,gray,70.0,0.398,0.613
imagenet,resnet50,integrated_gradients,vgg16,gray,75.0,0.343,0.534
imagenet,resnet50,integrated_gradients,vgg16,gray,80.0,0.284,0.449
imagenet,resnet50,integrated_gradients,vgg16,gray,85.0,0.213,0.363
imagenet,resnet50,integrated_gradients,vgg16,gray,90.0,0.127,0.241
imagenet,resnet50,integrated_gradients,vgg16,gray,95.0,0.047,0.11
imagenet,resnet50,integrated_gradients,vgg16,gray,100.0,0.001,0.005
imagenet,resnet50,integrated_gradients,vgg16,random_noise,0.0,0.91991991991992,0.98998998998999
imagenet,resnet50,integrated_gradients,vgg16,random_noise,5.0,0.895,0.983
imagenet,resnet50,integrated_gradients,vgg16,random_noise,10.0,0.864,0.967
imagenet,resnet50,integrated_gradients,vgg16,random_noise,15.0,0.837,0.951
imagenet,resnet50,integrated_gradients,vgg16,random_noise,20.0,0.808,0.936
imagenet,resnet50,integrated_gradients,vgg16,random_noise,25.0,0.774,0.919
imagenet,resnet50,integrated_gradients,vgg16,random_noise,30.0,0.749,0.898
imagenet,resnet50,integrated_gradients,vgg16,random_noise,35.0,0.709,0.875
imagenet,resnet50,integrated_gradients,vgg16,random_noise,40.0,0.673,0.857
imagenet,resnet50,integrated_gradients,vgg16,random_noise,45.0,0.635,0.818
imagenet,resnet50,integrated_gradients,vgg16,random_noise,50.0,0.587,0.777
imagenet,resnet50,integrated_gradients,vgg16,random_noise,55.0,0.539,0.731
imagenet,resnet50,integrated_gradients,vgg16,random_noise,60.0,0.477,0.681
imagenet,resnet50,integrated_gradients,vgg16,random_noise,65.0,0.413,0.622
imagenet,resnet50,integrated_gradients,vgg16,random_noise,70.0,0.357,0.558
imagenet,resnet50,integrated_gradients,vgg16,random_noise,75.0,0.282,0.474
imagenet,resnet50,integrated_gradients,vgg16,random_noise,80.0,0.229,0.402
imagenet,resnet50,integrated_gradients,vgg16,random_noise,85.0,0.158,0.296
imagenet,resnet50,integrated_gradients,vgg16,random_noise,90.0,0.08,0.175
imagenet,resnet50,integrated_gradients,vgg16,random_noise,95.0,0.026,0.072
imagenet,resnet50,integrated_gradients,vgg16,random_noise,100.0,0.001,0.005
imagenet,resnet50,occlusion,efficientnet_b0,black,0.0,0.91991991991992,0.98998998998999
imagenet,resnet50,occlusion,efficientnet_b0,black,5.0,0.916,0.99
imagenet,resnet50,occlusion,efficientnet_b0,black,10.0,0.912,0.986
imagenet,resnet50,occlusion,efficientnet_b0,black,15.0,0.906,0.984
imagenet,resnet50,occlusion,efficientnet_b0,black,20.0,0.899,0.981
imagenet,resnet50,occlusion,efficientnet_b0,black,25.0,0.902,0.981
imagenet,resnet50,occlusion,efficientnet_b0,black,30.0,0.896,0.978
imagenet,resnet50,occlusion,efficientnet_b0,black,35.0,0.878,0.977
imagenet,resnet50,occlusion,efficientnet_b0,black,40.0,0.885,0.977
imagenet,resnet50,occlusion,efficientnet_b0,black,45.0,0.873,0.975
imagenet,resnet50,occlusion,efficientnet_b0,black,50.0,0.883,0.976
imagenet,resnet50,occlusion,efficientnet_b0,black,55.0,0.863,0.976
imagenet,resnet50,occlusion,efficientnet_b0,black,60.0,0.851,0.973
imagenet,resnet50,occlusion,efficientnet_b0,black,65.0,0.826,0.965
imagenet,resnet50,occlusion,efficientnet_b0,black,70.0,0.822,0.956
imagenet,resnet50,occlusion,efficientnet_b0,black,75.0,0.777,0.936
imagenet,resnet50,occlusion,efficientnet_b0,black,80.0,0.725,0.908
imagenet,resnet50,occlusion,efficientnet_b0,black,85.0,0.674,0.861
imagenet,resnet50,occlusion,efficientnet_b0,black,90.0,0.546,0.764
imagenet,resnet50,occlusion,efficientnet_b0,black,95.0,0.281,0.454
imagenet,resnet50,occlusion,efficientnet_b0,black,100.0,0.001,0.005
imagenet,resnet50,occlusion,efficientnet_b0,blur,0.0,0.91991991991992,0.98998998998999
imagenet,resnet50,occlusion,efficientnet_b0,blur,5.0,0.919,0.989
imagenet,resnet50,occlusion,efficientnet_b0,blur,10.0,0.92,0.987
imagenet,resnet50,occlusion,efficientnet_b0,blur,15.0,0.91,0.984
imagenet,resnet50,occlusion,efficientnet_b0,blur,20.0,0.903,0.982
imagenet,resnet50,occlusion,efficientnet_b0,blur,25.0,0.908,0.981
imagenet,resnet50,occlusion,efficientnet_b0,blur,30.0,0.898,0.981
imagenet,resnet50,occlusion,efficientnet_b0,blur,35.0,0.885,0.975
imagenet,resnet50,occlusion,efficientnet_b0,blur,40.0,0.873,0.968
imagenet,resnet50,occlusion,efficientnet_b0,blur,45.0,0.864,0.965
imagenet,resnet50,occlusion,efficientnet_b0,blur,50.0,0.856,0.964
imagenet,resnet50,occlusion,efficientnet_b0,blur,55.0,0.827,0.954
imagenet,resnet50,occlusion,efficientnet_b0,blur,60.0,0.805,0.942
imagenet,resnet50,occlusion,efficientnet_b0,blur,65.0,0.767,0.916
imagenet,resnet50,occlusion,efficientnet_b0,blur,70.0,0.735,0.896
imagenet,resnet50,occlusion,efficientnet_b0,blur,75.0,0.692,0.873
imagenet,resnet50,occlusion,efficientnet_b0,blur,80.0,0.633,0.826
imagenet,resnet50,occlusion,efficientnet_b0,blur,85.0,0.549,0.751
imagenet,resnet50,occlusion,efficientnet_b0,blur,90.0,0.441,0.682
imagenet,resnet50,occlusion,efficientnet_b0,blur,95.0,0.302,0.526
imagenet,resnet50,occlusion,efficientnet_b0,blur,100.0,0.163,0.31
imagenet,resnet50,occlusion,efficientnet_b0,gray,0.0,0.91991991991992,0.98998998998999
imagenet,resnet50,occlusion,efficientnet_b0,gray,5.0,0.918,0.988
imagenet,resnet50,occlusion,efficientnet_b0,gray,10.0,0.913,0.987
imagenet,resnet50,occlusion,efficientnet_b0,gray,15.0,0.903,0.986
imagenet,resnet50,occlusion,efficientnet_b0,gray,20.0,0.907,0.983
imagenet,resnet50,occlusion,efficientnet_b0,gray,25.0,0.901,0.984
imagenet,resnet50,occlusion,efficientnet_b0,gray,30.0,0.905,0.982
imagenet,resnet50,occlusion,efficientnet_b0,gray,35.0,0.899,0.982
imagenet,resnet50,occlusion,efficientnet_b0,gray,40.0,0.893,0.979
imagenet,resnet50,occlusion,efficientnet_b0,gray,45.0,0.89,0.978
imagenet,resnet50,occlusion,efficientnet_b0,gray,50.0,0.888,0.977
imagenet,resnet50,occlusion,efficientnet_b0,gray,55.0,0.883,0.975
imagenet,resnet50,occlusion,efficientnet_b0,gray,60.0,0.863,0.973
imagenet,resnet50,occlusion,efficientnet_b0,gray,65.0,0.84,0.964
imagenet,resnet50,occlusion,efficientnet_b0,gray,70.0,0.829,0.963
imagenet,resnet50,occlusion,efficientnet_b0,gray,75.0,0.795,0.945
imagenet,resnet50,occlusion,efficientnet_b0,gray,80.0,0.767,0.928
imagenet,resnet50,occlusion,efficientnet_b0,gray,85.0,0.734,0.901
imagenet,resnet50,occlusion,efficientnet_b0,gray,90.0,0.638,0.828
imagenet,resnet50,occlusion,efficientnet_b0,gray,95.0,0.414,0.639
imagenet,resnet50,occlusion,efficientnet_b0,gray,100.0,0.001,0.005
imagenet,resnet50,occlusion,efficientnet_b0,random_noise,0.0,0.91991991991992,0.98998998998999
imagenet,resnet50,occlusion,efficientnet_b0,random_noise,5.0,0.92,0.987
imagenet,resnet50,occlusion,efficientnet_b0,random_noise,10.0,0.912,0.986
imagenet,resnet50,occlusion,efficientnet_b0,random_noise,15.0,0.897,0.984
imagenet,resnet50,occlusion,efficientnet_b0,random_noise,20.0,0.903,0.981
imagenet,resnet50,occlusion,efficientnet_b0,random_noise,25.0,0.9,0.981
imagenet,resnet50,occlusion,efficientnet_b0,random_noise,30.0,0.884,0.981
imagenet,resnet50,occlusion,efficientnet_b0,random_noise,35.0,0.883,0.978
imagenet,resnet50,occlusion,efficientnet_b0,random_noise,40.0,0.867,0.972
imagenet,resnet50,occlusion,efficientnet_b0,random_noise,45.0,0.855,0.965
imagenet,resnet50,occlusion,efficientnet_b0,random_noise,50.0,0.84,0.966
imagenet,resnet50,occlusion,efficientnet_b0,random_noise,55.0,0.817,0.953
imagenet,resnet50,occlusion,efficientnet_b0,random_noise,60.0,0.786,0.934
imagenet,resnet50,occlusion,efficientnet_b0,random_noise,65.0,0.743,0.918
imagenet,resnet50,occlusion,efficientnet_b0,random_noise,70.0,0.688,0.887
imagenet,resnet50,occlusion,efficientnet_b0,random_noise,75.0,0.628,0.833
imagenet,resnet50,occlusion,efficientnet_b0,random_noise,80.0,0.561,0.759
imagenet,resnet50,occlusion,efficientnet_b0,random_noise,85.0,0.442,0.649
imagenet,resnet50,occlusion,efficientnet_b0,random_noise,90.0,0.279,0.464
imagenet,resnet50,occlusion,efficientnet_b0,random_noise,95.0,0.09,0.196
imagenet,resnet50,occlusion,efficientnet_b0,random_noise,100.0,0.001,0.005
imagenet,resnet50,occlusion,vgg16,black,0.0,0.91991991991992,0.98998998998999
imagenet,resnet50,occlusion,vgg16,black,5.0,0.918,0.987
imagenet,resnet50,occlusion,vgg16,black,10.0,0.913,0.986
imagenet,resnet50,occlusion,vgg16,black,15.0,0.91,0.983
imagenet,resnet50,occlusion,vgg16,black,20.0,0.905,0.98
imagenet,resnet50,occlusion,vgg16,black,25.0,0.905,0.981
imagenet,resnet50,occlusion,vgg16,black,30.0,0.906,0.982
imagenet,resnet50,occlusion,vgg16,black,35.0,0.888,0.981
imagenet,resnet50,occlusion,vgg16,black,40.0,0.887,0.979
imagenet,resnet50,occlusion,vgg16,black,45.0,0.887,0.976
imagenet,resnet50,occlusion,vgg16,black,50.0,0.872,0.977
imagenet,resnet50,occlusion,vgg16,black,55.0,0.856,0.967
imagenet,resnet50,occlusion,vgg16,black,60.0,0.851,0.963
imagenet,resnet50,occlusion,vgg16,black,65.0,0.842,0.957
imagenet,resnet50,occlusion,vgg16,black,70.0,0.829,0.944
imagenet,resnet50,occlusion,vgg16,black,75.0,0.8,0.929
imagenet,resnet50,occlusion,vgg16,black,80.0,0.775,0.911
imagenet,resnet50,occlusion,vgg16,black,85.0,0.714,0.872
imagenet,resnet50,occlusion,vgg16,black,90.0,0.618,0.792
imagenet,resnet50,occlusion,vgg16,black,95.0,0.346,0.554
imagenet,resnet50,occlusion,vgg16,black,100.0,0.001,0.005
imagenet,resnet50,occlusion,vgg16,blur,0.0,0.91991991991992,0.98998998998999
imagenet,resnet50,occlusion,vgg16,blur,5.0,0.917,0.987
imagenet,resnet50,occlusion,vgg16,blur,10.0,0.92,0.984
imagenet,resnet50,occlusion,vgg16,blur,15.0,0.915,0.984
imagenet,resnet50,occlusion,vgg16,blur,20.0,0.916,0.983
imagenet,resnet50,occlusion,vgg16,blur,25.0,0.911,0.982
imagenet,resnet50,occlusion,vgg16,blur,30.0,0.905,0.978
imagenet,resnet50,occlusion,vgg16,blur,35.0,0.89,0.977
imagenet,resnet50,occlusion,vgg16,blur,40.0,0.882,0.97
imagenet,resnet50,occlusion,vgg16,blur,45.0,0.868,0.972
imagenet,resnet50,occlusion,vgg16,blur,50.0,0.866,0.965
imagenet,resnet50,occlusion,vgg16,blur,55.0,0.836,0.952
imagenet,resnet50,occlusion,vgg16,blur,60.0,0.809,0.942
imagenet,resnet50,occlusion,vgg16,blur,65.0,0.782,0.935
imagenet,resnet50,occlusion,vgg16,blur,70.0,0.751,0.913
imagenet,resnet50,occlusion,vgg16,blur,75.0,0.719,0.887
imagenet,resnet50,occlusion,vgg16,blur,80.0,0.691,0.848
imagenet,resnet50,occlusion,vgg16,blur,85.0,0.632,0.809
imagenet,resnet50,occlusion,vgg16,blur,90.0,0.54,0.732
imagenet,resnet50,occlusion,vgg16,blur,95.0,0.409,0.59
imagenet,resnet50,occlusion,vgg16,blur,100.0,0.163,0.31
imagenet,resnet50,occlusion,vgg16,gray,0.0,0.91991991991992,0.98998998998999
imagenet,resnet50,occlusion,vgg16,gray,5.0,0.922,0.99
imagenet,resnet50,occlusion,vgg16,gray,10.0,0.918,0.987
imagenet,resnet50,occlusion,vgg16,gray,15.0,0.913,0.983
imagenet,resnet50,occlusion,vgg16,gray,20.0,0.912,0.984
imagenet,resnet50,occlusion,vgg16,gray,25.0,0.908,0.98
imagenet,resnet50,occlusion,vgg16,gray,30.0,0.907,0.981
imagenet,resnet50,occlusion,vgg16,gray,35.0,0.899,0.984
imagenet,resnet50,occlusion,vgg16,gray,40.0,0.899,0.98
imagenet,resnet50,occlusion,vgg16,gray,45.0,0.888,0.982
imagenet,resnet50,occlusion,vgg16,gray,50.0,0.887,0.979
imagenet,resnet50,occlusion,vgg16,gray,55.0,0.879,0.974
imagenet,resnet50,occlusion,vgg16,gray,60.0,0.871,0.969
imagenet,resnet50,occlusion,vgg16,gray,65.0,0.857,0.966
imagenet,resnet50,occlusion,vgg16,gray,70.0,0.844,0.956
imagenet,resnet50,occlusion,vgg16,gray,75.0,0.832,0.952
imagenet,resnet50,occlusion,vgg16,gray,80.0,0.808,0.941
imagenet,resnet50,occlusion,vgg16,gray,85.0,0.768,0.91
imagenet,resnet50,occlusion,vgg16,gray,90.0,0.687,0.861
imagenet,resnet50,occlusion,vgg16,gray,95.0,0.476,0.69
imagenet,resnet50,occlusion,vgg16,gray,100.0,0.001,0.005
imagenet,resnet50,occlusion,vgg16,random_noise,0.0,0.91991991991992,0.98998998998999
imagenet,resnet50,occlusion,vgg16,random_noise,5.0,0.917,0.989
imagenet,resnet50,occlusion,vgg16,random_noise,10.0,0.919,0.984
imagenet,resnet50,occlusion,vgg16,random_noise,15.0,0.902,0.984
imagenet,resnet50,occlusion,vgg16,random_noise,20.0,0.907,0.981
imagenet,resnet50,occlusion,vgg16,random_noise,25.0,0.904,0.979
imagenet,resnet50,occlusion,vgg16,random_noise,30.0,0.889,0.978
imagenet,resnet50,occlusion,vgg16,random_noise,35.0,0.883,0.974
imagenet,resnet50,occlusion,vgg16,random_noise,40.0,0.872,0.974
imagenet,resnet50,occlusion,vgg16,random_noise,45.0,0.865,0.972
imagenet,resnet50,occlusion,vgg16,random_noise,50.0,0.847,0.961
imagenet,resnet50,occlusion,vgg16,random_noise,55.0,0.829,0.956
imagenet,resnet50,occlusion,vgg16,random_noise,60.0,0.805,0.937
imagenet,resnet50,occlusion,vgg16,random_noise,65.0,0.783,0.916
imagenet,resnet50,occlusion,vgg16,random_noise,70.0,0.751,0.898
imagenet,resnet50,occlusion,vgg16,random_noise,75.0,0.685,0.868
imagenet,resnet50,occlusion,vgg16,random_noise,80.0,0.61,0.809
imagenet,resnet50,occlusion,vgg16,random_noise,85.0,0.51,0.732
imagenet,resnet50,occlusion,vgg16,random_noise,90.0,0.359,0.589
imagenet,resnet50,occlusion,vgg16,random_noise,95.0,0.155,0.29
imagenet,resnet50,occlusion,vgg16,random_noise,100.0,0.001,0.005
imagenet,resnet50,random_baseline,efficientnet_b0,blur,0.0,0.91991991991992,0.98998998998999
imagenet,resnet50,random_baseline,efficientnet_b0,blur,5.0,0.867,0.981
imagenet,resnet50,random_baseline,efficientnet_b0,blur,10.0,0.827,0.959
imagenet,resnet50,random_baseline,efficientnet_b0,blur,15.0,0.787,0.939
imagenet,resnet50,random_baseline,efficientnet_b0,blur,20.0,0.752,0.916
imagenet,resnet50,random_baseline,efficientnet_b0,blur,25.0,0.694,0.882
imagenet,resnet50,random_baseline,efficientnet_b0,blur,30.0,0.613,0.84
imagenet,resnet50,random_baseline,efficientnet_b0,blur,35.0,0.547,0.791
imagenet,resnet50,random_baseline,efficientnet_b0,blur,40.0,0.484,0.712
imagenet,resnet50,random_baseline,efficientnet_b0,blur,45.0,0.413,0.646
imagenet,resnet50,random_baseline,efficientnet_b0,blur,50.0,0.332,0.561
imagenet,resnet50,random_baseline,efficientnet_b0,blur,55.0,0.252,0.457
imagenet,resnet50,random_baseline,efficientnet_b0,blur,60.0,0.183,0.368
imagenet,resnet50,random_baseline,efficientnet_b0,blur,65.0,0.123,0.275
imagenet,resnet50,random_baseline,efficientnet_b0,blur,70.0,0.082,0.191
imagenet,resnet50,random_baseline,efficientnet_b0,blur,75.0,0.057,0.137
imagenet,resnet50,random_baseline,efficientnet_b0,blur,80.0,0.043,0.096
imagenet,resnet50,random_baseline,efficientnet_b0,blur,85.0,0.033,0.081
imagenet,resnet50,random_baseline,efficientnet_b0,blur,90.0,0.028,0.057
imagenet,resnet50,random_baseline,efficientnet_b0,blur,95.0,0.026,0.058
imagenet,resnet50,random_baseline,efficientnet_b0,blur,100.0,0.163,0.31
imagenet,resnet50,random_baseline,efficientnet_b0,gray,0.0,0.91991991991992,0.98998998998999
imagenet,resnet50,random_baseline,efficientnet_b0,gray,5.0,0.754,0.904
imagenet,resnet50,random_baseline,efficientnet_b0,gray,10.0,0.672,0.862
imagenet,resnet50,random_baseline,efficientnet_b0,gray,15.0,0.597,0.807
imagenet,resnet50,random_baseline,efficientnet_b0,gray,20.0,0.522,0.751
imagenet,resnet50,random_baseline,efficientnet_b0,gray,25.0,0.448,0.695
imagenet,resnet50,random_baseline,efficientnet_b0,gray,30.0,0.378,0.635
imagenet,resnet50,random_baseline,efficientnet_b0,gray,35.0,0.309,0.569
imagenet,resnet50,random_baseline,efficientnet_b0,gray,40.0,0.265,0.498
imagenet,resnet50,random_baseline,efficientnet_b0,gray,45.0,0.226,0.438
imagenet,resnet50,random_baseline,efficientnet_b0,gray,50.0,0.181,0.365
imagenet,resnet50,random_baseline,efficientnet_b0,gray,55.0,0.139,0.289
imagenet,resnet50,random_baseline,efficientnet_b0,gray,60.0,0.102,0.243
imagenet,resnet50,random_baseline,efficientnet_b0,gray,65.0,0.066,0.189
imagenet,resnet50,random_baseline,efficientnet_b0,gray,70.0,0.047,0.138
imagenet,resnet50,random_baseline,efficientnet_b0,gray,75.0,0.026,0.086
imagenet,resnet50,random_baseline,efficientnet_b0,gray,80.0,0.014,0.056
imagenet,resnet50,random_baseline,efficientnet_b0,gray,85.0,0.009,0.021
imagenet,resnet50,random_baseline,efficientnet_b0,gray,90.0,0.004,0.018
imagenet,resnet50,random_baseline,efficientnet_b0,gray,95.0,0.002,0.008
imagenet,resnet50,random_baseline,efficientnet_b0,gray,100.0,0.001,0.005
imagenet,resnet50,random_baseline,efficientnet_b0,random_noise,0.0,0.91991991991992,0.98998998998999
imagenet,resnet50,random_baseline,efficientnet_b0,random_noise,5.0,0.745,0.914
imagenet,resnet50,random_baseline,efficientnet_b0,random_noise,10.0,0.675,0.871
imagenet,resnet50,random_baseline,efficientnet_b0,random_noise,15.0,0.61,0.816
imagenet,resnet50,random_baseline,efficientnet_b0,random_noise,20.0,0.526,0.752
imagenet,resnet50,random_baseline,efficientnet_b0,random_noise,25.0,0.449,0.695
imagenet,resnet50,random_baseline,efficientnet_b0,random_noise,30.0,0.387,0.625
imagenet,resnet50,random_baseline,efficientnet_b0,random_noise,35.0,0.325,0.551
imagenet,resnet50,random_baseline,efficientnet_b0,random_noise,40.0,0.259,0.479
imagenet,resnet50,random_baseline,efficientnet_b0,random_noise,45.0,0.204,0.4
imagenet,resnet50,random_baseline,efficientnet_b0,random_noise,50.0,0.161,0.324
imagenet,resnet50,random_baseline,efficientnet_b0,random_noise,55.0,0.116,0.247
imagenet,resnet50,random_baseline,efficientnet_b0,random_noise,60.0,0.068,0.175
imagenet,resnet50,random_baseline,efficientnet_b0,random_noise,65.0,0.044,0.125
imagenet,resnet50,random_baseline,efficientnet_b0,random_noise,70.0,0.026,0.077
imagenet,resnet50,random_baseline,efficientnet_b0,random_noise,75.0,0.011,0.045
imagenet,resnet50,random_baseline,efficientnet_b0,random_noise,80.0,0.007,0.024
imagenet,resnet50,random_baseline,efficientnet_b0,random_noise,85.0,0.005,0.014
imagenet,resnet50,random_baseline,efficientnet_b0,random_noise,90.0,0.004,0.01
imagenet,resnet50,random_baseline,efficientnet_b0,random_noise,95.0,0.001,0.008
imagenet,resnet50,random_baseline,efficientnet_b0,random_noise,100.0,0.001,0.006
imagenet,resnet50,random_baseline,vgg16,blur,0.0,0.91991991991992,0.98998998998999
imagenet,resnet50,random_baseline,vgg16,blur,5.0,0.882,0.975
imagenet,resnet50,random_baseline,vgg16,blur,10.0,0.829,0.958
imagenet,resnet50,random_baseline,vgg16,blur,15.0,0.784,0.939
imagenet,resnet50,random_baseline,vgg16,blur,20.0,0.74,0.909
imagenet,resnet50,random_baseline,vgg16,blur,25.0,0.698,0.884
imagenet,resnet50,random_baseline,vgg16,blur,30.0,0.634,0.832
imagenet,resnet50,random_baseline,vgg16,blur,35.0,0.547,0.786
imagenet,resnet50,random_baseline,vgg16,blur,40.0,0.479,0.711
imagenet,resnet50,random_baseline,vgg16,blur,45.0,0.399,0.639
imagenet,resnet50,random_baseline,vgg16,blur,50.0,0.328,0.567
imagenet,resnet50,random_baseline,vgg16,blur,55.0,0.256,0.467
imagenet,resnet50,random_baseline,vgg16,blur,60.0,0.181,0.366
imagenet,resnet50,random_baseline,vgg16,blur,65.0,0.129,0.278
imagenet,resnet50,random_baseline,vgg16,blur,70.0,0.088,0.195
imagenet,resnet50,random_baseline,vgg16,blur,75.0,0.061,0.139
imagenet,resnet50,random_baseline,vgg16,blur,80.0,0.042,0.099
imagenet,resnet50,random_baseline,vgg16,blur,85.0,0.037,0.078
imagenet,resnet50,random_baseline,vgg16,blur,90.0,0.027,0.064
imagenet,resnet50,random_baseline,vgg16,blur,95.0,0.021,0.056
imagenet,resnet50,random_baseline,vgg16,blur,100.0,0.163,0.31
imagenet,resnet50,random_baseline,vgg16,gray,0.0,0.91991991991992,0.98998998998999
imagenet,resnet50,random_baseline,vgg16,gray,5.0,0.747,0.904
imagenet,resnet50,random_baseline,vgg16,gray,10.0,0.661,0.852
imagenet,resnet50,random_baseline,vgg16,gray,15.0,0.601,0.799
imagenet,resnet50,random_baseline,vgg16,gray,20.0,0.523,0.751
imagenet,resnet50,random_baseline,vgg16,gray,25.0,0.46,0.694
imagenet,resnet50,random_baseline,vgg16,gray,30.0,0.386,0.644
imagenet,resnet50,random_baseline,vgg16,gray,35.0,0.324,0.556
imagenet,resnet50,random_baseline,vgg16,gray,40.0,0.282,0.492
imagenet,resnet50,random_baseline,vgg16,gray,45.0,0.227,0.434
imagenet,resnet50,random_baseline,vgg16,gray,50.0,0.182,0.353
imagenet,resnet50,random_baseline,vgg16,gray,55.0,0.142,0.301
imagenet,resnet50,random_baseline,vgg16,gray,60.0,0.1,0.242
imagenet,resnet50,random_baseline,vgg16,gray,65.0,0.077,0.19
imagenet,resnet50,random_baseline,vgg16,gray,70.0,0.051,0.135
imagenet,resnet50,random_baseline,vgg16,gray,75.0,0.026,0.094
imagenet,resnet50,random_baseline,vgg16,gray,80.0,0.013,0.06
imagenet,resnet50,random_baseline,vgg16,gray,85.0,0.007,0.031
imagenet,resnet50,random_baseline,vgg16,gray,90.0,0.003,0.014
imagenet,resnet50,random_baseline,vgg16,gray,95.0,0.001,0.006
imagenet,resnet50,random_baseline,vgg16,gray,100.0,0.001,0.005
imagenet,resnet50,random_baseline,vgg16,random_noise,0.0,0.91991991991992,0.98998998998999
imagenet,resnet50,random_baseline,vgg16,random_noise,5.0,0.742,0.91
imagenet,resnet50,random_baseline,vgg16,random_noise,10.0,0.667,0.866
imagenet,resnet50,random_baseline,vgg16,random_noise,15.0,0.611,0.802
imagenet,resnet50,random_baseline,vgg16,random_noise,20.0,0.541,0.746
imagenet,resnet50,random_baseline,vgg16,random_noise,25.0,0.468,0.684
imagenet,resnet50,random_baseline,vgg16,random_noise,30.0,0.393,0.644
imagenet,resnet50,random_baseline,vgg16,random_noise,35.0,0.339,0.557
imagenet,resnet50,random_baseline,vgg16,random_noise,40.0,0.255,0.479
imagenet,resnet50,random_baseline,vgg16,random_noise,45.0,0.2,0.403
imagenet,resnet50,random_baseline,vgg16,random_noise,50.0,0.153,0.328
imagenet,resnet50,random_baseline,vgg16,random_noise,55.0,0.12,0.256
imagenet,resnet50,random_baseline,vgg16,random_noise,60.0,0.073,0.196
imagenet,resnet50,random_baseline,vgg16,random_noise,65.0,0.045,0.124
imagenet,resnet50,random_baseline,vgg16,random_noise,70.0,0.027,0.074
imagenet,resnet50,random_baseline,vgg16,random_noise,75.0,0.009,0.046
imagenet,resnet50,random_baseline,vgg16,random_noise,80.0,0.006,0.026
imagenet,resnet50,random_baseline,vgg16,random_noise,85.0,0.005,0.012
imagenet,resnet50,random_baseline,vgg16,random_noise,90.0,0.004,0.008
imagenet,resnet50,random_baseline,vgg16,random_noise,95.0,0.001,0.005
imagenet,resnet50,random_baseline,vgg16,random_noise,100.0,0.001,0.005
imagenet,resnet50,saliency,efficientnet_b0,black,0.0,0.91991991991992,0.98998998998999
imagenet,resnet50,saliency,efficientnet_b0,black,5.0,0.85,0.959
imagenet,resnet50,saliency,efficientnet_b0,black,10.0,0.753,0.913
imagenet,resnet50,saliency,efficientnet_b0,black,15.0,0.692,0.847
imagenet,resnet50,saliency,efficientnet_b0,black,20.0,0.623,0.796
imagenet,resnet50,saliency,efficientnet_b0,black,25.0,0.563,0.736
imagenet,resnet50,saliency,efficientnet_b0,black,30.0,0.48,0.668
imagenet,resnet50,saliency,efficientnet_b0,black,35.0,0.432,0.625
imagenet,resnet50,saliency,efficientnet_b0,black,40.0,0.369,0.557
imagenet,resnet50,saliency,efficientnet_b0,black,45.0,0.329,0.5
imagenet,resnet50,saliency,efficientnet_b0,black,50.0,0.271,0.433
imagenet,resnet50,saliency,efficientnet_b0,black,55.0,0.229,0.385
imagenet,resnet50,saliency,efficientnet_b0,black,60.0,0.183,0.324
imagenet,resnet50,saliency,efficientnet_b0,black,65.0,0.145,0.251
imagenet,resnet50,saliency,efficientnet_b0,black,70.0,0.108,0.202
imagenet,resnet50,saliency,efficientnet_b0,black,75.0,0.079,0.148
imagenet,resnet50,saliency,efficientnet_b0,black,80.0,0.049,0.106
imagenet,resnet50,saliency,efficientnet_b0,black,85.0,0.028,0.056
imagenet,resnet50,saliency,efficientnet_b0,black,90.0,0.009,0.028
imagenet,resnet50,saliency,efficientnet_b0,black,95.0,0.004,0.011
imagenet,resnet50,saliency,efficientnet_b0,black,100.0,0.001,0.005
imagenet,resnet50,saliency,efficientnet_b0,blur,0.0,0.91991991991992,0.98998998998999
imagenet,resnet50,saliency,efficientnet_b0,blur,5.0,0.91,0.985
imagenet,resnet50,saliency,efficientnet_b0,blur,10.0,0.894,0.981
imagenet,resnet50,saliency,efficientnet_b0,blur,15.0,0.869,0.975
imagenet,resnet50,saliency,efficientnet_b0,blur,20.0,0.852,0.965
imagenet,resnet50,saliency,efficientnet_b0,blur,25.0,0.819,0.949
imagenet,resnet50,saliency,efficientnet_b0,blur,30.0,0.793,0.938
imagenet,resnet50,saliency,efficientnet_b0,blur,35.0,0.747,0.904
imagenet,resnet50,saliency,efficientnet_b0,blur,40.0,0.713,0.867
imagenet,resnet50,saliency,efficientnet_b0,blur,45.0,0.662,0.833
imagenet,resnet50,saliency,efficientnet_b0,blur,50.0,0.63,0.804
imagenet,resnet50,saliency,efficientnet_b0,blur,55.0,0.571,0.75
imagenet,resnet50,saliency,efficientnet_b0,blur,60.0,0.503,0.693
imagenet,resnet50,saliency,efficientnet_b0,blur,65.0,0.453,0.626
imagenet,resnet50,saliency,efficientnet_b0,blur,70.0,0.387,0.565
imagenet,resnet50,saliency,efficientnet_b0,blur,75.0,0.326,0.486
imagenet,resnet50,saliency,efficientnet_b0,blur,80.0,0.256,0.417
imagenet,resnet50,saliency,efficientnet_b0,blur,85.0,0.205,0.34
imagenet,resnet50,saliency,efficientnet_b0,blur,90.0,0.157,0.273
imagenet,resnet50,saliency,efficientnet_b0,blur,95.0,0.11,0.225
imagenet,resnet50,saliency,efficientnet_b0,blur,100.0,0.163,0.31
imagenet,resnet50,saliency,efficientnet_b0,gray,0.0,0.91991991991992,0.98998998998999
imagenet,resnet50,saliency,efficientnet_b0,gray,5.0,0.874,0.97
imagenet,resnet50,saliency,efficientnet_b0,gray,10.0,0.823,0.95
imagenet,resnet50,saliency,efficientnet_b0,gray,15.0,0.784,0.924
imagenet,resnet50,saliency,efficientnet_b0,gray,20.0,0.751,0.884
imagenet,resnet50,saliency,efficientnet_b0,gray,25.0,0.697,0.86
imagenet,resnet50,saliency,efficientnet_b0,gray,30.0,0.643,0.819
imagenet,resnet50,saliency,efficientnet_b0,gray,35.0,0.587,0.787
imagenet,resnet50,saliency,efficientnet_b0,gray,40.0,0.535,0.731
imagenet,resnet50,saliency,efficientnet_b0,gray,45.0,0.48,0.684
imagenet,resnet50,saliency,efficientnet_b0,gray,50.0,0.449,0.639
imagenet,resnet50,saliency,efficientnet_b0,gray,55.0,0.396,0.588
imagenet,resnet50,saliency,efficientnet_b0,gray,60.0,0.345,0.533
imagenet,resnet50,saliency,efficientnet_b0,gray,65.0,0.292,0.465
imagenet,resnet50,saliency,efficientnet_b0,gray,70.0,0.251,0.414
imagenet,resnet50,saliency,efficientnet_b0,gray,75.0,0.198,0.342
imagenet,resnet50,saliency,efficientnet_b0,gray,80.0,0.164,0.285
imagenet,resnet50,saliency,efficientnet_b0,gray,85.0,0.11,0.201
imagenet,resnet50,saliency,efficientnet_b0,gray,90.0,0.06,0.124
imagenet,resnet50,saliency,efficientnet_b0,gray,95.0,0.016,0.038
imagenet,resnet50,saliency,efficientnet_b0,gray,100.0,0.001,0.005
imagenet,resnet50,saliency,efficientnet_b0,random_noise,0.0,0.91991991991992,0.98998998998999
imagenet,resnet50,saliency,efficientnet_b0,random_noise,5.0,0.878,0.973
imagenet,resnet50,saliency,efficientnet_b0,random_noise,10.0,0.827,0.952
imagenet,resnet50,saliency,efficientnet_b0,random_noise,15.0,0.793,0.924
imagenet,resnet50,saliency,efficientnet_b0,random_noise,20.0,0.751,0.895
imagenet,resnet50,saliency,efficientnet_b0,random_noise,25.0,0.697,0.864
imagenet,resnet50,saliency,efficientnet_b0,random_noise,30.0,0.642,0.83
imagenet,resnet50,saliency,efficientnet_b0,random_noise,35.0,0.599,0.791
imagenet,resnet50,saliency,efficientnet_b0,random_noise,40.0,0.545,0.736
imagenet,resnet50,saliency,efficientnet_b0,random_noise,45.0,0.489,0.677
imagenet,resnet50,saliency,efficientnet_b0,random_noise,50.0,0.425,0.635
imagenet,resnet50,saliency,efficientnet_b0,random_noise,55.0,0.376,0.589
imagenet,resnet50,saliency,efficientnet_b0,random_noise,60.0,0.322,0.503
imagenet,resnet50,saliency,efficientnet_b0,random_noise,65.0,0.277,0.444
imagenet,resnet50,saliency,efficientnet_b0,random_noise,70.0,0.229,0.372
imagenet,resnet50,saliency,efficientnet_b0,random_noise,75.0,0.179,0.308
imagenet,resnet50,saliency,efficientnet_b0,random_noise,80.0,0.134,0.237
imagenet,resnet50,saliency,efficientnet_b0,random_noise,85.0,0.074,0.165
imagenet,resnet50,saliency,efficientnet_b0,random_noise,90.0,0.037,0.088
imagenet,resnet50,saliency,efficientnet_b0,random_noise,95.0,0.007,0.025
imagenet,resnet50,saliency,efficientnet_b0,random_noise,100.0,0.001,0.005
imagenet,resnet50,saliency,vgg16,black,0.0,0.91991991991992,0.98998998998999
imagenet,resnet50,saliency,vgg16,black,5.0,0.854,0.958
imagenet,resnet50,saliency,vgg16,black,10.0,0.782,0.912
imagenet,resnet50,saliency,vgg16,black,15.0,0.731,0.862
imagenet,resnet50,saliency,vgg16,black,20.0,0.644,0.811
imagenet,resnet50,saliency,vgg16,black,25.0,0.585,0.754
imagenet,resnet50,saliency,vgg16,black,30.0,0.527,0.696
imagenet,resnet50,saliency,vgg16,black,35.0,0.466,0.638
imagenet,resnet50,saliency,vgg16,black,40.0,0.42,0.578
imagenet,resnet50,saliency,vgg16,black,45.0,0.379,0.542
imagenet,resnet50,saliency,vgg16,black,50.0,0.339,0.484
imagenet,resnet50,saliency,vgg16,black,55.0,0.297,0.438
imagenet,resnet50,saliency,vgg16,black,60.0,0.259,0.386
imagenet,resnet50,saliency,vgg16,black,65.0,0.216,0.322
imagenet,resnet50,saliency,vgg16,black,70.0,0.178,0.267
imagenet,resnet50,saliency,vgg16,black,75.0,0.149,0.219
imagenet,resnet50,saliency,vgg16,black,80.0,0.123,0.182
imagenet,resnet50,saliency,vgg16,black,85.0,0.105,0.142
imagenet,resnet50,saliency,vgg16,black,90.0,0.092,0.112
imagenet,resnet50,saliency,vgg16,black,95.0,0.085,0.096
imagenet,resnet50,saliency,vgg16,black,100.0,0.082,0.09
imagenet,resnet50,saliency,vgg16,blur,0.0,0.91991991991992,0.98998998998999
imagenet,resnet50,saliency,vgg16,blur,5.0,0.908,0.985
imagenet,resnet50,saliency,vgg16,blur,10.0,0.896,0.982
imagenet,resnet50,saliency,vgg16,blur,15.0,0.882,0.973
imagenet,resnet50,saliency,vgg16,blur,20.0,0.864,0.963
imagenet,resnet50,saliency,vgg16,blur,25.0,0.829,0.95
imagenet,resnet50,saliency,vgg16,blur,30.0,0.799,0.925
imagenet,resnet50,saliency,vgg16,blur,35.0,0.765,0.898
imagenet,resnet50,saliency,vgg16,blur,40.0,0.73,0.88
imagenet,resnet50,saliency,vgg16,blur,45.0,0.688,0.85
imagenet,resnet50,saliency,vgg16,blur,50.0,0.652,0.817
imagenet,resnet50,saliency,vgg16,blur,55.0,0.612,0.768
imagenet,resnet50,saliency,vgg16,blur,60.0,0.556,0.726
imagenet,resnet50,saliency,vgg16,blur,65.0,0.507,0.673
imagenet,resnet50,saliency,vgg16,blur,70.0,0.45,0.609
imagenet,resnet50,saliency,vgg16,blur,75.0,0.401,0.56
imagenet,resnet50,saliency,vgg16,blur,80.0,0.336,0.492
imagenet,resnet50,saliency,vgg16,blur,85.0,0.276,0.419
imagenet,resnet50,saliency,vgg16,blur,90.0,0.244,0.355
imagenet,resnet50,saliency,vgg16,blur,95.0,0.191,0.303
imagenet,resnet50,saliency,vgg16,blur,100.0,0.231,0.372
imagenet,resnet50,saliency,vgg16,gray,0.0,0.91991991991992,0.98998998998999
imagenet,resnet50,saliency,vgg16,gray,5.0,0.876,0.974
imagenet,resnet50,saliency,vgg16,gray,10.0,0.839,0.95
imagenet,resnet50,saliency,vgg16,gray,15.0,0.797,0.918
imagenet,resnet50,saliency,vgg16,gray,20.0,0.756,0.896
imagenet,resnet50,saliency,vgg16,gray,25.0,0.713,0.862
imagenet,resnet50,saliency,vgg16,gray,30.0,0.661,0.83
imagenet,resnet50,saliency,vgg16,gray,35.0,0.619,0.793
imagenet,resnet50,saliency,vgg16,gray,40.0,0.574,0.747
imagenet,resnet50,saliency,vgg16,gray,45.0,0.535,0.712
imagenet,resnet50,saliency,vgg16,gray,50.0,0.487,0.676
imagenet,resnet50,saliency,vgg16,gray,55.0,0.461,0.639
imagenet,resnet50,saliency,vgg16,gray,60.0,0.419,0.595
imagenet,resnet50,saliency,vgg16,gray,65.0,0.369,0.535
imagenet,resnet50,saliency,vgg16,gray,70.0,0.32,0.489
imagenet,resnet50,saliency,vgg16,gray,75.0,0.266,0.42
imagenet,resnet50,saliency,vgg16,gray,80.0,0.229,0.349
imagenet,resnet50,saliency,vgg16,gray,85.0,0.18,0.269
imagenet,resnet50,saliency,vgg16,gray,90.0,0.133,0.198
imagenet,resnet50,saliency,vgg16,gray,95.0,0.099,0.125
imagenet,resnet50,saliency,vgg16,gray,100.0,0.083,0.09
imagenet,resnet50,saliency,vgg16,random_noise,0.0,0.91991991991992,0.98998998998999
imagenet,resnet50,saliency,vgg16,random_noise,5.0,0.878,0.974
imagenet,resnet50,saliency,vgg16,random_noise,10.0,0.837,0.95
imagenet,resnet50,saliency,vgg16,random_noise,15.0,0.805,0.922
imagenet,resnet50,saliency,vgg16,random_noise,20.0,0.761,0.899
imagenet,resnet50,saliency,vgg16,random_noise,25.0,0.718,0.873
imagenet,resnet50,saliency,vgg16,random_noise,30.0,0.667,0.838
imagenet,resnet50,saliency,vgg16,random_noise,35.0,0.627,0.801
imagenet,resnet50,saliency,vgg16,random_noise,40.0,0.568,0.748
imagenet,resnet50,saliency,vgg16,random_noise,45.0,0.535,0.713
imagenet,resnet50,saliency,vgg16,random_noise,50.0,0.491,0.669
imagenet,resnet50,saliency,vgg16,random_noise,55.0,0.434,0.619
imagenet,resnet50,saliency,vgg16,random_noise,60.0,0.393,0.561
imagenet,resnet50,saliency,vgg16,random_noise,65.0,0.345,0.51
imagenet,resnet50,saliency,vgg16,random_noise,70.0,0.287,0.443
imagenet,resnet50,saliency,vgg16,random_noise,75.0,0.247,0.38
imagenet,resnet50,saliency,vgg16,random_noise,80.0,0.19,0.299
imagenet,resnet50,saliency,vgg16,random_noise,85.0,0.15,0.226
imagenet,resnet50,saliency,vgg16,random_noise,90.0,0.118,0.16
imagenet,resnet50,saliency,vgg16,random_noise,95.0,0.091,0.11
imagenet,resnet50,saliency,vgg16,random_noise,100.0,0.083,0.09
imagenet,resnet50,u2net,independent,black,0.0,0.91991991991992,0.98998998998999
imagenet,resnet50,u2net,independent,black,5.0,0.916,0.988
imagenet,resnet50,u2net,independent,black,10.0,0.916,0.987
imagenet,resnet50,u2net,independent,black,15.0,0.913,0.985
imagenet,resnet50,u2net,independent,black,20.0,0.907,0.983
imagenet,resnet50,u2net,independent,black,25.0,0.899,0.983
imagenet,resnet50,u2net,independent,black,30.0,0.902,0.979
imagenet,resnet50,u2net,independent,black,35.0,0.897,0.976
imagenet,resnet50,u2net,independent,black,40.0,0.892,0.975
imagenet,resnet50,u2net,independent,black,45.0,0.878,0.972
imagenet,resnet50,u2net,independent,black,50.0,0.861,0.964
imagenet,resnet50,u2net,independent,black,55.0,0.843,0.957
imagenet,resnet50,u2net,independent,black,60.0,0.828,0.945
imagenet,resnet50,u2net,independent,black,65.0,0.785,0.929
imagenet,resnet50,u2net,independent,black,70.0,0.761,0.906
imagenet,resnet50,u2net,independent,black,75.0,0.712,0.871
imagenet,resnet50,u2net,independent,black,80.0,0.632,0.804
imagenet,resnet50,u2net,independent,black,85.0,0.533,0.718
imagenet,resnet50,u2net,independent,black,90.0,0.364,0.561
imagenet,resnet50,u2net,independent,black,95.0,0.168,0.275
imagenet,resnet50,u2net,independent,black,100.0,0.001,0.005
imagenet,resnet50,u2net,independent,blur,0.0,0.91991991991992,0.98998998998999
imagenet,resnet50,u2net,independent,blur,5.0,0.92,0.989
imagenet,resnet50,u2net,independent,blur,10.0,0.919,0.988
imagenet,resnet50,u2net,independent,blur,15.0,0.919,0.988
imagenet,resnet50,u2net,independent,blur,20.0,0.916,0.986
imagenet,resnet50,u2net,independent,blur,25.0,0.913,0.985
imagenet,resnet50,u2net,independent,blur,30.0,0.905,0.983
imagenet,resnet50,u2net,independent,blur,35.0,0.903,0.981
imagenet,resnet50,u2net,independent,blur,40.0,0.889,0.98
imagenet,resnet50,u2net,independent,blur,45.0,0.882,0.976
imagenet,resnet50,u2net,independent,blur,50.0,0.871,0.968
imagenet,resnet50,u2net,independent,blur,55.0,0.858,0.959
imagenet,resnet50,u2net,independent,blur,60.0,0.838,0.949
imagenet,resnet50,u2net,independent,blur,65.0,0.799,0.937
imagenet,resnet50,u2net,independent,blur,70.0,0.765,0.913
imagenet,resnet50,u2net,independent,blur,75.0,0.718,0.87
imagenet,resnet50,u2net,independent,blur,80.0,0.659,0.83
imagenet,resnet50,u2net,independent,blur,85.0,0.563,0.742
imagenet,resnet50,u2net,independent,blur,90.0,0.417,0.6
imagenet,resnet50,u2net,independent,blur,95.0,0.243,0.437
imagenet,resnet50,u2net,independent,blur,100.0,0.163,0.31
imagenet,resnet50,u2net,independent,gray,0.0,0.91991991991992,0.98998998998999
imagenet,resnet50,u2net,independent,gray,5.0,0.918,0.988
imagenet,resnet50,u2net,independent,gray,10.0,0.918,0.988
imagenet,resnet50,u2net,independent,gray,15.0,0.911,0.988
imagenet,resnet50,u2net,independent,gray,20.0,0.91,0.983
imagenet,resnet50,u2net,independent,gray,25.0,0.909,0.982
imagenet,resnet50,u2net,independent,gray,30.0,0.898,0.98
imagenet,resnet50,u2net,independent,gray,35.0,0.896,0.977
imagenet,resnet50,u2net,independent,gray,40.0,0.888,0.98
imagenet,resnet50,u2net,independent,gray,45.0,0.873,0.977
imagenet,resnet50,u2net,independent,gray,50.0,0.862,0.964
imagenet,resnet50,u2net,independent,gray,55.0,0.843,0.955
imagenet,resnet50,u2net,independent,gray,60.0,0.824,0.944
imagenet,resnet50,u2net,independent,gray,65.0,0.789,0.928
imagenet,resnet50,u2net,independent,gray,70.0,0.758,0.907
imagenet,resnet50,u2net,independent,gray,75.0,0.696,0.86
imagenet,resnet50,u2net,independent,gray,80.0,0.624,0.799
imagenet,resnet50,u2net,independent,gray,85.0,0.523,0.725
imagenet,resnet50,u2net,independent,gray,90.0,0.371,0.552
imagenet,resnet50,u2net,independent,gray,95.0,0.163,0.279
imagenet,resnet50,u2net,independent,gray,100.0,0.001,0.005
imagenet,resnet50,u2net,independent,random_noise,0.0,0.91991991991992,0.98998998998999
imagenet,resnet50,u2net,independent,random_noise,5.0,0.919,0.988
imagenet,resnet50,u2net,independent,random_noise,10.0,0.913,0.986
imagenet,resnet50,u2net,independent,random_noise,15.0,0.913,0.986
imagenet,resnet50,u2net,independent,random_noise,20.0,0.902,0.982
imagenet,resnet50,u2net,independent,random_noise,25.0,0.889,0.98
imagenet,resnet50,u2net,independent,random_noise,30.0,0.891,0.977
imagenet,resnet50,u2net,independent,random_noise,35.0,0.88,0.971
imagenet,resnet50,u2net,independent,random_noise,40.0,0.863,0.967
imagenet,resnet50,u2net,independent,random_noise,45.0,0.847,0.961
imagenet,resnet50,u2net,independent,random_noise,50.0,0.829,0.945
imagenet,resnet50,u2net,independent,random_noise,55.0,0.816,0.937
imagenet,resnet50,u2net,independent,random_noise,60.0,0.784,0.915
imagenet,resnet50,u2net,independent,random_noise,65.0,0.741,0.893
imagenet,resnet50,u2net,independent,random_noise,70.0,0.706,0.85
imagenet,resnet50,u2net,independent,random_noise,75.0,0.639,0.799
imagenet,resnet50,u2net,independent,random_noise,80.0,0.543,0.726
imagenet,resnet50,u2net,independent,random_noise,85.0,0.4,0.606
imagenet,resnet50,u2net,independent,random_noise,90.0,0.258,0.399
imagenet,resnet50,u2net,independent,random_noise,95.0,0.092,0.178
imagenet,resnet50,u2net,independent,random_noise,100.0,0.001,0.005
imagenet,resnet50,u2net+dino,independent,black,0.0,0.91991991991992,0.98998998998999
imagenet,resnet50,u2net+dino,independent,black,5.0,0.915,0.987
imagenet,resnet50,u2net+dino,independent,black,10.0,0.921,0.986
imagenet,resnet50,u2net+dino,independent,black,15.0,0.915,0.984
imagenet,resnet50,u2net+dino,independent,black,20.0,0.906,0.985
imagenet,resnet50,u2net+dino,independent,black,25.0,0.898,0.982
imagenet,resnet50,u2net+dino,independent,black,30.0,0.902,0.983
imagenet,resnet50,u2net+dino,independent,black,35.0,0.892,0.981
imagenet,resnet50,u2net+dino,independent,black,40.0,0.886,0.976
imagenet,resnet50,u2net+dino,independent,black,45.0,0.875,0.977
imagenet,resnet50,u2net+dino,independent,black,50.0,0.859,0.976
imagenet,resnet50,u2net+dino,independent,black,55.0,0.849,0.961
imagenet,resnet50,u2net+dino,independent,black,60.0,0.826,0.957
imagenet,resnet50,u2net+dino,independent,black,65.0,0.791,0.941
imagenet,resnet50,u2net+dino,independent,black,70.0,0.765,0.913
imagenet,resnet50,u2net+dino,independent,black,75.0,0.712,0.881
imagenet,resnet50,u2net+dino,independent,black,80.0,0.66,0.836
imagenet,resnet50,u2net+dino,independent,black,85.0,0.559,0.762
imagenet,resnet50,u2net+dino,independent,black,90.0,0.41,0.613
imagenet,resnet50,u2net+dino,independent,black,95.0,0.214,0.358
imagenet,resnet50,u2net+dino,independent,black,100.0,0.001,0.005
imagenet,resnet50,u2net+dino,independent,blur,0.0,0.91991991991992,0.98998998998999
imagenet,resnet50,u2net+dino,independent,blur,5.0,0.921,0.989
imagenet,resnet50,u2net+dino,independent,blur,10.0,0.915,0.988
imagenet,resnet50,u2net+dino,independent,blur,15.0,0.915,0.987
imagenet,resnet50,u2net+dino,independent,blur,20.0,0.913,0.989
imagenet,resnet50,u2net+dino,independent,blur,25.0,0.908,0.987
imagenet,resnet50,u2net+dino,independent,blur,30.0,0.902,0.988
imagenet,resnet50,u2net+dino,independent,blur,35.0,0.904,0.983
imagenet,resnet50,u2net+dino,independent,blur,40.0,0.896,0.983
imagenet,resnet50,u2net+dino,independent,blur,45.0,0.89,0.978
imagenet,resnet50,u2net+dino,independent,blur,50.0,0.881,0.973
imagenet,resnet50,u2net+dino,independent,blur,55.0,0.863,0.966
imagenet,resnet50,u2net+dino,independent,blur,60.0,0.836,0.959
imagenet,resnet50,u2net+dino,independent,blur,65.0,0.813,0.944
imagenet,resnet50,u2net+dino,independent,blur,70.0,0.784,0.914
imagenet,resnet50,u2net+dino,independent,blur,75.0,0.74,0.89
imagenet,resnet50,u2net+dino,independent,blur,80.0,0.681,0.851
imagenet,resnet50,u2net+dino,independent,blur,85.0,0.587,0.785
imagenet,resnet50,u2net+dino,independent,blur,90.0,0.439,0.648
imagenet,resnet50,u2net+dino,independent,blur,95.0,0.26,0.428
imagenet,resnet50,u2net+dino,independent,blur,100.0,0.163,0.31
imagenet,resnet50,u2net+dino,independent,gray,0.0,0.91991991991992,0.98998998998999
imagenet,resnet50,u2net+dino,independent,gray,5.0,0.919,0.988
imagenet,resnet50,u2net+dino,independent,gray,10.0,0.909,0.986
imagenet,resnet50,u2net+dino,independent,gray,15.0,0.908,0.986
imagenet,resnet50,u2net+dino,independent,gray,20.0,0.903,0.986
imagenet,resnet50,u2net+dino,independent,gray,25.0,0.897,0.984
imagenet,resnet50,u2net+dino,independent,gray,30.0,0.892,0.982
imagenet,resnet50,u2net+dino,independent,gray,35.0,0.879,0.979
imagenet,resnet50,u2net+dino,independent,gray,40.0,0.875,0.977
imagenet,resnet50,u2net+dino,independent,gray,45.0,0.867,0.971
imagenet,resnet50,u2net+dino,independent,gray,50.0,0.846,0.965
imagenet,resnet50,u2net+dino,independent,gray,55.0,0.838,0.951
imagenet,resnet50,u2net+dino,independent,gray,60.0,0.819,0.947
imagenet,resnet50,u2net+dino,independent,gray,65.0,0.794,0.937
imagenet,resnet50,u2net+dino,independent,gray,70.0,0.748,0.915
imagenet,resnet50,u2net+dino,independent,gray,75.0,0.701,0.871
imagenet,resnet50,u2net+dino,independent,gray,80.0,0.629,0.819
imagenet,resnet50,u2net+dino,independent,gray,85.0,0.524,0.74
imagenet,resnet50,u2net+dino,independent,gray,90.0,0.39,0.574
imagenet,resnet50,u2net+dino,independent,gray,95.0,0.191,0.32
imagenet,resnet50,u2net+dino,independent,gray,100.0,0.001,0.005
imagenet,resnet50,u2net+dino,independent,random_noise,0.0,0.91991991991992,0.98998998998999
imagenet,resnet50,u2net+dino,independent,random_noise,5.0,0.922,0.985
imagenet,resnet50,u2net+dino,independent,random_noise,10.0,0.913,0.985
imagenet,resnet50,u2net+dino,independent,random_noise,15.0,0.905,0.986
imagenet,resnet50,u2net+dino,independent,random_noise,20.0,0.895,0.986
imagenet,resnet50,u2net+dino,independent,random_noise,25.0,0.879,0.983
imagenet,resnet50,u2net+dino,independent,random_noise,30.0,0.873,0.975
imagenet,resnet50,u2net+dino,independent,random_noise,35.0,0.861,0.971
imagenet,resnet50,u2net+dino,independent,random_noise,40.0,0.857,0.97
imagenet,resnet50,u2net+dino,independent,random_noise,45.0,0.848,0.968
imagenet,resnet50,u2net+dino,independent,random_noise,50.0,0.82,0.96
imagenet,resnet50,u2net+dino,independent,random_noise,55.0,0.788,0.941
imagenet,resnet50,u2net+dino,independent,random_noise,60.0,0.766,0.915
imagenet,resnet50,u2net+dino,independent,random_noise,65.0,0.727,0.887
imagenet,resnet50,u2net+dino,independent,random_noise,70.0,0.692,0.844
imagenet,resnet50,u2net+dino,independent,random_noise,75.0,0.629,0.799
imagenet,resnet50,u2net+dino,independent,random_noise,80.0,0.539,0.72
imagenet,resnet50,u2net+dino,independent,random_noise,85.0,0.405,0.601
imagenet,resnet50,u2net+dino,independent,random_noise,90.0,0.271,0.417
imagenet,resnet50,u2net+dino,independent,random_noise,95.0,0.098,0.191
imagenet,resnet50,u2net+dino,independent,random_noise,100.0,0.001,0.004
imagenet,resnet50,u2net+dino_320,independent,black,0.0,0.91991991991992,0.98998998998999
imagenet,resnet50,u2net+dino_320,independent,black,5.0,0.917,0.987
imagenet,resnet50,u2net+dino_320,independent,black,10.0,0.922,0.985
imagenet,resnet50,u2net+dino_320,independent,black,15.0,0.916,0.983
imagenet,resnet50,u2net+dino_320,independent,black,20.0,0.905,0.984
imagenet,resnet50,u2net+dino_320,independent,black,25.0,0.902,0.982
imagenet,resnet50,u2net+dino_320,independent,black,30.0,0.9,0.982
imagenet,resnet50,u2net+dino_320,independent,black,35.0,0.889,0.98
imagenet,resnet50,u2net+dino_320,independent,black,40.0,0.889,0.98
imagenet,resnet50,u2net+dino_320,independent,black,45.0,0.878,0.977
imagenet,resnet50,u2net+dino_320,independent,black,50.0,0.857,0.976
imagenet,resnet50,u2net+dino_320,independent,black,55.0,0.849,0.961
imagenet,resnet50,u2net+dino_320,independent,black,60.0,0.83,0.958
imagenet,resnet50,u2net+dino_320,independent,black,65.0,0.796,0.934
imagenet,resnet50,u2net+dino_320,independent,black,70.0,0.764,0.913
imagenet,resnet50,u2net+dino_320,independent,black,75.0,0.723,0.875
imagenet,resnet50,u2net+dino_320,independent,black,80.0,0.664,0.838
imagenet,resnet50,u2net+dino_320,independent,black,85.0,0.557,0.762
imagenet,resnet50,u2net+dino_320,independent,black,90.0,0.413,0.606
imagenet,resnet50,u2net+dino_320,independent,black,95.0,0.22,0.361
imagenet,resnet50,u2net+dino_320,independent,black,100.0,0.001,0.005
imagenet,resnet50,u2net+dino_320,independent,blur,0.0,0.91991991991992,0.98998998998999
imagenet,resnet50,u2net+dino_320,independent,blur,5.0,0.92,0.989
imagenet,resnet50,u2net+dino_320,independent,blur,10.0,0.915,0.988
imagenet,resnet50,u2net+dino_320,independent,blur,15.0,0.913,0.987
imagenet,resnet50,u2net+dino_320,independent,blur,20.0,0.912,0.987
imagenet,resnet50,u2net+dino_320,independent,blur,25.0,0.908,0.987
imagenet,resnet50,u2net+dino_320,independent,blur,30.0,0.903,0.986
imagenet,resnet50,u2net+dino_320,independent,blur,35.0,0.903,0.982
imagenet,resnet50,u2net+dino_320,independent,blur,40.0,0.892,0.983
imagenet,resnet50,u2net+dino_320,independent,blur,45.0,0.892,0.977
imagenet,resnet50,u2net+dino_320,independent,blur,50.0,0.882,0.973
imagenet,resnet50,u2net+dino_320,independent,blur,55.0,0.862,0.967
imagenet,resnet50,u2net+dino_320,independent,blur,60.0,0.84,0.963
imagenet,resnet50,u2net+dino_320,independent,blur,65.0,0.815,0.94
imagenet,resnet50,u2net+dino_320,independent,blur,70.0,0.784,0.915
imagenet,resnet50,u2net+dino_320,independent,blur,75.0,0.74,0.889
imagenet,resnet50,u2net+dino_320,independent,blur,80.0,0.676,0.849
imagenet,resnet50,u2net+dino_320,independent,blur,85.0,0.582,0.785
imagenet,resnet50,u2net+dino_320,independent,blur,90.0,0.435,0.648
imagenet,resnet50,u2net+dino_320,independent,blur,95.0,0.261,0.432
imagenet,resnet50,u2net+dino_320,independent,blur,100.0,0.163,0.31
imagenet,resnet50,u2net+dino_320,independent,gray,0.0,0.91991991991992,0.98998998998999
imagenet,resnet50,u2net+dino_320,independent,gray,5.0,0.923,0.987
imagenet,resnet50,u2net+dino_320,independent,gray,10.0,0.91,0.986
imagenet,resnet50,u2net+dino_320,independent,gray,15.0,0.905,0.987
imagenet,resnet50,u2net+dino_320,independent,gray,20.0,0.902,0.984
imagenet,resnet50,u2net+dino_320,independent,gray,25.0,0.9,0.985
imagenet,resnet50,u2net+dino_320,independent,gray,30.0,0.892,0.983
imagenet,resnet50,u2net+dino_320,independent,gray,35.0,0.877,0.978
imagenet,resnet50,u2net+dino_320,independent,gray,40.0,0.872,0.976
imagenet,resnet50,u2net+dino_320,independent,gray,45.0,0.863,0.972
imagenet,resnet50,u2net+dino_320,independent,gray,50.0,0.846,0.968
imagenet,resnet50,u2net+dino_320,independent,gray,55.0,0.834,0.953
imagenet,resnet50,u2net+dino_320,independent,gray,60.0,0.817,0.945
imagenet,resnet50,u2net+dino_320,independent,gray,65.0,0.793,0.934
imagenet,resnet50,u2net+dino_320,independent,gray,70.0,0.754,0.909
imagenet,resnet50,u2net+dino_320,independent,gray,75.0,0.703,0.864
imagenet,resnet50,u2net+dino_320,independent,gray,80.0,0.637,0.819
imagenet,resnet50,u2net+dino_320,independent,gray,85.0,0.526,0.737
imagenet,resnet50,u2net+dino_320,independent,gray,90.0,0.392,0.566
imagenet,resnet50,u2net+dino_320,independent,gray,95.0,0.182,0.321
imagenet,resnet50,u2net+dino_320,independent,gray,100.0,0.001,0.005
imagenet,resnet50,u2net+dino_320,independent,random_noise,0.0,0.91991991991992,0.98998998998999
imagenet,resnet50,u2net+dino_320,independent,random_noise,5.0,0.919,0.987
imagenet,resnet50,u2net+dino_320,independent,random_noise,10.0,0.912,0.985
imagenet,resnet50,u2net+dino_320,independent,random_noise,15.0,0.902,0.986
imagenet,resnet50,u2net+dino_320,independent,random_noise,20.0,0.892,0.982
imagenet,resnet50,u2net+dino_320,independent,random_noise,25.0,0.877,0.983
imagenet,resnet50,u2net+dino_320,independent,random_noise,30.0,0.874,0.976
imagenet,resnet50,u2net+dino_320,independent,random_noise,35.0,0.863,0.979
imagenet,resnet50,u2net+dino_320,independent,random_noise,40.0,0.858,0.969
imagenet,resnet50,u2net+dino_320,independent,random_noise,45.0,0.847,0.965
imagenet,resnet50,u2net+dino_320,independent,random_noise,50.0,0.818,0.957
imagenet,resnet50,u2net+dino_320,independent,random_noise,55.0,0.791,0.937
imagenet,resnet50,u2net+dino_320,independent,random_noise,60.0,0.768,0.913
imagenet,resnet50,u2net+dino_320,independent,random_noise,65.0,0.728,0.889
imagenet,resnet50,u2net+dino_320,independent,random_noise,70.0,0.684,0.841
imagenet,resnet50,u2net+dino_320,independent,random_noise,75.0,0.628,0.799
imagenet,resnet50,u2net+dino_320,independent,random_noise,80.0,0.542,0.718
imagenet,resnet50,u2net+dino_320,independent,random_noise,85.0,0.395,0.599
imagenet,resnet50,u2net+dino_320,independent,random_noise,90.0,0.269,0.422
imagenet,resnet50,u2net+dino_320,independent,random_noise,95.0,0.099,0.19
imagenet,resnet50,u2net+dino_320,independent,random_noise,100.0,0.001,0.004
imagenet,resnet50,xrai,efficientnet_b0,black,0.0,0.91991991991992,0.98998998998999
imagenet,resnet50,xrai,efficientnet_b0,black,5.0,0.915,0.986
imagenet,resnet50,xrai,efficientnet_b0,black,10.0,0.902,0.982
imagenet,resnet50,xrai,efficientnet_b0,black,15.0,0.888,0.978
imagenet,resnet50,xrai,efficientnet_b0,black,20.0,0.862,0.973
imagenet,resnet50,xrai,efficientnet_b0,black,25.0,0.851,0.961
imagenet,resnet50,xrai,efficientnet_b0,black,30.0,0.827,0.946
imagenet,resnet50,xrai,efficientnet_b0,black,35.0,0.793,0.934
imagenet,resnet50,xrai,efficientnet_b0,black,40.0,0.749,0.907
imagenet,resnet50,xrai,efficientnet_b0,black,45.0,0.708,0.872
imagenet,resnet50,xrai,efficientnet_b0,black,50.0,0.657,0.847
imagenet,resnet50,xrai,efficientnet_b0,black,55.0,0.594,0.786
imagenet,resnet50,xrai,efficientnet_b0,black,60.0,0.542,0.729
imagenet,resnet50,xrai,efficientnet_b0,black,65.0,0.5,0.68
imagenet,resnet50,xrai,efficientnet_b0,black,70.0,0.439,0.616
imagenet,resnet50,xrai,efficientnet_b0,black,75.0,0.368,0.54
imagenet,resnet50,xrai,efficientnet_b0,black,80.0,0.277,0.434
imagenet,resnet50,xrai,efficientnet_b0,black,85.0,0.191,0.312
imagenet,resnet50,xrai,efficientnet_b0,black,90.0,0.104,0.194
imagenet,resnet50,xrai,efficientnet_b0,black,95.0,0.027,0.068
imagenet,resnet50,xrai,efficientnet_b0,black,100.0,0.001,0.005
imagenet,resnet50,xrai,efficientnet_b0,blur,0.0,0.91991991991992,0.98998998998999
imagenet,resnet50,xrai,efficientnet_b0,blur,5.0,0.917,0.99
imagenet,resnet50,xrai,efficientnet_b0,blur,10.0,0.921,0.989
imagenet,resnet50,xrai,efficientnet_b0,blur,15.0,0.915,0.989
imagenet,resnet50,xrai,efficientnet_b0,blur,20.0,0.908,0.987
imagenet,resnet50,xrai,efficientnet_b0,blur,25.0,0.901,0.987
imagenet,resnet50,xrai,efficientnet_b0,blur,30.0,0.892,0.983
imagenet,resnet50,xrai,efficientnet_b0,blur,35.0,0.873,0.977
imagenet,resnet50,xrai,efficientnet_b0,blur,40.0,0.849,0.966
imagenet,resnet50,xrai,efficientnet_b0,blur,45.0,0.829,0.954
imagenet,resnet50,xrai,efficientnet_b0,blur,50.0,0.809,0.939
imagenet,resnet50,xrai,efficientnet_b0,blur,55.0,0.771,0.917
imagenet,resnet50,xrai,efficientnet_b0,blur,60.0,0.733,0.884
imagenet,resnet50,xrai,efficientnet_b0,blur,65.0,0.683,0.848
imagenet,resnet50,xrai,efficientnet_b0,blur,70.0,0.622,0.798
imagenet,resnet50,xrai,efficientnet_b0,blur,75.0,0.526,0.733
imagenet,resnet50,xrai,efficientnet_b0,blur,80.0,0.441,0.633
imagenet,resnet50,xrai,efficientnet_b0,blur,85.0,0.353,0.531
imagenet,resnet50,xrai,efficientnet_b0,blur,90.0,0.249,0.412
imagenet,resnet50,xrai,efficientnet_b0,blur,95.0,0.15,0.282
imagenet,resnet50,xrai,efficientnet_b0,blur,100.0,0.163,0.31
imagenet,resnet50,xrai,efficientnet_b0,gray,0.0,0.91991991991992,0.98998998998999
imagenet,resnet50,xrai,efficientnet_b0,gray,5.0,0.916,0.99
imagenet,resnet50,xrai,efficientnet_b0,gray,10.0,0.905,0.986
imagenet,resnet50,xrai,efficientnet_b0,gray,15.0,0.9,0.985
imagenet,resnet50,xrai,efficientnet_b0,gray,20.0,0.888,0.985
imagenet,resnet50,xrai,efficientnet_b0,gray,25.0,0.88,0.977
imagenet,resnet50,xrai,efficientnet_b0,gray,30.0,0.878,0.973
imagenet,resnet50,xrai,efficientnet_b0,gray,35.0,0.853,0.959
imagenet,resnet50,xrai,efficientnet_b0,gray,40.0,0.81,0.946
imagenet,resnet50,xrai,efficientnet_b0,gray,45.0,0.782,0.929
imagenet,resnet50,xrai,efficientnet_b0,gray,50.0,0.743,0.908
imagenet,resnet50,xrai,efficientnet_b0,gray,55.0,0.701,0.876
imagenet,resnet50,xrai,efficientnet_b0,gray,60.0,0.662,0.836
imagenet,resnet50,xrai,efficientnet_b0,gray,65.0,0.596,0.788
imagenet,resnet50,xrai,efficientnet_b0,gray,70.0,0.531,0.719
imagenet,resnet50,xrai,efficientnet_b0,gray,75.0,0.446,0.628
imagenet,resnet50,xrai,efficientnet_b0,gray,80.0,0.375,0.526
imagenet,resnet50,xrai,efficientnet_b0,gray,85.0,0.283,0.427
imagenet,resnet50,xrai,efficientnet_b0,gray,90.0,0.165,0.283
imagenet,resnet50,xrai,efficientnet_b0,gray,95.0,0.059,0.12
imagenet,resnet50,xrai,efficientnet_b0,gray,100.0,0.001,0.005
imagenet,resnet50,xrai,efficientnet_b0,random_noise,0.0,0.91991991991992,0.98998998998999
imagenet,resnet50,xrai,efficientnet_b0,random_noise,5.0,0.913,0.989
imagenet,resnet50,xrai,efficientnet_b0,random_noise,10.0,0.914,0.987
imagenet,resnet50,xrai,efficientnet_b0,random_noise,15.0,0.903,0.986
imagenet,resnet50,xrai,efficientnet_b0,random_noise,20.0,0.887,0.984
imagenet,resnet50,xrai,efficientnet_b0,random_noise,25.0,0.876,0.975
imagenet,resnet50,xrai,efficientnet_b0,random_noise,30.0,0.858,0.968
imagenet,resnet50,xrai,efficientnet_b0,random_noise,35.0,0.842,0.954
imagenet,resnet50,xrai,efficientnet_b0,random_noise,40.0,0.805,0.937
imagenet,resnet50,xrai,efficientnet_b0,random_noise,45.0,0.76,0.92
imagenet,resnet50,xrai,efficientnet_b0,random_noise,50.0,0.711,0.885
imagenet,resnet50,xrai,efficientnet_b0,random_noise,55.0,0.657,0.837
imagenet,resnet50,xrai,efficientnet_b0,random_noise,60.0,0.59,0.783
imagenet,resnet50,xrai,efficientnet_b0,random_noise,65.0,0.521,0.713
imagenet,resnet50,xrai,efficientnet_b0,random_noise,70.0,0.446,0.634
imagenet,resnet50,xrai,efficientnet_b0,random_noise,75.0,0.356,0.523
imagenet,resnet50,xrai,efficientnet_b0,random_noise,80.0,0.285,0.423
imagenet,resnet50,xrai,efficientnet_b0,random_noise,85.0,0.203,0.316
imagenet,resnet50,xrai,efficientnet_b0,random_noise,90.0,0.106,0.188
imagenet,resnet50,xrai,efficientnet_b0,random_noise,95.0,0.032,0.059
imagenet,resnet50,xrai,efficientnet_b0,random_noise,100.0,0.001,0.005
imagenet,resnet50,xrai,vgg16,black,0.0,0.91991991991992,0.98998998998999
imagenet,resnet50,xrai,vgg16,black,5.0,0.914,0.985
imagenet,resnet50,xrai,vgg16,black,10.0,0.9,0.98
imagenet,resnet50,xrai,vgg16,black,15.0,0.884,0.973
imagenet,resnet50,xrai,vgg16,black,20.0,0.861,0.968
imagenet,resnet50,xrai,vgg16,black,25.0,0.855,0.967
imagenet,resnet50,xrai,vgg16,black,30.0,0.827,0.949
imagenet,resnet50,xrai,vgg16,black,35.0,0.789,0.935
imagenet,resnet50,xrai,vgg16,black,40.0,0.753,0.912
imagenet,resnet50,xrai,vgg16,black,45.0,0.728,0.894
imagenet,resnet50,xrai,vgg16,black,50.0,0.675,0.848
imagenet,resnet50,xrai,vgg16,black,55.0,0.636,0.805
imagenet,resnet50,xrai,vgg16,black,60.0,0.573,0.764
imagenet,resnet50,xrai,vgg16,black,65.0,0.529,0.714
imagenet,resnet50,xrai,vgg16,black,70.0,0.45,0.641
imagenet,resnet50,xrai,vgg16,black,75.0,0.398,0.578
imagenet,resnet50,xrai,vgg16,black,80.0,0.306,0.468
imagenet,resnet50,xrai,vgg16,black,85.0,0.239,0.373
imagenet,resnet50,xrai,vgg16,black,90.0,0.135,0.245
imagenet,resnet50,xrai,vgg16,black,95.0,0.042,0.103
imagenet,resnet50,xrai,vgg16,black,100.0,0.001,0.005
imagenet,resnet50,xrai,vgg16,blur,0.0,0.91991991991992,0.98998998998999
imagenet,resnet50,xrai,vgg16,blur,5.0,0.921,0.989
imagenet,resnet50,xrai,vgg16,blur,10.0,0.917,0.988
imagenet,resnet50,xrai,vgg16,blur,15.0,0.916,0.988
imagenet,resnet50,xrai,vgg16,blur,20.0,0.914,0.984
imagenet,resnet50,xrai,vgg16,blur,25.0,0.897,0.983
imagenet,resnet50,xrai,vgg16,blur,30.0,0.889,0.982
imagenet,resnet50,xrai,vgg16,blur,35.0,0.874,0.971
imagenet,resnet50,xrai,vgg16,blur,40.0,0.859,0.962
imagenet,resnet50,xrai,vgg16,blur,45.0,0.838,0.955
imagenet,resnet50,xrai,vgg16,blur,50.0,0.814,0.939
imagenet,resnet50,xrai,vgg16,blur,55.0,0.769,0.909
imagenet,resnet50,xrai,vgg16,blur,60.0,0.73,0.884
imagenet,resnet50,xrai,vgg16,blur,65.0,0.683,0.85
imagenet,resnet50,xrai,vgg16,blur,70.0,0.632,0.804
imagenet,resnet50,xrai,vgg16,blur,75.0,0.557,0.749
imagenet,resnet50,xrai,vgg16,blur,80.0,0.482,0.669
imagenet,resnet50,xrai,vgg16,blur,85.0,0.385,0.57
imagenet,resnet50,xrai,vgg16,blur,90.0,0.279,0.452
imagenet,resnet50,xrai,vgg16,blur,95.0,0.162,0.311
imagenet,resnet50,xrai,vgg16,blur,100.0,0.163,0.31
imagenet,resnet50,xrai,vgg16,gray,0.0,0.91991991991992,0.98998998998999
imagenet,resnet50,xrai,vgg16,gray,5.0,0.913,0.988
imagenet,resnet50,xrai,vgg16,gray,10.0,0.908,0.987
imagenet,resnet50,xrai,vgg16,gray,15.0,0.905,0.986
imagenet,resnet50,xrai,vgg16,gray,20.0,0.898,0.978
imagenet,resnet50,xrai,vgg16,gray,25.0,0.884,0.977
imagenet,resnet50,xrai,vgg16,gray,30.0,0.865,0.968
imagenet,resnet50,xrai,vgg16,gray,35.0,0.855,0.956
imagenet,resnet50,xrai,vgg16,gray,40.0,0.828,0.947
imagenet,resnet50,xrai,vgg16,gray,45.0,0.797,0.929
imagenet,resnet50,xrai,vgg16,gray,50.0,0.767,0.899
imagenet,resnet50,xrai,vgg16,gray,55.0,0.723,0.881
imagenet,resnet50,xrai,vgg16,gray,60.0,0.666,0.845
imagenet,resnet50,xrai,vgg16,gray,65.0,0.596,0.781
imagenet,resnet50,xrai,vgg16,gray,70.0,0.553,0.731
imagenet,resnet50,xrai,vgg16,gray,75.0,0.487,0.659
imagenet,resnet50,xrai,vgg16,gray,80.0,0.389,0.58
imagenet,resnet50,xrai,vgg16,gray,85.0,0.319,0.464
imagenet,resnet50,xrai,vgg16,gray,90.0,0.193,0.319
imagenet,resnet50,xrai,vgg16,gray,95.0,0.077,0.139
imagenet,resnet50,xrai,vgg16,gray,100.0,0.001,0.005
imagenet,resnet50,xrai,vgg16,random_noise,0.0,0.91991991991992,0.98998998998999
imagenet,resnet50,xrai,vgg16,random_noise,5.0,0.915,0.988
imagenet,resnet50,xrai,vgg16,random_noise,10.0,0.91,0.985
imagenet,resnet50,xrai,vgg16,random_noise,15.0,0.908,0.983
imagenet,resnet50,xrai,vgg16,random_noise,20.0,0.897,0.981
imagenet,resnet50,xrai,vgg16,random_noise,25.0,0.884,0.976
imagenet,resnet50,xrai,vgg16,random_noise,30.0,0.867,0.969
imagenet,resnet50,xrai,vgg16,random_noise,35.0,0.838,0.948
imagenet,resnet50,xrai,vgg16,random_noise,40.0,0.814,0.93
imagenet,resnet50,xrai,vgg16,random_noise,45.0,0.767,0.916
imagenet,resnet50,xrai,vgg16,random_noise,50.0,0.722,0.892
imagenet,resnet50,xrai,vgg16,random_noise,55.0,0.651,0.838
imagenet,resnet50,xrai,vgg16,random_noise,60.0,0.595,0.791
imagenet,resnet50,xrai,vgg16,random_noise,65.0,0.517,0.729
imagenet,resnet50,xrai,vgg16,random_noise,70.0,0.457,0.645
imagenet,resnet50,xrai,vgg16,random_noise,75.0,0.395,0.552
imagenet,resnet50,xrai,vgg16,random_noise,80.0,0.308,0.458
imagenet,resnet50,xrai,vgg16,random_noise,85.0,0.225,0.335
imagenet,resnet50,xrai,vgg16,random_noise,90.0,0.118,0.202
imagenet,resnet50,xrai,vgg16,random_noise,95.0,0.038,0.077
imagenet,resnet50,xrai,vgg16,random_noise,100.0,0.001,0.005
